shipment_id,carrier,origin_port,destination_port,transport_mode,status,goods_category,currency,created_date,eta_date,transit_hours,distance_km,weight_kg,volume_m3,value_usd,freight_cost_usd,num_containers,num_stops,delay_hours,risk_score,weather_severity,port_congestion,temperature_c,priority_level,insurance_required
SHP-103577889,Kuehne_Nagel,Tokyo,Savannah,sea,On_Schedule,Consumer_Goods,EUR,2024-06-25,2024-07-07,302.7,11990.8,2545.5,4.99,99949.25,6451.92,23,0,0.0,0.5477,0.1965,0.2397,-18.1,2,False
SHP-104993933,CMA_CGM,Shanghai,Hamburg,sea,On_Schedule,Food_Beverage,SGD,2022-08-18,2022-08-23,137.5,13318.0,235549.5,336.24,23572.37,1598.23,1,2,0.0,0.0507,0.2309,0.2255,,2,True
SHP-104094901,Hapag-Lloyd,Tanjung_Pelepas,Houston,sea,On_Schedule,Raw_Materials,SGD,2023-07-23,2023-07-28,140.0,21511.2,1380.2,5.21,4955.53,154.3,1,0,0.0,0.7394,0.1631,0.6634,,2,True
SHP-104420498,Hapag-Lloyd,Singapore,Genoa,rail,On_Schedule,Automotive,SGD,2023-04-30,2023-05-08,194.0,2034.1,135.2,0.65,16962.75,1211.22,22,0,0.0,0.5743,0.2408,0.7115,,1,True
SHP-100634466,UPS,Shanghai,New_York,sea,On_Schedule,Perishables,EUR,2022-11-15,2022-11-25,249.5,5400.2,116276.6,167.58,12377.37,368.42,17,1,0.0,0.3524,0.3002,0.4974,,4,False
SHP-102801623,FedEx,Tokyo,Hamburg,sea,On_Schedule,Electronics,GBP,2022-07-01,2022-07-10,216.4,19205.0,4184.3,6.38,17517926.51,887126.56,14,2,0.0,0.3536,0.5178,0.4136,,1,False
SHP-103164756,MSC,Mumbai,Felixstowe,air,On_Schedule,Textiles,EUR,2022-02-21,2022-02-22,38.2,10236.2,8744.5,11.54,27011.35,879.54,20,5,0.0,0.0769,0.0841,0.3708,14.5,3,True
SHP-104162418,Kuehne_Nagel,Rotterdam,Los_Angeles,sea,In_Transit,Machinery,USD,2023-04-29,2023-05-20,507.1,8784.9,18190.9,43.92,10431.18,578.49,11,5,0.0,0.424,0.0206,0.2594,,2,False
SHP-100341964,MSC,Busan,Houston,sea,On_Schedule,Textiles,USD,2024-05-04,2024-05-14,250.2,16194.4,56.9,0.11,102760.38,5752.9,17,5,0.0,0.1645,0.2818,0.6703,,2,False
SHP-103080340,MSC,Singapore,Dubai,sea,At_Port,Machinery,CNY,2023-03-09,2023-03-24,363.2,1737.0,303.8,0.57,9539.48,284.0,18,2,0.0,0.2049,0.0093,0.3693,,2,False
SHP-102487960,DB_Schenker,Mundra,Le_Havre,sea,On_Schedule,Food_Beverage,CNY,2024-10-04,2024-10-22,432.1,18080.5,14597.3,24.36,454860.47,18864.84,3,1,0.0,0.5692,0.2995,0.1675,,4,False
SHP-101121407,Hapag-Lloyd,Felixstowe,Antwerp,sea,In_Transit,Perishables,SGD,2022-03-25,2022-04-16,534.2,12424.4,5585.6,9.97,51918.96,1136.08,3,3,0.0,0.3014,0.0643,0.525,,1,True
SHP-101624892,ZIM,Tokyo,Hamburg,sea,In_Transit,Textiles,GBP,2023-03-26,2023-04-16,509.3,9349.9,7717.8,12.15,49161.48,3030.37,1,1,0.0,0.1113,0.0935,0.65,,3,True
SHP-100478440,ONE,Dubai,Baltimore,rail,Critical_Delay,Machinery,CNY,2023-10-24,2023-10-27,72.6,5553.3,1105.3,1.98,330617.87,8277.14,4,2,34.3,0.1736,0.1774,0.6399,,1,False
SHP-101085149,Evergreen,Mumbai,Bremen,air,Delayed,Chemicals,CNY,2022-12-24,2022-12-26,64.3,6012.7,10731.4,35.65,11257.94,738.16,24,4,56.3,0.4503,0.1064,0.2275,,4,True
SHP-103220750,Yang_Ming,Melbourne,Genoa,sea,In_Transit,Raw_Materials,GBP,2024-12-25,2025-01-13,471.6,5621.7,731.1,2.24,15393.35,85.61,2,0,0.0,0.0926,0.0222,0.4439,,1,False
SHP-103448198,Hapag-Lloyd,Shanghai,Genoa,sea,Delayed,Machinery,SGD,2023-08-11,2023-08-18,186.5,6622.7,1825.3,5.58,849789.83,62054.34,19,2,2.9,0.2595,0.0722,0.2304,,3,False
SHP-101049035,DB_Schenker,Colombo,Savannah,rail,On_Schedule,Pharmaceuticals,SGD,2022-04-16,2022-04-24,203.7,4628.8,2316.5,3.61,90819.0,6848.79,4,2,0.0,0.2286,0.4774,0.3624,,2,True
SHP-104683229,DHL,Antwerp,Singapore,sea,On_Schedule,Food_Beverage,AED,2022-05-07,2022-05-29,541.2,17729.5,13002.0,19.58,3069853.27,76490.39,13,4,0.0,0.319,0.2815,0.3818,,3,True
SHP-103134664,Hapag-Lloyd,Shanghai,Baltimore,sea,At_Port,Consumer_Goods,GBP,2024-09-28,2024-10-03,135.6,21931.7,3420.9,5.37,1398887.22,109529.41,21,1,0.0,0.4074,0.298,0.2488,16.2,2,True
SHP-102262299,Hapag-Lloyd,Sydney,Le_Havre,air,At_Port,Electronics,AED,2023-07-01,2023-07-03,64.2,7757.0,325.9,0.43,411099.42,31397.12,6,0,0.0,0.2635,0.0995,0.3538,,1,True
SHP-103084681,Hapag-Lloyd,Mumbai,Piraeus,rail,On_Schedule,Textiles,AED,2024-03-03,2024-03-07,110.3,2282.4,7425.8,25.16,106424.52,1667.3,12,1,0.0,0.5122,0.1913,0.3722,,1,True
SHP-102936779,Hapag-Lloyd,Mumbai,Houston,sea,In_Transit,Food_Beverage,USD,2022-10-08,2022-11-01,591.2,12857.4,12421.0,15.9,1198145.33,9867.05,10,3,0.0,0.1271,0.3586,0.3786,,4,False
SHP-102023634,ONE,Chennai,Singapore,sea,On_Schedule,Machinery,EUR,2024-08-11,2024-08-27,398.7,18810.1,60444.0,76.78,31841.57,932.41,22,0,0.0,0.0963,0.319,0.3604,,1,False
SHP-102816497,Maersk,Busan,Valencia,rail,In_Transit,Food_Beverage,USD,2023-02-19,2023-02-27,204.7,1495.6,1370.6,3.22,340262.74,5358.08,11,1,0.0,0.0505,0.4311,0.3397,6.7,1,True
SHP-100644865,CMA_CGM,Shanghai,Piraeus,air,Delayed,Perishables,CNY,2024-07-06,2024-07-07,26.8,5102.8,13739.1,55.0,115668.08,3217.08,23,0,36.7,0.4076,0.1507,0.134,-0.6,4,True
SHP-104460780,ONE,Rotterdam,Rotterdam,sea,On_Schedule,Perishables,CNY,2022-08-26,2022-09-19,596.9,16348.9,8575.6,17.67,26945.2,774.66,20,0,0.0,0.3386,0.2762,0.4645,,2,True
SHP-102860156,Hapag-Lloyd,Shanghai,Savannah,air,At_Port,Perishables,SGD,2022-06-19,2022-06-20,44.0,2296.0,715.4,1.54,159225.02,4934.02,17,1,0.0,0.2014,0.1583,0.0688,,4,True
SHP-103225331,DB_Schenker,Guangzhou,Savannah,sea,On_Schedule,Machinery,CNY,2024-07-14,2024-07-30,402.2,2492.9,91949.6,157.15,63840.47,757.2,1,0,0.0,0.5216,0.1604,0.2571,,2,True
SHP-102020819,ONE,Sydney,Le_Havre,air,In_Transit,Automotive,AED,2024-10-16,2024-10-16,12.3,9206.3,2542.5,4.28,6341.99,210.68,10,4,0.0,0.2234,0.0442,0.5046,,4,False
SHP-103778470,COSCO,Shanghai,Savannah,sea,On_Schedule,Machinery,GBP,2022-04-02,2022-04-18,385.1,14140.2,4326.3,12.62,1368492.23,97833.71,12,4,0.0,0.3434,0.2154,0.3117,23.2,3,True
SHP-103193955,MSC,Shanghai,Los_Angeles,sea,Delivered,Textiles,SGD,2022-07-07,2022-07-17,251.7,16932.2,240.2,0.34,10445.34,356.81,12,4,6.7,0.4882,0.2703,0.1913,,4,False
SHP-101818063,CMA_CGM,Dubai,Valencia,sea,Customs_Hold,Automotive,AED,2024-09-30,2024-10-11,282.1,15516.7,16847.4,27.56,84223.6,6520.36,24,0,0.0,0.3455,0.5351,0.091,,1,True
SHP-100027624,ZIM,Hamburg,Valencia,sea,On_Schedule,Food_Beverage,AED,2022-09-16,2022-10-05,473.7,19233.4,893.2,1.34,1077333.03,39635.08,15,3,0.0,0.2884,0.4668,0.326,17.7,1,True
SHP-101993155,HMM,Mundra,Bremen,sea,On_Schedule,Raw_Materials,SGD,2023-08-01,2023-08-25,577.6,9656.8,2480.9,3.65,894066.61,25828.56,16,0,0.0,0.4464,0.0331,0.169,,1,False
SHP-102274415,ZIM,Sydney,Sydney,air,In_Transit,Textiles,USD,2023-05-10,2023-05-11,44.7,12459.3,1727.8,3.27,2130.84,43.52,23,4,0.0,0.0271,0.1599,0.467,,3,False
SHP-100443764,CMA_CGM,Shanghai,Piraeus,sea,Customs_Hold,Textiles,GBP,2023-11-12,2023-12-08,646.9,18824.1,1130.4,1.92,49936.05,498.9,10,3,0.0,0.0211,0.3039,0.144,,4,True
SHP-103314705,ONE,Rotterdam,Barcelona,air,In_Transit,Textiles,USD,2023-12-23,2023-12-23,20.4,6575.6,40930.8,119.94,2448511.84,38744.7,20,5,0.0,0.3993,0.2245,0.3286,,2,True
SHP-104619065,CMA_CGM,Port_Klang,Dubai,sea,Delayed,Perishables,CNY,2022-11-27,2022-12-20,554.6,9494.5,18600.0,60.15,60132.95,555.13,10,3,10.5,0.3407,0.138,0.4462,,1,True
SHP-104861917,CMA_CGM,Mundra,Baltimore,sea,On_Schedule,Pharmaceuticals,GBP,2024-02-14,2024-03-03,447.4,20553.5,4001.2,9.22,364582.16,26437.79,2,2,0.0,0.5115,0.0824,0.1734,12.7,4,False
SHP-100927177,Evergreen,Mundra,Savannah,sea,In_Transit,Chemicals,EUR,2022-03-23,2022-04-07,368.7,7427.0,35437.3,61.18,14447.98,163.24,19,0,0.0,0.5589,0.1092,0.1572,-14.2,4,False
SHP-103899996,MSC,Melbourne,Los_Angeles,air,Delayed,Chemicals,GBP,2023-06-25,2023-06-27,65.0,9846.7,1351.8,2.39,198084.35,2751.45,1,0,1.8,0.0796,0.0175,0.07,,2,False
SHP-102635653,Yang_Ming,Port_Klang,Los_Angeles,air,At_Port,Electronics,SGD,2022-03-26,2022-03-28,58.8,9467.0,43.6,0.06,687.36,26.59,9,5,0.0,0.2009,0.0836,0.1888,19.2,2,False
SHP-103087729,UPS,Singapore,Hamburg,air,At_Port,Chemicals,SGD,2024-03-11,2024-03-13,64.4,14466.7,72815.9,134.36,217491.75,6031.27,22,4,0.0,0.3477,0.169,0.4953,8.6,4,False
SHP-104168063,Maersk,Port_Klang,Savannah,sea,Delayed,Pharmaceuticals,CNY,2022-11-29,2022-12-26,660.5,7150.9,16894.2,32.93,241391.42,2980.31,18,2,8.4,0.3088,0.2517,0.4701,,2,False
SHP-101455762,CMA_CGM,Mumbai,Barcelona,sea,In_Transit,Machinery,AED,2022-08-24,2022-09-13,484.6,4244.6,2440.0,9.85,2080683.91,27842.16,8,3,0.0,0.4127,0.2119,0.4922,-17.6,1,True
SHP-103505719,UPS,Busan,Barcelona,road,Delayed,Consumer_Goods,CNY,2023-05-06,2023-05-08,59.5,1704.5,4406.9,9.3,11064.11,178.82,4,5,13.4,0.3011,0.0505,0.2056,,4,True
SHP-100781115,CMA_CGM,Sydney,Baltimore,air,On_Schedule,Pharmaceuticals,AED,2023-05-12,2023-05-14,66.8,6065.0,1878.5,2.38,266809.72,12519.72,4,5,0.0,0.0845,0.0131,0.3808,,3,True
SHP-101304420,DB_Schenker,Jebel_Ali,Los_Angeles,sea,Critical_Delay,Chemicals,SGD,2022-02-27,2022-03-19,499.8,21492.9,4529.4,6.54,277990.76,15226.32,11,2,29.8,0.137,0.2481,0.023,,3,True
SHP-101255212,DHL,Shanghai,Hamburg,air,Delayed,Electronics,EUR,2022-06-07,2022-06-08,33.4,2610.0,244.2,0.36,118260.41,7414.79,17,1,18.2,0.2361,0.1397,0.1764,,4,True
SHP-100984298,Yang_Ming,Antwerp,Rotterdam,sea,On_Schedule,Raw_Materials,AED,2023-05-26,2023-06-10,360.2,3113.9,21987.8,29.07,592080.52,31114.32,12,3,0.0,0.0896,0.2607,0.654,,4,True
SHP-100132066,FedEx,Chennai,Valencia,road,At_Port,Perishables,SGD,2023-12-04,2023-12-10,165.6,3088.0,2238.7,3.12,60867.08,3037.42,6,1,0.0,0.4202,0.0277,0.5461,,2,True
SHP-101132735,UPS,Ningbo,Singapore,rail,On_Schedule,Machinery,EUR,2022-07-04,2022-07-06,48.7,2354.2,10807.4,18.79,971838.68,41205.06,17,4,0.0,0.1218,0.1545,0.2538,-12.1,2,True
SHP-102809187,Maersk,Rotterdam,Miami,rail,Critical_Delay,Chemicals,GBP,2022-02-12,2022-02-20,192.2,3050.1,2355.2,3.56,8588.77,598.81,18,2,7.8,0.1655,0.1143,0.3143,,1,True
SHP-102162146,DB_Schenker,Singapore,Felixstowe,sea,Critical_Delay,Food_Beverage,EUR,2024-01-08,2024-01-28,497.7,5830.6,2679.8,3.41,9816.11,779.65,18,4,19.0,0.2804,0.0494,0.183,,1,True
SHP-100340681,UPS,Mundra,Piraeus,sea,On_Schedule,Electronics,SGD,2022-10-31,2022-11-13,312.4,21801.8,8092.5,17.66,32648.39,2468.69,14,0,0.0,0.1319,0.0639,0.4489,0.8,1,True
SHP-100254478,DHL,Antwerp,Sydney,rail,In_Transit,Textiles,USD,2022-10-21,2022-10-27,153.5,5694.2,1854.7,2.39,1614985.26,93705.24,19,5,0.0,0.1699,0.1777,0.162,,2,False
SHP-101405763,ZIM,Singapore,Houston,sea,Delivered,Machinery,GBP,2023-02-11,2023-03-06,558.6,20113.5,9678.7,13.7,18844.85,182.81,5,4,62.3,0.2538,0.2218,0.3309,,3,True
SHP-101575096,CMA_CGM,Mundra,Barcelona,air,On_Schedule,Raw_Materials,EUR,2022-08-26,2022-08-28,66.6,14358.2,8694.2,30.2,2383.55,139.11,9,5,0.0,0.2128,0.5193,0.3169,,4,False
SHP-100772460,Maersk,Busan,Piraeus,sea,At_Port,Pharmaceuticals,CNY,2023-03-22,2023-04-04,320.6,8748.8,314.4,0.44,144842.15,3076.54,22,3,0.0,0.4503,0.0822,0.3547,14.2,1,True
SHP-103688198,FedEx,Mundra,Baltimore,rail,Delayed,Electronics,AED,2023-05-03,2023-05-12,229.4,1577.1,18078.3,76.8,48005.33,797.67,8,0,10.0,0.1239,0.3342,0.5853,26.1,2,True
SHP-103656463,ONE,Colombo,Hamburg,sea,At_Port,Textiles,EUR,2022-06-11,2022-07-01,498.0,21117.8,1503.5,2.84,100356.16,2082.0,7,1,0.0,0.1738,0.1635,0.3003,28.1,4,True
SHP-102966795,FedEx,Rotterdam,Hamburg,rail,Delayed,Machinery,EUR,2022-02-14,2022-02-23,236.5,867.6,1010.9,3.3,666.63,30.02,8,3,8.9,0.5164,0.331,0.4444,-9.7,3,True
SHP-104001008,Yang_Ming,Melbourne,Singapore,sea,Critical_Delay,Automotive,GBP,2023-01-03,2023-01-28,604.2,5913.0,65176.5,273.85,22519.71,1164.68,20,0,163.6,0.0546,0.1164,0.3352,,2,True
SHP-102177948,ZIM,Busan,Baltimore,sea,Delayed,Electronics,AED,2022-01-06,2022-01-17,277.2,4372.2,2812.0,11.19,3191.86,63.53,3,1,1.4,0.5317,0.0737,0.1189,24.3,4,True
SHP-103180448,UPS,Shanghai,Bremen,rail,Customs_Hold,Pharmaceuticals,SGD,2022-04-10,2022-04-17,178.6,6645.7,54818.0,68.98,82186.55,3135.02,19,5,0.0,0.3185,0.146,0.4623,,1,True
SHP-102337141,COSCO,Port_Klang,Valencia,sea,On_Schedule,Perishables,AED,2023-03-21,2023-04-03,327.7,20821.2,791.0,1.72,371357.39,21817.9,2,1,0.0,0.2186,0.1157,0.5994,,3,False
SHP-103306854,Maersk,Port_Klang,Barcelona,rail,In_Transit,Pharmaceuticals,GBP,2023-12-02,2023-12-11,226.0,3500.9,622.4,1.22,47647.93,3173.11,17,4,0.0,0.3253,0.5558,0.576,,4,True
SHP-103773200,MSC,Mumbai,Sydney,air,On_Schedule,Machinery,EUR,2023-11-04,2023-11-04,15.9,830.9,6373.4,16.14,1035330.84,30310.72,5,4,0.0,0.2316,0.1223,0.1648,2.0,4,True
SHP-104650986,DB_Schenker,Busan,Valencia,air,On_Schedule,Textiles,AED,2023-11-16,2023-11-16,22.4,11785.0,8075.5,13.19,134906.71,3715.72,8,3,0.0,0.5207,0.1288,0.4299,,3,True
SHP-100067895,Maersk,Tokyo,Bremen,sea,Delivered,Perishables,CNY,2024-09-22,2024-10-11,456.8,12910.5,2939.8,6.87,43306.69,2797.15,4,5,0.2,0.136,0.2261,0.5737,24.9,3,True
SHP-104851205,Kuehne_Nagel,Colombo,Bremen,sea,At_Port,Raw_Materials,AED,2022-07-13,2022-07-19,144.8,12864.7,2150.2,4.54,244936.68,6397.1,19,3,0.0,0.2721,0.0599,0.6087,,1,False
SHP-104207271,ZIM,Ningbo,Dubai,sea,On_Schedule,Electronics,GBP,2022-03-22,2022-04-06,373.3,19359.7,735.7,1.5,3030.5,118.3,9,0,0.0,0.5184,0.0534,0.232,4.1,2,True
SHP-100242237,CMA_CGM,Port_Klang,Bremen,sea,Delayed,Textiles,USD,2024-09-21,2024-10-04,331.4,21582.5,6017.4,9.43,9050.12,192.16,13,5,6.4,0.2769,0.5353,0.3939,,2,False
SHP-103185766,ZIM,Ningbo,Mumbai,sea,At_Port,Automotive,EUR,2022-11-21,2022-11-28,174.8,15097.5,5607.2,12.45,791466.45,4263.17,12,4,0.0,0.2638,0.0778,0.2027,,3,True
SHP-104611394,Evergreen,Colombo,Singapore,sea,At_Port,Consumer_Goods,GBP,2023-05-25,2023-06-17,552.5,6798.5,1545.6,4.35,50310.68,521.17,16,0,0.0,0.1272,0.4757,0.1256,,3,True
SHP-100406217,Evergreen,Sydney,Le_Havre,sea,At_Port,Machinery,USD,2024-02-07,2024-02-17,245.8,4935.2,3211.8,15.6,41330.41,1550.91,9,4,0.0,0.2735,0.1341,0.2457,,4,True
SHP-100581488,COSCO,Ningbo,Felixstowe,sea,Delayed,Automotive,GBP,2024-07-28,2024-08-09,291.4,2489.2,664.6,1.38,24124.25,1097.93,18,0,0.7,0.1653,0.2516,0.1654,19.2,2,True
SHP-101687281,UPS,Hamburg,New_York,sea,At_Port,Pharmaceuticals,USD,2024-01-22,2024-02-01,243.1,2382.2,35456.0,50.66,55814.53,2183.76,17,0,0.0,0.3561,0.0437,0.2355,,1,True
SHP-103443264,Evergreen,Colombo,Bremen,sea,On_Schedule,Consumer_Goods,AED,2022-10-14,2022-10-26,311.1,16101.7,522.0,1.56,12621.98,234.97,18,1,0.0,0.0914,0.1197,0.7282,,2,True
SHP-100527274,ZIM,Tokyo,Houston,sea,Customs_Hold,Automotive,EUR,2023-11-13,2023-11-18,130.9,7980.7,1903.6,3.03,55952.13,3139.17,11,5,0.0,0.1856,0.1955,0.2113,,2,False
SHP-100872462,Evergreen,Antwerp,Felixstowe,sea,In_Transit,Chemicals,AED,2023-10-11,2023-11-01,510.4,13449.5,797.8,1.87,390471.5,14819.6,7,0,0.0,0.2918,0.5321,0.2159,,2,True
SHP-100769819,Evergreen,Colombo,New_York,sea,On_Schedule,Consumer_Goods,AED,2023-08-06,2023-08-21,362.4,13757.1,1930.8,5.8,32009.68,1555.54,9,1,0.0,0.3907,0.1779,0.2935,14.0,4,True
SHP-100470861,FedEx,Melbourne,Le_Havre,rail,On_Schedule,Perishables,EUR,2024-02-18,2024-02-22,96.5,1093.8,9175.2,17.29,6711.95,132.18,11,4,0.0,0.4605,0.2492,0.4311,,2,True
SHP-103831610,Maersk,Jebel_Ali,Baltimore,air,At_Port,Raw_Materials,CNY,2022-09-05,2022-09-06,29.7,1796.9,1101.4,1.87,711262.47,14515.82,3,1,0.0,0.3863,0.1911,0.2641,,4,True
SHP-101814319,HMM,Dubai,Mumbai,rail,Delivered,Textiles,USD,2022-11-01,2022-11-05,97.2,611.7,6439.5,11.71,127107.93,6502.48,3,3,0.1,0.1058,0.3283,0.0236,,4,False
SHP-101331632,ONE,Jebel_Ali,Barcelona,sea,In_Transit,Raw_Materials,USD,2024-07-02,2024-07-14,304.2,14121.2,335.0,0.9,3869.85,154.22,23,3,0.0,0.1638,0.2291,0.5209,,2,True
SHP-101456413,UPS,Felixstowe,Savannah,sea,Customs_Hold,Automotive,USD,2024-06-08,2024-06-25,428.5,18091.8,6014.2,14.95,39067.47,695.93,13,2,0.0,0.5264,0.1823,0.2543,-17.3,2,False
SHP-102146309,Evergreen,Shanghai,Hamburg,sea,In_Transit,Food_Beverage,CNY,2022-03-17,2022-04-08,548.4,20284.9,101.7,0.37,58149.37,2684.49,3,5,0.0,0.0632,0.1093,0.3094,-16.5,3,True
SHP-103319486,ZIM,Antwerp,Genoa,sea,Critical_Delay,Perishables,CNY,2022-03-05,2022-03-11,150.9,21181.7,26407.8,126.86,25164.48,639.65,5,5,52.9,0.4199,0.3891,0.2876,,2,True
SHP-103411211,ONE,Sydney,Mumbai,rail,On_Schedule,Perishables,USD,2022-11-23,2022-11-25,68.0,929.2,251.3,1.06,12990.94,651.01,2,2,0.0,0.3868,0.0957,0.3099,,4,False
SHP-101726068,Evergreen,Hamburg,Sydney,air,Delayed,Automotive,SGD,2022-09-27,2022-09-29,57.4,7432.9,3366.3,10.56,164757.15,6889.96,17,5,7.9,0.4541,0.1368,0.1464,,1,False
SHP-103014919,Kuehne_Nagel,Dubai,Antwerp,sea,On_Schedule,Automotive,USD,2022-08-29,2022-09-04,144.9,13988.8,371.0,0.55,1935062.73,64300.12,19,3,0.0,0.3546,0.0576,0.5742,,1,True
SHP-101203657,Hapag-Lloyd,Sydney,Miami,rail,At_Port,Consumer_Goods,SGD,2024-12-28,2024-12-30,55.7,4166.8,19899.6,50.32,32510.87,573.46,10,3,0.0,0.5352,0.045,0.4979,14.2,4,True
SHP-104574777,COSCO,Dubai,New_York,sea,In_Transit,Chemicals,SGD,2023-09-21,2023-10-04,330.6,19977.8,42.7,0.07,126078.16,4316.63,23,0,0.0,0.1102,0.1313,0.5699,,1,False
SHP-100531688,MSC,Mumbai,Savannah,sea,Customs_Hold,Consumer_Goods,GBP,2022-01-21,2022-02-18,684.1,12268.8,289.2,0.67,27398.66,1918.56,1,3,0.0,0.2344,0.078,0.2296,,2,True
SHP-104848254,DHL,Shanghai,Le_Havre,air,On_Schedule,Pharmaceuticals,CNY,2023-05-11,2023-05-13,59.9,1460.5,354.9,0.7,1256.72,61.06,2,0,0.0,0.467,0.3362,0.6,,4,True
SHP-100081322,Evergreen,Chennai,Rotterdam,sea,On_Schedule,Consumer_Goods,SGD,2023-04-25,2023-05-12,413.1,13810.8,1159.2,3.18,381335.9,14906.95,23,4,0.0,0.1695,0.1574,0.1101,-10.0,1,True
SHP-102777785,ZIM,Colombo,Dubai,sea,On_Schedule,Textiles,SGD,2022-05-31,2022-06-25,607.2,10037.6,14434.2,41.01,173921.47,3927.47,19,3,0.0,0.2487,0.5982,0.1094,,4,True
SHP-104674547,DB_Schenker,Hamburg,Bremen,rail,At_Port,Chemicals,USD,2022-09-14,2022-09-16,67.8,4990.6,4301.4,12.23,10658.66,795.76,17,5,0.0,0.3531,0.3467,0.5919,-3.9,4,True
SHP-101843479,ZIM,Dubai,Houston,sea,On_Schedule,Pharmaceuticals,AED,2023-01-29,2023-02-25,671.6,7235.1,4368.2,18.61,8950.59,672.47,16,5,0.0,0.2523,0.0266,0.3049,,1,True
SHP-101749914,Maersk,Melbourne,Felixstowe,air,Delayed,Automotive,GBP,2023-12-04,2023-12-04,12.1,6882.5,33621.5,48.61,13249.83,498.02,1,1,58.4,0.0899,0.0634,0.1278,,2,True
SHP-101881667,UPS,Ningbo,Baltimore,air,On_Schedule,Consumer_Goods,SGD,2024-06-18,2024-06-19,33.5,2008.3,2485.8,3.45,26584.58,1857.39,2,4,0.0,0.524,0.2535,0.2824,-7.2,3,True
SHP-102117606,Hapag-Lloyd,Singapore,Le_Havre,rail,In_Transit,Consumer_Goods,CNY,2024-11-10,2024-11-16,165.7,7085.6,34884.1,148.72,191337.61,6471.54,4,4,0.0,0.5767,0.0117,0.3095,-11.6,3,False
SHP-104047031,DB_Schenker,Hamburg,Los_Angeles,sea,In_Transit,Perishables,GBP,2022-10-11,2022-10-15,112.7,18720.7,200872.8,558.16,27782.26,1764.57,24,2,0.0,0.5701,0.3487,0.716,,1,True
SHP-104747417,UPS,Port_Klang,Dubai,rail,Critical_Delay,Chemicals,EUR,2024-07-05,2024-07-12,188.1,5448.9,9617.2,47.78,29881.21,318.29,23,5,24.3,0.3016,0.3192,0.4069,,1,False
SHP-104842897,FedEx,Busan,New_York,sea,On_Schedule,Raw_Materials,AED,2023-05-25,2023-06-16,545.9,9461.1,4284.6,6.84,4312.49,229.69,12,5,0.0,0.164,0.1448,0.2632,-1.6,3,False
SHP-101950266,ONE,Rotterdam,New_York,sea,Delivered,Pharmaceuticals,CNY,2024-12-12,2024-12-18,148.8,19015.7,17772.4,81.49,1945357.94,141080.82,16,0,113.5,0.5281,0.0656,0.4193,,3,True
SHP-101897855,Maersk,Guangzhou,Valencia,sea,On_Schedule,Electronics,USD,2024-05-11,2024-05-20,235.9,10629.2,4681.0,7.46,64335.65,3382.58,5,4,0.0,0.2245,0.3839,0.3466,,2,False
SHP-101758414,Maersk,Busan,Antwerp,rail,At_Port,Automotive,AED,2024-01-20,2024-01-26,148.5,6620.6,57319.3,78.42,967.68,55.9,1,5,0.0,0.2491,0.0772,0.095,,3,True
SHP-100562795,CMA_CGM,Colombo,Hamburg,sea,In_Transit,Electronics,EUR,2023-04-21,2023-05-16,608.0,13909.1,192.7,0.51,7980.77,49.42,18,5,0.0,0.4247,0.1551,0.0689,,2,False
SHP-104770853,Yang_Ming,Guangzhou,Piraeus,sea,In_Transit,Electronics,EUR,2023-10-23,2023-11-11,467.1,14350.1,814.9,1.07,143257.76,8867.81,3,2,0.0,0.2594,0.5248,0.6076,,4,True
SHP-101869381,CMA_CGM,Rotterdam,Los_Angeles,road,Delivered,Food_Beverage,CNY,2022-12-12,2022-12-18,159.3,1166.3,8136.7,16.71,96869.12,806.78,3,2,1.4,0.2859,0.2519,0.4921,15.7,1,False
SHP-103794939,Kuehne_Nagel,Felixstowe,Bremen,sea,On_Schedule,Raw_Materials,AED,2024-07-26,2024-08-04,236.4,20165.9,213.8,0.33,3678248.11,54230.81,23,5,0.0,0.4953,0.2013,0.5604,,2,True
SHP-100667906,Hapag-Lloyd,Tokyo,Mumbai,sea,In_Transit,Perishables,CNY,2024-01-30,2024-02-14,378.2,11869.7,4122.0,12.09,8527.28,390.41,24,5,0.0,0.2723,0.153,0.2068,,3,True
SHP-101333013,ZIM,Colombo,Baltimore,rail,In_Transit,Perishables,CNY,2024-01-18,2024-01-25,175.9,2561.5,100.0,0.42,192043.17,2674.13,12,4,0.0,0.198,0.185,0.116,19.5,3,True
SHP-103243584,Yang_Ming,Tokyo,Sydney,air,Critical_Delay,Electronics,EUR,2022-02-04,2022-02-05,27.5,9270.0,163534.3,244.07,321861.82,2112.01,10,4,32.4,0.461,0.2567,0.0495,,1,False
SHP-100514594,Maersk,Tanjung_Pelepas,Le_Havre,sea,Delayed,Raw_Materials,GBP,2022-03-09,2022-03-23,348.4,11010.8,10717.1,14.15,98496.19,6869.21,12,2,2.3,0.2239,0.0846,0.183,,2,False
SHP-104474865,COSCO,Tokyo,Antwerp,sea,Delivered,Food_Beverage,SGD,2024-07-17,2024-08-06,493.5,14094.0,2275.8,2.89,313626.16,16202.84,10,4,17.6,0.1158,0.3352,0.2057,,2,False
SHP-100003070,UPS,Mumbai,Barcelona,sea,Delayed,Perishables,AED,2023-12-16,2024-01-01,387.5,16796.8,718.9,1.32,18064.75,703.93,19,3,4.5,0.3665,0.2178,0.1988,,3,True
SHP-102104351,UPS,Guangzhou,Mumbai,air,On_Schedule,Chemicals,USD,2023-02-22,2023-02-24,63.5,4341.5,1629.6,6.33,8024.56,136.37,4,5,0.0,0.2335,0.1128,0.4906,,4,False
SHP-104696778,DB_Schenker,Ningbo,Singapore,air,In_Transit,Pharmaceuticals,EUR,2022-06-16,2022-06-18,53.5,5435.3,583.0,2.68,2068448.93,76808.36,7,4,0.0,0.1399,0.2131,0.5096,,3,True
SHP-101103168,FedEx,Melbourne,Rotterdam,sea,Delayed,Perishables,SGD,2022-09-19,2022-10-13,597.9,8979.7,3066.7,4.11,4813.77,30.44,7,2,10.4,0.3531,0.1769,0.1877,,1,True
SHP-102244025,MSC,Chennai,Antwerp,road,In_Transit,Food_Beverage,SGD,2024-01-13,2024-01-14,37.1,2690.4,2109.8,3.73,368856.04,10417.04,1,3,0.0,0.5106,0.2664,0.561,,2,True
SHP-100054736,Hapag-Lloyd,Sydney,Piraeus,sea,At_Port,Consumer_Goods,USD,2023-10-20,2023-11-10,507.1,9053.7,66451.7,231.91,1810940.76,11665.19,7,3,0.0,0.233,0.3356,0.2194,,1,False
SHP-103139237,ONE,Hamburg,Valencia,sea,Customs_Hold,Consumer_Goods,USD,2023-04-14,2023-05-12,684.5,7563.9,709.4,1.36,409150.45,20850.88,18,2,0.0,0.4253,0.3355,0.5824,,1,False
SHP-100364166,Kuehne_Nagel,Dubai,New_York,sea,Customs_Hold,Electronics,GBP,2023-12-02,2023-12-15,332.5,11091.4,833.9,1.14,37496.81,356.95,12,5,0.0,0.5027,0.1542,0.2818,-12.3,3,True
SHP-103629732,Evergreen,Melbourne,Bremen,road,In_Transit,Pharmaceuticals,USD,2022-12-16,2022-12-24,201.2,1395.3,49024.8,108.7,1295.24,9.77,16,3,0.0,0.0348,0.1138,0.6519,-2.1,2,True
SHP-100605578,Hapag-Lloyd,Ningbo,Savannah,sea,On_Schedule,Perishables,EUR,2024-09-26,2024-10-09,324.9,17682.5,111536.3,199.53,638725.07,31505.95,5,3,0.0,0.4511,0.2553,0.4982,,4,False
SHP-102200784,MSC,Hamburg,Hamburg,sea,Customs_Hold,Machinery,USD,2023-06-24,2023-07-14,498.6,4561.0,2150.3,4.36,1203627.57,86066.29,17,5,0.0,0.4444,0.4828,0.3697,5.0,3,False
SHP-100225265,CMA_CGM,Hamburg,Sydney,sea,In_Transit,Perishables,GBP,2022-12-24,2022-12-28,117.0,14051.9,2973.4,13.15,15896.33,1043.55,12,5,0.0,0.2731,0.0962,0.3948,-10.4,2,False
SHP-102736667,MSC,Chennai,Barcelona,road,On_Schedule,Automotive,CNY,2023-09-03,2023-09-12,219.5,7410.9,62.5,0.22,37138.76,2721.89,8,2,0.0,0.1374,0.0221,0.0874,-10.8,2,False
SHP-103510471,MSC,Tokyo,Sydney,sea,Customs_Hold,Consumer_Goods,CNY,2023-03-03,2023-03-28,604.6,20106.6,2560.5,7.37,1472.52,47.15,20,5,0.0,0.056,0.3482,0.3182,,1,True
SHP-101097476,DHL,Jebel_Ali,Baltimore,sea,Delivered,Food_Beverage,USD,2023-01-31,2023-02-14,346.5,20555.5,823.6,1.56,4090.42,326.76,4,4,17.8,0.4057,0.1762,0.7364,19.7,3,True
SHP-102137271,Maersk,Dubai,Dubai,sea,At_Port,Textiles,USD,2022-04-25,2022-05-02,169.0,1058.3,522.3,1.27,161631.59,9757.14,6,0,0.0,0.2213,0.2676,0.1486,,2,False
SHP-104908323,Yang_Ming,Ningbo,Antwerp,rail,Delayed,Food_Beverage,GBP,2024-04-02,2024-04-07,130.7,3128.3,5658.2,7.71,164135.46,7095.71,11,0,11.3,0.5216,0.3339,0.2808,0.7,1,False
SHP-101719352,MSC,Ningbo,New_York,sea,Customs_Hold,Chemicals,EUR,2023-03-20,2023-03-30,254.5,11965.7,4027.8,10.25,15410.76,955.59,15,3,0.0,0.3142,0.086,0.151,19.1,4,False
SHP-103765358,MSC,Tanjung_Pelepas,Hamburg,sea,Delayed,Perishables,AED,2022-08-24,2022-09-21,683.0,7773.8,1235.0,2.57,11182.46,792.17,19,4,8.5,0.2872,0.4712,0.5197,,4,True
SHP-103917124,DHL,Tanjung_Pelepas,New_York,sea,Delayed,Pharmaceuticals,EUR,2022-12-29,2023-01-22,591.7,4513.2,21829.2,27.74,14477.61,607.27,17,4,14.7,0.092,0.0019,0.2997,-14.5,4,False
SHP-101194437,Yang_Ming,Port_Klang,Miami,sea,In_Transit,Perishables,EUR,2024-08-24,2024-09-20,662.9,2947.5,25401.4,52.79,4588.94,88.29,22,2,0.0,0.5286,0.221,0.4937,,1,False
SHP-104978590,Evergreen,Ningbo,Rotterdam,sea,In_Transit,Automotive,SGD,2023-04-18,2023-04-27,229.8,5987.3,887.7,1.17,210980.28,1055.44,10,3,0.0,0.1973,0.1097,0.1198,,3,True
SHP-101947907,ZIM,Shanghai,Bremen,sea,Delayed,Pharmaceuticals,SGD,2022-01-07,2022-02-04,674.4,18674.6,16693.1,24.54,76840.49,5040.9,10,1,28.7,0.0229,0.1704,0.2145,,3,True
SHP-101393477,Yang_Ming,Busan,Valencia,sea,At_Port,Textiles,GBP,2023-04-16,2023-05-10,576.9,5737.7,1884.6,3.21,1528008.73,78546.81,3,0,0.0,0.2292,0.2649,0.4791,,4,True
SHP-104273451,Kuehne_Nagel,Hamburg,Bremen,sea,Delayed,Consumer_Goods,GBP,2023-07-14,2023-07-26,310.2,10745.1,18598.0,29.17,12254.26,315.19,2,2,14.5,0.2287,0.0674,0.4339,,2,False
SHP-104177336,Hapag-Lloyd,Melbourne,Le_Havre,sea,On_Schedule,Food_Beverage,GBP,2023-11-30,2023-12-20,482.9,17056.6,482.3,0.71,57382.7,2227.03,13,0,0.0,0.1622,0.0555,0.1963,12.9,3,False
SHP-101634293,HMM,Mumbai,Genoa,sea,In_Transit,Chemicals,EUR,2024-07-04,2024-07-17,318.9,14953.7,146798.9,424.97,415818.75,24351.58,15,2,0.0,0.1566,0.0792,0.3422,0.8,1,True
SHP-100210030,Evergreen,Port_Klang,Baltimore,road,In_Transit,Textiles,EUR,2022-07-29,2022-07-31,66.3,2920.9,67.5,0.1,137609.76,3699.32,16,0,0.0,0.207,0.1507,0.3278,,2,True
SHP-103320226,UPS,Guangzhou,Miami,sea,In_Transit,Electronics,USD,2022-01-01,2022-01-26,624.0,3877.3,94167.3,161.1,136287.78,3676.99,10,5,0.0,0.3001,0.0088,0.4777,,1,True
SHP-104132251,DB_Schenker,Guangzhou,Miami,air,On_Schedule,Automotive,USD,2024-12-08,2024-12-08,20.5,8553.6,57885.5,108.71,86979.77,1616.69,4,3,0.0,0.4061,0.0984,0.4036,-3.8,3,True
SHP-103325305,FedEx,Mumbai,Miami,sea,Delivered,Food_Beverage,GBP,2024-01-30,2024-02-08,220.4,6911.4,262.9,0.49,127442.38,943.83,12,0,1.1,0.2372,0.2124,0.5178,,3,True
SHP-103508515,ZIM,Melbourne,Genoa,air,Delayed,Perishables,CNY,2023-01-14,2023-01-15,29.6,11376.4,22457.2,32.87,9123.74,654.72,5,4,77.6,0.051,0.088,0.6917,,4,True
SHP-102575187,ONE,Hamburg,Singapore,sea,At_Port,Chemicals,AED,2022-01-10,2022-01-28,442.4,10562.6,36615.1,63.43,3977.92,280.89,21,5,0.0,0.2094,0.0633,0.3605,,3,False
SHP-100225558,ZIM,Antwerp,Los_Angeles,sea,In_Transit,Textiles,EUR,2022-05-20,2022-06-15,625.3,16023.2,104.7,0.15,8894.08,593.6,13,2,0.0,0.3526,0.0431,0.3213,,2,True
SHP-104319592,Maersk,Tanjung_Pelepas,Baltimore,sea,In_Transit,Consumer_Goods,AED,2022-03-03,2022-03-24,518.6,20567.5,28.1,0.05,423562.85,21153.41,17,0,0.0,0.4767,0.1372,0.1247,,3,False
SHP-101537438,Hapag-Lloyd,Mumbai,Le_Havre,sea,Customs_Hold,Chemicals,GBP,2022-09-29,2022-10-03,106.5,1185.0,187.8,0.4,188462.22,12997.99,3,5,0.0,0.6178,0.0541,0.3053,,3,True
SHP-103153153,Kuehne_Nagel,Chennai,Barcelona,road,At_Port,Raw_Materials,CNY,2023-01-12,2023-01-14,63.5,7161.0,2635.9,6.08,44654.27,1326.43,23,2,0.0,0.1974,0.1138,0.3358,29.3,2,True
SHP-103123766,Kuehne_Nagel,Dubai,Le_Havre,sea,On_Schedule,Automotive,AED,2024-08-24,2024-09-18,616.1,9687.8,21.8,0.05,6619.71,250.76,16,3,0.0,0.0137,0.2659,0.6475,,2,True
SHP-100246604,COSCO,Port_Klang,Piraeus,air,At_Port,Pharmaceuticals,EUR,2022-01-05,2022-01-05,19.7,14933.2,1235.1,2.34,57074.84,537.41,21,3,0.0,0.1826,0.5578,0.0993,,1,True
SHP-100496961,Maersk,Ningbo,Rotterdam,sea,On_Schedule,Consumer_Goods,CNY,2022-04-16,2022-05-02,398.3,18988.0,683.3,0.88,8436.45,261.6,11,0,0.0,0.2535,0.372,0.2897,11.4,1,False
SHP-100886114,ONE,Jebel_Ali,Los_Angeles,sea,Delayed,Consumer_Goods,EUR,2022-07-31,2022-08-21,511.4,3735.9,731.4,1.88,80211.9,3382.34,4,1,82.4,0.1897,0.2845,0.2955,,2,True
SHP-104479202,ZIM,Felixstowe,Mumbai,sea,In_Transit,Food_Beverage,SGD,2022-07-26,2022-08-14,462.1,6138.3,9617.3,16.36,33604.05,1648.18,9,5,0.0,0.3007,0.0364,0.1402,,1,False
SHP-102052383,DHL,Mumbai,Bremen,sea,At_Port,Machinery,GBP,2023-10-03,2023-10-23,501.8,18013.4,3620.4,9.94,1457.02,63.49,22,0,0.0,0.0321,0.0831,0.2041,,4,True
SHP-101227554,DB_Schenker,Tokyo,Baltimore,sea,Delayed,Machinery,EUR,2023-09-30,2023-10-26,629.2,13186.2,2145.7,8.91,25205.82,1267.32,8,0,31.2,0.3683,0.6046,0.4731,,3,True
SHP-103144900,UPS,Melbourne,Mumbai,air,On_Schedule,Food_Beverage,AED,2023-03-25,2023-03-27,66.0,8979.4,15573.4,24.31,3464.43,125.81,13,5,0.0,0.4845,0.1102,0.3429,,4,False
SHP-103500337,CMA_CGM,Rotterdam,Houston,rail,At_Port,Food_Beverage,EUR,2022-05-02,2022-05-11,216.1,5814.3,19665.5,60.29,358448.17,13724.63,18,5,0.0,0.157,0.0146,0.1777,,4,False
SHP-100473876,DB_Schenker,Mumbai,Mumbai,road,On_Schedule,Food_Beverage,SGD,2022-04-15,2022-04-22,183.4,3145.1,9178.0,19.93,728874.28,50535.41,21,5,0.0,0.4228,0.0313,0.3325,17.3,3,False
SHP-103050440,DB_Schenker,Shanghai,Hamburg,sea,At_Port,Machinery,EUR,2024-01-08,2024-02-01,583.5,7040.4,3144.4,5.25,7789.04,237.88,7,2,0.0,0.1051,0.4532,0.3321,,1,True
SHP-101256465,HMM,Tokyo,Le_Havre,air,Delivered,Food_Beverage,SGD,2023-12-12,2023-12-12,17.3,1961.8,19508.5,45.19,211318.81,2208.3,11,1,0.6,0.2218,0.3468,0.2607,,2,True
SHP-100811686,MSC,Mundra,Houston,sea,Customs_Hold,Machinery,CNY,2023-01-14,2023-01-27,312.1,14936.4,129.0,0.35,24652.24,1632.04,14,0,0.0,0.2526,0.1,0.852,-8.7,3,True
SHP-103860904,Maersk,Mumbai,Mumbai,air,Customs_Hold,Raw_Materials,GBP,2023-08-06,2023-08-07,37.2,12303.4,1296.7,2.06,639.63,48.13,4,2,0.0,0.6057,0.0059,0.3213,,3,True
SHP-104900706,Maersk,Mundra,Savannah,sea,Critical_Delay,Chemicals,EUR,2023-03-06,2023-03-16,241.1,1372.7,1713.5,4.2,34694.94,561.68,4,3,27.3,0.1977,0.2154,0.533,,4,True
SHP-100867574,MSC,Port_Klang,Felixstowe,sea,On_Schedule,Consumer_Goods,SGD,2022-07-18,2022-08-02,376.2,17831.8,47894.5,96.8,152334.95,2572.82,2,3,0.0,0.3081,0.0787,0.2166,,2,False
SHP-100320858,CMA_CGM,Singapore,Felixstowe,air,In_Transit,Food_Beverage,SGD,2024-07-11,2024-07-11,16.5,3176.8,336.3,0.69,62058.65,1121.21,13,4,0.0,0.1835,0.3134,0.4806,,2,True
SHP-102712085,Kuehne_Nagel,Busan,Sydney,air,In_Transit,Pharmaceuticals,USD,2023-06-01,2023-06-03,63.6,812.6,6003.6,10.37,81486.92,6296.8,15,2,0.0,0.4607,0.1805,0.5458,-7.6,3,False
SHP-100358680,DHL,Mumbai,Bremen,sea,At_Port,Food_Beverage,EUR,2022-11-30,2022-12-19,463.3,12909.6,3790.9,17.1,4459.62,273.42,3,4,0.0,0.2323,0.0763,0.2084,,3,False
SHP-103740213,HMM,Antwerp,Mumbai,sea,In_Transit,Machinery,AED,2022-06-28,2022-07-09,274.9,21618.9,1473.1,2.28,99126.4,3787.52,10,1,0.0,0.2466,0.2901,0.2991,11.0,2,False
SHP-100162778,HMM,Shanghai,Rotterdam,rail,Customs_Hold,Consumer_Goods,AED,2024-10-08,2024-10-11,88.7,1927.2,72418.0,180.26,182451.84,6367.26,14,1,0.0,0.0166,0.2105,0.5408,,1,False
SHP-103680973,Evergreen,Colombo,Barcelona,sea,On_Schedule,Chemicals,CNY,2023-10-12,2023-10-26,348.8,5487.8,6285.4,10.31,1355834.25,9623.35,13,1,0.0,0.0256,0.1976,0.1486,,2,True
SHP-104478026,MSC,Chennai,Le_Havre,sea,In_Transit,Machinery,SGD,2023-07-03,2023-07-31,673.5,20717.4,30804.5,41.15,16327.04,796.56,14,1,0.0,0.3601,0.1058,0.1194,27.7,2,True
SHP-103153701,MSC,Hamburg,Houston,air,Delayed,Raw_Materials,GBP,2023-02-03,2023-02-04,29.1,4581.2,6023.1,8.75,622260.46,8534.34,16,5,4.9,0.1223,0.0865,0.1282,18.8,2,True
SHP-101026866,Evergreen,Mumbai,Mumbai,sea,On_Schedule,Electronics,AED,2023-01-25,2023-02-14,497.1,13201.8,5900.7,10.71,58113.36,523.21,2,1,0.0,0.4008,0.3501,0.4147,,4,True
SHP-103712402,FedEx,Tokyo,Houston,sea,In_Transit,Textiles,SGD,2022-03-01,2022-03-10,224.1,20762.2,253277.3,701.74,21582.77,226.04,5,0,0.0,0.2658,0.2129,0.2903,,3,True
SHP-104053911,Maersk,Busan,Felixstowe,sea,Customs_Hold,Food_Beverage,SGD,2022-11-29,2022-12-07,203.3,13189.0,2374.4,3.52,2211.07,95.44,16,2,0.0,0.2256,0.0365,0.1422,2.5,1,False
SHP-103152930,Yang_Ming,Ningbo,Sydney,sea,At_Port,Automotive,AED,2022-08-27,2022-09-02,165.8,5048.5,21.3,0.03,696972.97,53526.58,6,0,0.0,0.2506,0.4331,0.2805,,2,True
SHP-100268565,DB_Schenker,Rotterdam,Rotterdam,sea,In_Transit,Food_Beverage,SGD,2023-06-11,2023-06-24,314.8,12967.8,737.5,1.23,1427445.62,31854.18,19,3,0.0,0.427,0.062,0.1119,17.4,2,False
SHP-104291454,MSC,Felixstowe,Los_Angeles,sea,On_Schedule,Consumer_Goods,AED,2024-04-27,2024-05-26,699.3,16477.8,636.3,2.15,14119.93,1022.25,3,1,0.0,0.204,0.3374,0.2797,,2,True
SHP-102954341,Kuehne_Nagel,Tokyo,Miami,rail,In_Transit,Electronics,SGD,2022-02-17,2022-02-18,31.6,6188.6,1163.3,4.2,100246.62,1803.1,24,5,0.0,0.321,0.0699,0.3533,,3,True
SHP-100250222,COSCO,Tanjung_Pelepas,Rotterdam,sea,Customs_Hold,Chemicals,GBP,2023-06-20,2023-06-27,169.8,16115.3,1805.0,3.31,13535.65,402.92,24,4,0.0,0.2394,0.2191,0.4668,17.8,4,False
SHP-102360146,Maersk,Melbourne,Piraeus,air,Delivered,Chemicals,CNY,2022-01-11,2022-01-12,38.4,5651.6,46663.2,68.34,469011.26,23463.06,8,1,17.7,0.2026,0.2077,0.1587,9.6,1,True
SHP-104405834,Maersk,Hamburg,Singapore,sea,At_Port,Raw_Materials,SGD,2023-12-01,2023-12-16,376.1,19438.4,5142.2,6.93,469059.31,36873.03,12,3,0.0,0.1286,0.026,0.4891,19.0,4,True
SHP-100804427,CMA_CGM,Singapore,Le_Havre,sea,In_Transit,Perishables,CNY,2024-11-19,2024-12-04,369.7,5842.0,705.6,1.09,105653.46,1833.51,7,1,0.0,0.2991,0.1307,0.3917,,3,False
SHP-104001782,UPS,Guangzhou,Savannah,sea,At_Port,Consumer_Goods,CNY,2022-04-02,2022-04-28,627.7,19404.5,8531.8,18.89,38290.78,2979.14,2,1,0.0,0.4728,0.2185,0.4194,,3,True
SHP-102276452,Kuehne_Nagel,Shanghai,Hamburg,sea,At_Port,Raw_Materials,USD,2022-06-06,2022-07-04,687.7,11593.2,718.8,1.54,6087.45,156.01,9,3,0.0,0.234,0.1603,0.3337,,1,True
SHP-101536265,Yang_Ming,Felixstowe,Barcelona,sea,At_Port,Automotive,AED,2022-05-21,2022-06-08,446.4,4653.8,3628.9,5.43,309674.86,19009.54,2,2,0.0,0.2534,0.3637,0.0876,-16.3,3,True
SHP-101118543,UPS,Antwerp,Dubai,sea,On_Schedule,Electronics,USD,2022-02-14,2022-02-26,294.8,4015.9,125.1,0.41,7100.08,201.97,2,2,0.0,0.4775,0.0672,0.4526,,4,True
SHP-104319434,ZIM,Jebel_Ali,Dubai,sea,Delayed,Textiles,USD,2024-08-03,2024-08-22,474.5,14871.3,429.8,1.94,3531553.43,158020.11,23,0,16.8,0.1403,0.1129,0.3585,,1,False
SHP-104966292,CMA_CGM,Tanjung_Pelepas,Valencia,sea,On_Schedule,Raw_Materials,GBP,2022-12-24,2023-01-10,420.2,11404.1,11852.2,24.86,22650.39,1791.17,12,5,0.0,0.3527,0.098,0.6311,,3,False
SHP-101355885,MSC,Busan,Baltimore,sea,In_Transit,Consumer_Goods,GBP,2023-07-14,2023-07-19,134.2,20428.8,1039.1,2.89,90404.81,2092.82,16,2,0.0,0.3672,0.1453,0.0811,6.1,3,True
SHP-100815094,HMM,Felixstowe,Hamburg,sea,In_Transit,Textiles,SGD,2023-10-28,2023-11-25,684.7,7292.8,3248.2,14.1,363621.56,23701.03,20,2,0.0,0.3604,0.2359,0.566,,3,False
SHP-103343105,COSCO,Sydney,Valencia,sea,In_Transit,Pharmaceuticals,GBP,2022-09-24,2022-10-13,459.2,8876.8,67526.5,90.96,122504.73,6050.16,2,1,0.0,0.0463,0.1166,0.1595,-8.2,2,True
SHP-102785596,CMA_CGM,Tokyo,Rotterdam,air,At_Port,Machinery,AED,2024-01-19,2024-01-20,44.7,10959.7,4545.9,7.21,36470.45,2582.91,24,1,0.0,0.2904,0.2186,0.2086,,1,True
SHP-103516292,MSC,Chennai,Los_Angeles,rail,Customs_Hold,Electronics,CNY,2022-12-18,2022-12-23,130.4,3661.6,85599.4,267.15,69899.0,4395.13,20,4,0.0,0.4194,0.2491,0.5942,,2,True
SHP-102086248,ZIM,Hamburg,Rotterdam,sea,Customs_Hold,Consumer_Goods,USD,2024-04-29,2024-05-09,261.7,16477.9,2065.2,2.72,37970.26,777.25,14,0,0.0,0.271,0.3821,0.1111,,2,True
SHP-102293000,DB_Schenker,Felixstowe,Baltimore,rail,On_Schedule,Chemicals,AED,2022-10-12,2022-10-16,97.7,4738.9,1077.8,1.86,16331.59,795.64,15,3,0.0,0.3387,0.2326,0.128,-1.7,3,True
SHP-100793639,FedEx,Mumbai,Valencia,air,On_Schedule,Pharmaceuticals,SGD,2023-07-21,2023-07-22,37.0,11371.8,99.0,0.21,3913.24,38.98,15,5,0.0,0.3019,0.2401,0.1641,,3,True
SHP-101669583,DHL,Ningbo,Los_Angeles,sea,On_Schedule,Food_Beverage,GBP,2023-10-21,2023-11-05,381.7,16284.7,91612.1,329.0,29556.48,2202.8,8,5,0.0,0.1095,0.166,0.7219,,1,False
SHP-101694942,DB_Schenker,Felixstowe,Le_Havre,air,At_Port,Textiles,CNY,2022-03-03,2022-03-03,14.5,5485.1,418.0,0.67,373105.35,14122.12,5,1,0.0,0.4067,0.0274,0.1145,,2,True
SHP-101754091,Hapag-Lloyd,Mundra,Genoa,sea,Delayed,Electronics,CNY,2024-01-05,2024-02-01,650.0,4663.9,5464.2,7.77,408872.37,13997.66,21,2,49.8,0.0914,0.0348,0.6915,-3.7,4,False
SHP-102491087,HMM,Melbourne,Genoa,sea,On_Schedule,Food_Beverage,EUR,2023-06-10,2023-07-08,691.0,3929.2,39597.1,114.1,2861290.14,159816.68,15,5,0.0,0.0851,0.1452,0.0741,2.7,2,False
SHP-101372684,CMA_CGM,Singapore,Savannah,sea,On_Schedule,Automotive,AED,2024-02-07,2024-03-07,706.8,15079.2,14647.6,30.59,1069419.65,49591.63,22,3,0.0,0.4082,0.1846,0.632,,1,True
SHP-102688230,COSCO,Shanghai,Savannah,rail,On_Schedule,Automotive,SGD,2022-02-14,2022-02-22,201.4,1356.0,11392.3,25.66,8551.55,429.56,22,5,0.0,0.176,0.2082,0.4913,,3,True
SHP-103552416,Yang_Ming,Jebel_Ali,Hamburg,sea,On_Schedule,Machinery,AED,2023-07-31,2023-08-04,106.8,12303.8,162.4,0.41,2848.61,179.93,10,5,0.0,0.3863,0.022,0.2491,,2,True
SHP-103901723,MSC,Sydney,Barcelona,sea,At_Port,Machinery,USD,2022-07-07,2022-07-14,182.1,19297.3,955.5,2.74,207017.71,16293.31,14,0,0.0,0.3245,0.0391,0.405,,1,False
SHP-102879863,Evergreen,Colombo,Savannah,sea,In_Transit,Chemicals,SGD,2024-02-12,2024-03-12,712.5,7005.5,11800.1,30.02,112835.38,6249.95,4,4,0.0,0.44,0.288,0.2099,,3,False
SHP-102521864,ZIM,Shanghai,Houston,sea,On_Schedule,Perishables,GBP,2023-01-15,2023-01-25,260.1,4624.3,2958.9,4.45,127088.86,9614.34,17,1,0.0,0.1827,0.417,0.2634,,4,True
SHP-101301235,Evergreen,Mundra,Baltimore,road,At_Port,Textiles,EUR,2024-04-27,2024-05-06,223.2,4509.4,167.2,0.52,120848.68,9334.62,2,1,0.0,0.0552,0.2521,0.5342,-18.4,4,True
SHP-101629590,MSC,Tokyo,Valencia,sea,Customs_Hold,Pharmaceuticals,SGD,2024-05-28,2024-06-23,646.3,3638.6,27604.6,123.21,1240.26,29.72,23,3,0.0,0.4658,0.0061,0.278,,3,True
SHP-102513282,Evergreen,Dubai,Valencia,road,Delayed,Chemicals,EUR,2022-07-08,2022-07-11,78.2,6887.5,235498.7,328.79,9147.51,341.84,18,0,45.7,0.2712,0.0291,0.4547,,1,True
SHP-104488295,Maersk,Hamburg,New_York,sea,Delayed,Perishables,GBP,2022-12-24,2023-01-13,485.9,18121.6,933.3,2.31,232193.81,6659.02,13,1,5.5,0.3918,0.0929,0.641,26.2,2,True
SHP-103690720,Hapag-Lloyd,Colombo,Piraeus,sea,In_Transit,Electronics,USD,2024-02-10,2024-03-09,674.1,19079.6,6900.1,11.9,2233.12,21.3,14,0,0.0,0.3432,0.1419,0.2436,,3,True
SHP-100937378,DB_Schenker,Colombo,Barcelona,sea,At_Port,Food_Beverage,AED,2024-01-08,2024-01-12,97.8,15104.5,16756.0,70.67,99762.19,6507.31,18,2,0.0,0.1716,0.2097,0.3275,,4,True
SHP-104295096,Evergreen,Sydney,Valencia,sea,On_Schedule,Consumer_Goods,GBP,2023-12-16,2023-12-26,245.6,1557.1,518.3,0.91,621416.51,41977.21,10,0,0.0,0.5051,0.0501,0.4062,,1,True
SHP-102859187,HMM,Felixstowe,Miami,sea,Customs_Hold,Food_Beverage,SGD,2023-04-23,2023-05-08,381.8,6627.4,22955.9,58.01,239000.03,19101.84,19,4,0.0,0.4864,0.1415,0.624,,3,True
SHP-103000534,UPS,Singapore,Rotterdam,sea,Delayed,Pharmaceuticals,AED,2024-03-05,2024-04-03,700.0,14586.1,2271.7,10.14,219474.78,5423.77,17,0,41.1,0.1293,0.0386,0.2783,,2,True
SHP-103315341,HMM,Jebel_Ali,Los_Angeles,sea,On_Schedule,Automotive,SGD,2022-06-30,2022-07-17,415.3,4142.7,15539.6,53.88,42354.68,790.73,7,1,0.0,0.2808,0.1065,0.1789,,1,True
SHP-102528373,DB_Schenker,Mundra,Houston,sea,Delayed,Automotive,USD,2023-09-24,2023-09-28,114.5,16383.8,1352.0,2.34,48973.79,2707.89,13,3,0.5,0.4413,0.2872,0.5602,,2,False
SHP-100864283,HMM,Mundra,New_York,rail,Customs_Hold,Chemicals,CNY,2022-01-03,2022-01-07,119.4,7294.3,8164.3,11.38,852476.03,8077.36,19,5,0.0,0.4487,0.2957,0.2778,,2,True
SHP-104200243,Kuehne_Nagel,Sydney,Savannah,rail,On_Schedule,Machinery,AED,2023-03-05,2023-03-10,138.1,3981.4,2723.1,3.64,11354711.69,350445.78,15,3,0.0,0.5181,0.1728,0.2308,8.3,4,False
SHP-101508667,FedEx,Melbourne,Sydney,air,Delayed,Pharmaceuticals,GBP,2023-11-07,2023-11-09,68.6,11866.9,55488.0,75.47,3976.06,132.09,8,3,22.2,0.0535,0.0883,0.2441,,2,True
SHP-101630251,ONE,Shanghai,Genoa,sea,In_Transit,Electronics,GBP,2024-09-06,2024-09-25,479.0,14263.0,2012.7,3.02,234281.58,8484.01,12,2,0.0,0.6039,0.0595,0.38,28.7,2,False
SHP-102607335,MSC,Felixstowe,New_York,sea,In_Transit,Automotive,AED,2023-04-08,2023-04-18,249.9,17929.6,78083.1,122.9,99736.64,7475.59,17,5,0.0,0.6372,0.085,0.1527,,3,False
SHP-100553369,Maersk,Colombo,Bremen,sea,On_Schedule,Machinery,CNY,2024-01-03,2024-01-16,322.4,11762.7,3308.0,8.05,205711.17,8318.97,2,2,0.0,0.1179,0.1989,0.4222,,1,True
SHP-101657457,ZIM,Dubai,Los_Angeles,sea,Customs_Hold,Automotive,USD,2022-09-16,2022-10-03,427.1,21313.4,5044.8,8.22,89250.92,2766.35,5,1,0.0,0.1388,0.3859,0.3528,-2.3,1,True
SHP-102955211,DHL,Busan,New_York,road,Customs_Hold,Automotive,SGD,2022-07-18,2022-07-24,157.9,3110.0,37367.4,48.74,9454.33,135.74,24,0,0.0,0.2525,0.1643,0.5123,-6.6,1,True
SHP-100410935,Kuehne_Nagel,Hamburg,Felixstowe,sea,On_Schedule,Perishables,AED,2024-06-05,2024-07-01,643.2,9207.6,9825.4,21.88,69063.78,3163.86,13,1,0.0,0.0868,0.3111,0.3517,,3,False
SHP-103251079,ONE,Chennai,Valencia,rail,Delivered,Pharmaceuticals,AED,2023-11-17,2023-11-21,117.1,1107.4,500000.0,1230.82,566579.76,9513.67,3,1,7.1,0.1296,0.2354,0.3336,,4,True
SHP-104900952,Hapag-Lloyd,Port_Klang,Sydney,air,Delayed,Pharmaceuticals,GBP,2024-07-22,2024-07-23,29.2,9140.6,232.5,0.33,2389.47,17.22,13,0,6.7,0.4857,0.0509,0.2182,,4,True
SHP-103998027,ZIM,Chennai,Mumbai,sea,On_Schedule,Textiles,AED,2024-04-25,2024-05-16,526.7,16566.2,4133.9,5.76,100.0,2.04,23,3,0.0,0.1591,0.0913,0.2013,,4,False
SHP-100968218,DHL,Ningbo,Genoa,rail,In_Transit,Automotive,SGD,2022-01-24,2022-01-31,171.8,5323.1,6694.5,12.14,392377.68,28061.9,3,5,0.0,0.3144,0.1108,0.199,-12.8,2,False
SHP-102624290,Yang_Ming,Singapore,New_York,road,In_Transit,Food_Beverage,AED,2023-04-20,2023-04-21,38.3,5125.3,18807.2,31.78,141078.8,5738.39,11,2,0.0,0.4388,0.2086,0.3406,,4,False
SHP-103423987,ZIM,Singapore,Hamburg,rail,At_Port,Machinery,SGD,2023-11-28,2023-12-04,158.8,4973.8,29896.8,44.81,49287.63,3337.33,18,2,0.0,0.2512,0.3704,0.3676,-6.0,3,True
SHP-100031452,DB_Schenker,Colombo,Antwerp,road,At_Port,Textiles,CNY,2022-11-10,2022-11-19,219.6,1008.6,661.6,1.8,73041.92,3126.02,4,3,0.0,0.1119,0.1808,0.6027,,3,True
SHP-104456025,FedEx,Colombo,Singapore,sea,On_Schedule,Chemicals,AED,2022-03-08,2022-03-13,139.5,8865.1,103.9,0.16,14043.75,867.98,17,5,0.0,0.4584,0.2318,0.1656,26.4,3,True
SHP-103289612,FedEx,Rotterdam,Los_Angeles,air,At_Port,Pharmaceuticals,EUR,2024-12-09,2024-12-11,48.4,2703.3,939.3,3.73,39480.62,516.32,18,3,0.0,0.3069,0.0241,0.2906,,4,False
SHP-103724006,Evergreen,Melbourne,Genoa,sea,At_Port,Perishables,USD,2024-09-25,2024-10-14,473.3,18141.1,2513.0,8.03,9934.91,717.46,8,2,0.0,0.2979,0.0954,0.124,,3,True
SHP-102824924,UPS,Guangzhou,Barcelona,sea,On_Schedule,Consumer_Goods,USD,2023-12-12,2023-12-18,160.3,3882.9,2448.2,3.39,5877.97,168.75,24,1,0.0,0.2287,0.1828,0.1286,16.6,3,False
SHP-104307670,ZIM,Sydney,New_York,sea,At_Port,Machinery,GBP,2024-11-14,2024-11-28,336.0,8607.1,2419.4,3.35,139908.24,10896.08,14,2,0.0,0.1268,0.0189,0.3081,0.3,2,True
SHP-103169002,MSC,Hamburg,Valencia,sea,On_Schedule,Consumer_Goods,SGD,2022-10-17,2022-10-25,200.9,19161.3,707.7,1.51,14829.76,1085.14,22,1,0.0,0.1219,0.1567,0.4166,,3,True
SHP-102033155,CMA_CGM,Busan,Bremen,sea,On_Schedule,Automotive,CNY,2023-04-03,2023-04-30,654.7,14999.0,577.0,0.83,180094.12,8358.91,4,3,0.0,0.1544,0.0671,0.2785,,2,False
SHP-102915300,Hapag-Lloyd,Busan,Mumbai,rail,At_Port,Consumer_Goods,SGD,2023-01-03,2023-01-12,222.1,6259.5,17712.4,39.53,121955.53,6099.79,8,5,0.0,0.0351,0.2446,0.0416,-7.2,4,False
SHP-104945582,Yang_Ming,Jebel_Ali,Genoa,rail,On_Schedule,Perishables,EUR,2023-11-22,2023-12-01,221.6,4630.8,20873.2,26.5,7355.21,473.0,4,0,0.0,0.1693,0.3255,0.0342,,3,True
SHP-103853635,UPS,Mumbai,Baltimore,rail,Customs_Hold,Consumer_Goods,AED,2024-08-09,2024-08-12,86.6,3555.8,66.3,0.21,120893.26,5981.69,24,4,0.0,0.1394,0.5321,0.5554,25.7,1,True
SHP-102486250,Evergreen,Dubai,Barcelona,rail,Customs_Hold,Textiles,USD,2022-07-19,2022-07-25,157.9,488.9,3512.3,13.02,331596.68,15147.3,8,1,0.0,0.1353,0.4071,0.2919,,4,False
SHP-102243962,Maersk,Ningbo,Houston,rail,In_Transit,Machinery,SGD,2022-05-21,2022-05-26,123.1,299.2,15572.4,19.81,969095.57,11995.9,7,2,0.0,0.2986,0.1335,0.5773,3.9,3,True
SHP-102287431,ONE,Jebel_Ali,Savannah,sea,At_Port,Food_Beverage,USD,2024-12-24,2025-01-09,407.8,10044.6,246.1,1.08,135419.89,7640.98,7,5,0.0,0.3751,0.3194,0.4531,,4,False
SHP-104374277,HMM,Jebel_Ali,Dubai,rail,Customs_Hold,Pharmaceuticals,GBP,2023-12-29,2024-01-02,98.5,3127.5,9439.1,22.68,31227.26,1126.46,24,3,0.0,0.4478,0.0376,0.0406,,4,True
SHP-104216301,UPS,Singapore,Dubai,sea,On_Schedule,Consumer_Goods,EUR,2023-08-02,2023-08-25,572.5,11623.6,38231.5,66.5,29779.25,1212.34,12,3,0.0,0.0135,0.0429,0.4408,,4,True
SHP-102110848,MSC,Busan,Los_Angeles,air,On_Schedule,Raw_Materials,GBP,2023-08-02,2023-08-03,45.6,13563.2,3006.3,4.87,247715.46,11201.7,19,0,0.0,0.2432,0.3384,0.3569,,4,False
SHP-102902376,Yang_Ming,Felixstowe,Mumbai,sea,Delivered,Textiles,USD,2024-06-30,2024-07-05,124.9,7929.1,22655.5,45.51,21265.77,384.19,20,4,6.0,0.3157,0.1589,0.4493,-3.2,3,False
SHP-102189362,CMA_CGM,Chennai,Genoa,air,On_Schedule,Machinery,USD,2023-09-08,2023-09-10,63.5,8962.6,112471.7,192.24,55259.27,2378.55,12,5,0.0,0.3507,0.3308,0.0445,,4,False
SHP-103155637,FedEx,Melbourne,Piraeus,sea,In_Transit,Machinery,AED,2023-01-26,2023-02-23,690.7,1662.6,16722.7,36.01,3011924.91,139758.95,11,4,0.0,0.0983,0.0529,0.7081,23.9,3,True
SHP-102703881,ZIM,Antwerp,Bremen,sea,Delayed,Perishables,EUR,2024-06-25,2024-07-13,438.3,9870.1,77.8,0.1,88609.89,1155.68,3,2,24.4,0.2608,0.045,0.2049,,3,True
SHP-104444639,MSC,Guangzhou,Le_Havre,sea,Delayed,Textiles,SGD,2022-02-23,2022-03-17,549.6,12473.0,4913.1,11.38,2736400.36,202017.36,20,5,53.3,0.0725,0.2266,0.3422,,3,True
SHP-104831115,CMA_CGM,Rotterdam,Hamburg,sea,At_Port,Electronics,USD,2023-09-16,2023-10-09,553.1,1898.7,3317.0,4.5,6039.39,163.07,21,1,0.0,0.1728,0.0735,0.6524,,2,True
SHP-101416610,Evergreen,Felixstowe,Felixstowe,sea,On_Schedule,Automotive,USD,2023-08-13,2023-08-25,289.6,19806.4,59.2,0.18,69739.72,1695.08,17,2,0.0,0.1643,0.2642,0.0604,,3,False
SHP-103900426,MSC,Shanghai,Miami,sea,Delayed,Raw_Materials,GBP,2023-05-17,2023-06-13,659.4,16044.5,12994.2,20.41,22657.74,1090.1,9,3,11.1,0.0761,0.0322,0.7172,-18.0,3,True
SHP-102045031,COSCO,Ningbo,Felixstowe,sea,Delayed,Pharmaceuticals,GBP,2023-07-23,2023-08-20,690.2,9675.3,26748.1,89.9,18520.7,437.47,5,5,13.2,0.2895,0.1268,0.6583,8.2,4,True
SHP-102673438,CMA_CGM,Colombo,Bremen,road,In_Transit,Chemicals,USD,2024-12-21,2024-12-23,68.8,1029.6,528.6,1.41,15493.04,363.26,17,0,0.0,0.3664,0.021,0.3149,,3,True
SHP-101466127,Yang_Ming,Dubai,New_York,air,On_Schedule,Automotive,AED,2024-11-12,2024-11-13,33.9,10444.2,624.4,1.76,16909.03,493.18,20,5,0.0,0.4896,0.2009,0.1571,17.5,1,False
SHP-102807622,CMA_CGM,Shanghai,Singapore,sea,In_Transit,Textiles,SGD,2023-12-06,2023-12-19,312.7,14096.5,972.3,3.2,15535.6,801.45,10,3,0.0,0.1947,0.7427,0.1785,,1,False
SHP-100016608,Hapag-Lloyd,Hamburg,Rotterdam,sea,At_Port,Automotive,USD,2023-12-21,2024-01-13,553.4,20030.0,24.8,0.04,6776117.12,324366.24,18,4,0.0,0.1427,0.1119,0.129,,1,False
SHP-102967015,DHL,Guangzhou,Sydney,sea,On_Schedule,Perishables,USD,2023-10-26,2023-11-15,495.1,2598.3,57217.0,77.41,10972.86,764.09,20,1,0.0,0.2141,0.0852,0.6509,,3,True
SHP-101608557,Maersk,Tokyo,Hamburg,sea,Critical_Delay,Pharmaceuticals,SGD,2024-04-12,2024-04-29,421.6,16964.5,553.9,1.64,90539.94,5449.97,13,5,41.0,0.1193,0.4838,0.0984,,2,True
SHP-101743292,CMA_CGM,Melbourne,Baltimore,rail,In_Transit,Chemicals,SGD,2024-05-22,2024-05-26,100.3,5566.0,7843.1,12.76,29556.1,268.14,3,2,0.0,0.2186,0.1616,0.278,,1,True
SHP-101040625,MSC,Jebel_Ali,Baltimore,rail,Delivered,Pharmaceuticals,EUR,2023-08-21,2023-08-24,94.2,1989.0,30377.1,44.6,12791.9,164.51,7,3,21.5,0.3397,0.0835,0.3391,,2,False
SHP-104320403,Hapag-Lloyd,Sydney,Le_Havre,sea,On_Schedule,Textiles,CNY,2023-05-31,2023-06-12,294.0,10149.2,4464.6,10.31,6968.36,244.99,3,3,0.0,0.4117,0.1348,0.377,1.3,2,True
SHP-103043104,CMA_CGM,Ningbo,Sydney,sea,Critical_Delay,Consumer_Goods,EUR,2023-01-03,2023-01-26,558.4,1151.3,13981.9,17.7,707.78,12.94,17,4,6.4,0.4635,0.3801,0.1013,20.3,4,True
SHP-103104749,DB_Schenker,Melbourne,Le_Havre,sea,On_Schedule,Automotive,GBP,2023-12-19,2024-01-06,436.2,20904.8,170.8,0.24,23662.24,1113.14,6,1,0.0,0.5846,0.631,0.2913,,1,False
SHP-103797589,MSC,Jebel_Ali,Savannah,rail,On_Schedule,Automotive,AED,2024-06-01,2024-06-06,133.3,2103.4,219.9,0.31,125605.21,7445.82,16,1,0.0,0.2197,0.4113,0.1823,,1,True
SHP-100462324,Kuehne_Nagel,Chennai,Bremen,sea,In_Transit,Consumer_Goods,CNY,2023-05-13,2023-06-06,587.8,3600.0,4698.7,21.87,153821.9,4053.4,11,0,0.0,0.4099,0.1267,0.3556,6.2,4,False
SHP-100029447,COSCO,Rotterdam,Miami,sea,On_Schedule,Machinery,SGD,2023-10-05,2023-10-26,506.3,19335.3,42.3,0.06,83883.29,2807.04,21,4,0.0,0.6829,0.105,0.4777,,4,True
SHP-102976084,FedEx,Mumbai,Baltimore,sea,In_Transit,Electronics,EUR,2024-02-05,2024-02-21,386.3,5323.1,14085.6,32.62,8176.9,256.02,18,1,0.0,0.426,0.0731,0.016,,3,True
SHP-102988712,Evergreen,Guangzhou,Barcelona,road,At_Port,Perishables,USD,2022-04-10,2022-04-15,134.4,2038.1,6539.7,15.33,7586.76,572.9,7,3,0.0,0.1856,0.0606,0.1787,,1,False
SHP-102815612,Maersk,Mundra,Miami,sea,Delayed,Food_Beverage,CNY,2024-03-19,2024-03-25,158.4,10797.3,350911.3,1308.02,3981.52,76.02,13,2,13.3,0.1985,0.1888,0.2292,,4,True
SHP-101548907,Yang_Ming,Singapore,Baltimore,air,In_Transit,Machinery,AED,2024-06-24,2024-06-25,44.3,10769.5,18851.4,29.05,7959.03,416.76,11,1,0.0,0.3441,0.2967,0.6237,,4,False
SHP-103862788,HMM,Chennai,Valencia,sea,In_Transit,Pharmaceuticals,AED,2024-02-25,2024-03-10,345.0,8437.8,5137.9,6.97,5909.0,264.1,22,1,0.0,0.0658,0.1086,0.3512,-1.3,3,True
SHP-102981216,Hapag-Lloyd,Chennai,Mumbai,rail,On_Schedule,Textiles,GBP,2024-04-22,2024-04-29,188.8,2197.0,396.8,0.63,7586.97,517.49,7,5,0.0,0.354,0.1748,0.568,,2,True
SHP-102272001,Yang_Ming,Ningbo,Le_Havre,sea,In_Transit,Electronics,EUR,2024-08-19,2024-09-02,358.5,15646.5,250.4,0.93,32465.76,2228.21,2,2,0.0,0.4743,0.2906,0.4034,7.6,3,False
SHP-103501646,UPS,Busan,New_York,air,Delayed,Electronics,EUR,2022-03-11,2022-03-12,30.6,10677.7,950.9,2.31,627225.82,44674.06,7,3,10.2,0.1966,0.0868,0.5397,,1,False
SHP-103980450,DB_Schenker,Tokyo,Bremen,road,On_Schedule,Automotive,GBP,2022-11-28,2022-11-29,36.9,3199.0,17550.0,35.54,60640.31,833.7,5,3,0.0,0.0917,0.4048,0.1717,,1,True
SHP-100623096,UPS,Sydney,Genoa,sea,In_Transit,Raw_Materials,GBP,2022-01-07,2022-01-16,230.6,13301.6,38645.9,55.74,40417.84,1067.46,5,1,0.0,0.1271,0.1989,0.1939,,4,True
SHP-102702690,ZIM,Rotterdam,Dubai,air,In_Transit,Machinery,USD,2023-08-31,2023-09-02,56.0,13907.4,354.7,0.57,33348.68,625.77,5,4,0.0,0.3666,0.3107,0.5287,,1,True
SHP-101226076,FedEx,Melbourne,Rotterdam,sea,In_Transit,Automotive,EUR,2024-05-07,2024-06-02,629.3,9531.6,8602.9,31.81,168636.46,7309.83,15,1,0.0,0.244,0.1455,0.3694,,2,True
SHP-100128330,Kuehne_Nagel,Guangzhou,Le_Havre,sea,On_Schedule,Textiles,AED,2022-01-21,2022-02-07,428.9,5581.1,3630.8,8.13,20620.25,1184.94,13,5,0.0,0.2884,0.0825,0.5032,,4,True
SHP-104439473,Hapag-Lloyd,Singapore,Barcelona,rail,In_Transit,Raw_Materials,USD,2023-12-25,2024-01-01,170.4,1196.1,14799.3,39.45,9631.61,731.07,4,2,0.0,0.1303,0.0861,0.472,,2,False
SHP-103428190,Evergreen,Chennai,Barcelona,sea,On_Schedule,Perishables,USD,2023-04-25,2023-05-05,248.1,17238.3,20472.6,83.29,621936.84,10824.8,10,2,0.0,0.0833,0.1244,0.0567,,2,True
SHP-104962101,Kuehne_Nagel,Guangzhou,Rotterdam,rail,In_Transit,Electronics,USD,2024-10-19,2024-10-23,109.2,5073.3,35424.7,108.66,39194.53,1173.4,23,4,0.0,0.3864,0.3526,0.5799,5.5,2,True
SHP-102583902,ONE,Guangzhou,Valencia,sea,Delayed,Food_Beverage,SGD,2024-03-14,2024-03-20,152.5,21315.4,2890.3,4.08,2229.22,43.4,5,5,39.3,0.2851,0.1668,0.4892,,4,False
SHP-104415105,Kuehne_Nagel,Ningbo,Genoa,sea,In_Transit,Machinery,GBP,2022-05-22,2022-06-08,416.2,10504.9,638.6,0.92,20650.88,1584.1,17,3,0.0,0.3315,0.2358,0.0917,,4,True
SHP-101567680,ONE,Felixstowe,Singapore,rail,On_Schedule,Pharmaceuticals,EUR,2023-04-04,2023-04-11,169.8,4284.9,653.4,1.74,851.86,12.11,8,4,0.0,0.1396,0.0281,0.3483,,3,True
SHP-103827021,DHL,Mundra,Antwerp,sea,In_Transit,Textiles,SGD,2022-11-09,2022-11-22,332.5,4964.0,750.5,1.01,29890.83,1352.48,14,5,0.0,0.0804,0.1225,0.3759,,4,False
SHP-104512339,ONE,Mumbai,Hamburg,sea,In_Transit,Chemicals,AED,2022-02-03,2022-02-18,377.2,16274.9,39804.3,87.51,810895.04,38500.37,18,2,0.0,0.4848,0.2404,0.5505,,3,True
SHP-102829167,ZIM,Mundra,Felixstowe,sea,On_Schedule,Textiles,EUR,2023-10-08,2023-11-02,620.5,10701.4,5114.4,7.24,66065.87,2067.19,17,0,0.0,0.5326,0.1703,0.1053,,1,True
SHP-101979650,ONE,Shanghai,Hamburg,sea,In_Transit,Consumer_Goods,CNY,2023-08-26,2023-09-22,656.3,16090.9,1072.9,3.38,10882.92,60.38,15,4,0.0,0.6383,0.0658,0.2145,-5.0,2,True
SHP-101982494,FedEx,Mundra,Bremen,air,On_Schedule,Electronics,EUR,2024-07-23,2024-07-24,26.7,1194.8,116.3,0.29,645144.1,46646.65,11,3,0.0,0.1994,0.2268,0.3244,22.0,2,False
SHP-102316921,HMM,Dubai,Bremen,sea,On_Schedule,Automotive,USD,2023-07-20,2023-07-25,139.8,12951.1,540.1,0.68,6530.24,196.26,11,5,0.0,0.3686,0.0377,0.5409,1.3,3,True
SHP-100481380,Kuehne_Nagel,Melbourne,Mumbai,sea,In_Transit,Electronics,CNY,2023-01-30,2023-02-14,382.3,831.5,855.3,1.59,107890.78,6759.54,10,2,0.0,0.2473,0.4071,0.5617,,2,False
SHP-103858553,FedEx,Busan,Baltimore,rail,On_Schedule,Machinery,AED,2023-09-25,2023-10-03,192.3,5443.8,3813.1,8.86,193351.03,7780.41,4,3,0.0,0.1029,0.1587,0.3807,,1,True
SHP-100730300,COSCO,Busan,Houston,sea,In_Transit,Raw_Materials,GBP,2024-05-10,2024-05-16,164.0,9310.3,31254.8,43.11,6573.21,184.42,19,0,0.0,0.5767,0.0553,0.3917,-19.6,1,True
SHP-102578156,UPS,Singapore,Los_Angeles,sea,In_Transit,Machinery,EUR,2024-08-28,2024-09-01,115.3,1217.6,705.2,3.14,174485.98,2075.14,3,0,0.0,0.1531,0.0263,0.426,,1,True
SHP-102727564,Maersk,Sydney,Baltimore,rail,Delayed,Food_Beverage,GBP,2024-05-09,2024-05-17,199.7,1563.2,1740.2,2.42,638464.62,43142.08,19,2,90.9,0.3402,0.0756,0.4349,-16.1,1,True
SHP-103801972,Maersk,Colombo,Felixstowe,air,Delayed,Perishables,SGD,2023-07-05,2023-07-06,47.8,7334.0,20130.4,33.89,4460.87,181.09,17,1,16.1,0.2108,0.2954,0.2159,15.4,2,False
SHP-103810642,UPS,Tokyo,Valencia,sea,On_Schedule,Textiles,SGD,2024-12-21,2025-01-08,438.2,1953.0,29872.6,57.45,52059.91,2831.25,17,1,0.0,0.4277,0.548,0.3588,,4,True
SHP-100798227,Evergreen,Port_Klang,Hamburg,road,In_Transit,Chemicals,EUR,2024-12-28,2024-12-31,87.9,6578.0,2708.4,6.39,123707.46,8359.45,12,1,0.0,0.2183,0.2336,0.3759,,2,False
SHP-102150198,ONE,Shanghai,Savannah,rail,On_Schedule,Electronics,AED,2023-09-20,2023-09-23,86.6,1500.7,2529.6,3.54,1653420.66,60197.9,2,1,0.0,0.0755,0.1015,0.0651,20.7,1,True
SHP-101085711,Maersk,Dubai,Bremen,rail,At_Port,Textiles,CNY,2023-03-15,2023-03-24,235.3,5793.4,13487.4,26.79,891309.7,18532.02,9,2,0.0,0.1238,0.4017,0.4778,,3,False
SHP-100330898,COSCO,Antwerp,Los_Angeles,rail,At_Port,Electronics,EUR,2024-10-28,2024-11-05,210.3,4030.3,476.1,0.91,112968.84,7163.14,6,4,0.0,0.5591,0.2418,0.0905,,4,True
SHP-100429751,ZIM,Colombo,Mumbai,sea,Delayed,Perishables,AED,2023-07-11,2023-08-03,564.0,20695.0,679.8,2.23,20141.57,113.31,8,2,11.9,0.4631,0.2556,0.6642,27.6,1,False
SHP-102144469,Hapag-Lloyd,Antwerp,Felixstowe,sea,Delayed,Perishables,CNY,2022-09-06,2022-09-28,539.3,6169.3,2696.6,9.09,40143.67,945.04,11,5,18.0,0.5576,0.111,0.2759,1.2,1,False
SHP-101418832,Yang_Ming,Ningbo,Bremen,sea,At_Port,Chemicals,USD,2024-04-14,2024-05-09,606.7,4699.6,2270.4,4.62,11099.76,682.15,2,2,0.0,0.4907,0.2068,0.4329,,1,False
SHP-104831043,FedEx,Port_Klang,Mumbai,sea,On_Schedule,Food_Beverage,GBP,2023-03-16,2023-03-27,286.1,8388.1,862.7,1.89,45307.36,745.45,22,3,0.0,0.429,0.1234,0.5597,,2,False
SHP-101126803,FedEx,Chennai,Los_Angeles,sea,On_Schedule,Food_Beverage,AED,2023-12-26,2024-01-21,625.0,10378.5,19162.1,64.92,27199.06,1482.27,20,1,0.0,0.1491,0.195,0.3574,,4,False
SHP-100683684,Yang_Ming,Jebel_Ali,Miami,sea,On_Schedule,Raw_Materials,CNY,2024-06-06,2024-06-25,464.4,9158.4,2065.9,6.2,572605.48,7063.78,19,1,0.0,0.1755,0.4244,0.5166,,1,True
SHP-102743186,Maersk,Mumbai,Genoa,sea,In_Transit,Perishables,GBP,2024-05-17,2024-06-12,638.1,5464.9,78.5,0.19,1005540.13,32651.0,18,1,0.0,0.0646,0.1338,0.1853,,1,True
SHP-104501307,Hapag-Lloyd,Hamburg,Bremen,air,In_Transit,Electronics,SGD,2022-07-22,2022-07-23,43.1,9007.6,127.6,0.17,258013.9,12055.81,19,1,0.0,0.0857,0.1109,0.457,3.8,1,True
SHP-101932689,DB_Schenker,Melbourne,Le_Havre,sea,Customs_Hold,Pharmaceuticals,USD,2022-12-01,2022-12-13,293.1,9407.3,27150.3,36.26,45928.95,1491.5,22,5,0.0,0.3292,0.0791,0.3481,,3,False
SHP-104050562,MSC,Hamburg,Houston,sea,Delayed,Electronics,EUR,2022-10-18,2022-11-08,523.4,5763.2,182819.1,353.62,164547.63,11380.03,3,0,2.8,0.1817,0.2937,0.3298,,2,True
SHP-102378061,MSC,Tokyo,Miami,sea,Critical_Delay,Automotive,CNY,2023-08-21,2023-09-16,629.7,4101.1,649.2,1.07,9076.31,696.46,14,5,13.7,0.2941,0.0633,0.4732,,1,True
SHP-101488904,UPS,Colombo,Barcelona,sea,On_Schedule,Chemicals,AED,2024-07-06,2024-07-11,133.4,11532.2,225.5,0.3,17543.32,608.95,8,1,0.0,0.2546,0.2087,0.4848,-13.0,3,False
SHP-101837457,DB_Schenker,Sydney,Rotterdam,sea,Customs_Hold,Perishables,USD,2022-01-28,2022-02-18,511.6,13945.6,60.7,0.12,13141.85,482.43,9,2,0.0,0.1734,0.0102,0.116,,2,False
SHP-104976416,HMM,Dubai,Valencia,sea,Delayed,Machinery,GBP,2022-06-21,2022-07-11,503.0,3571.8,1380.3,2.99,372644.15,12043.83,24,0,7.6,0.2992,0.4046,0.0144,,3,False
SHP-103554412,DB_Schenker,Jebel_Ali,Baltimore,sea,On_Schedule,Automotive,GBP,2022-01-02,2022-01-17,361.6,18670.3,740.6,1.16,4105.77,327.33,17,4,0.0,0.2679,0.178,0.189,,1,False
SHP-102582018,COSCO,Chennai,Mumbai,air,Delivered,Pharmaceuticals,SGD,2024-12-18,2024-12-20,56.4,6091.3,572.4,2.68,2256.55,172.15,8,4,20.6,0.4114,0.2049,0.2436,27.0,3,True
SHP-102652439,COSCO,Felixstowe,Barcelona,sea,On_Schedule,Chemicals,SGD,2023-08-19,2023-08-27,204.0,940.3,156908.7,263.7,10571.28,739.03,18,4,0.0,0.5082,0.3311,0.3086,5.8,1,True
SHP-101707980,DB_Schenker,Dubai,Genoa,sea,Customs_Hold,Perishables,SGD,2022-12-11,2022-12-23,305.4,19252.1,1791.7,5.7,56400.8,2889.58,19,5,0.0,0.1855,0.0262,0.4534,26.6,2,True
SHP-101719788,Maersk,Mundra,New_York,sea,On_Schedule,Perishables,GBP,2024-08-03,2024-08-20,431.0,11479.7,3100.9,9.02,82551.94,6265.68,21,5,0.0,0.2566,0.3142,0.0675,-7.8,1,False
SHP-102972313,CMA_CGM,Shanghai,Singapore,sea,In_Transit,Raw_Materials,GBP,2022-10-17,2022-11-10,587.4,21151.0,2219.5,4.13,7541.17,91.76,18,4,0.0,0.2644,0.1262,0.5603,,2,True
SHP-100912404,Kuehne_Nagel,Mumbai,Barcelona,sea,On_Schedule,Automotive,CNY,2023-02-17,2023-02-23,161.4,20576.1,18393.9,39.04,25417.84,1712.24,7,0,0.0,0.2828,0.1285,0.5045,,1,False
SHP-103399270,Maersk,Tokyo,Antwerp,sea,Critical_Delay,Pharmaceuticals,CNY,2023-06-21,2023-07-07,389.3,3009.3,4238.4,17.61,7409276.39,186725.89,22,0,19.8,0.4382,0.1197,0.257,,1,False
SHP-100843912,CMA_CGM,Mundra,Savannah,sea,Critical_Delay,Automotive,CNY,2024-02-23,2024-03-19,607.0,8877.4,1179.3,3.31,13172.16,212.85,13,0,4.9,0.2425,0.0889,0.2251,,1,True
SHP-103053828,CMA_CGM,Guangzhou,Rotterdam,air,Delayed,Automotive,GBP,2023-08-12,2023-08-14,71.5,4451.3,2528.5,4.67,1434810.45,111025.46,20,2,1.7,0.3474,0.1082,0.6493,10.4,4,True
SHP-100872498,CMA_CGM,Mumbai,Antwerp,sea,Critical_Delay,Pharmaceuticals,CNY,2022-10-09,2022-10-17,210.4,14962.1,10317.9,18.74,5103.78,287.24,1,4,17.8,0.1253,0.2698,0.3255,,2,False
SHP-104374777,CMA_CGM,Melbourne,Sydney,sea,Delivered,Pharmaceuticals,GBP,2024-10-31,2024-11-10,241.2,5808.2,55.7,0.25,87439.79,6732.84,24,1,19.3,0.1084,0.0735,0.2572,,3,False
SHP-100292912,Evergreen,Mundra,Piraeus,sea,Customs_Hold,Consumer_Goods,EUR,2022-11-21,2022-12-02,285.6,11967.1,431.6,0.93,13527.08,617.58,6,2,0.0,0.1747,0.4749,0.3035,5.3,4,True
SHP-101897290,Maersk,Singapore,Houston,sea,On_Schedule,Electronics,EUR,2024-06-30,2024-07-05,138.3,18159.0,61806.1,89.31,25821.01,1595.15,18,4,0.0,0.5497,0.0432,0.3566,,1,True
SHP-100870007,DB_Schenker,Hamburg,Miami,rail,At_Port,Electronics,GBP,2023-07-15,2023-07-18,75.7,4965.9,751.6,3.0,25180.55,704.37,1,4,0.0,0.4094,0.176,0.3369,,1,False
SHP-102239611,ZIM,Busan,Baltimore,rail,At_Port,Consumer_Goods,GBP,2022-11-14,2022-11-19,131.5,7651.8,323.3,0.41,13375.99,337.87,10,3,0.0,0.3169,0.5433,0.5659,,2,False
SHP-104094666,FedEx,Melbourne,Savannah,air,In_Transit,Textiles,GBP,2023-06-06,2023-06-08,48.2,580.6,1496.2,5.92,158330.14,3243.05,13,2,0.0,0.1601,0.0379,0.3577,,2,False
SHP-103711377,CMA_CGM,Singapore,Dubai,sea,On_Schedule,Machinery,CNY,2023-11-16,2023-12-07,515.6,3915.9,4388.5,5.92,121620.73,7482.8,9,0,0.0,0.0042,0.161,0.6526,,3,False
SHP-102422151,MSC,Mundra,Sydney,sea,Customs_Hold,Electronics,USD,2024-05-25,2024-06-21,667.6,12135.2,9570.4,14.96,675260.39,41622.65,18,2,0.0,0.2864,0.1387,0.7701,-3.8,4,False
SHP-100453178,MSC,Rotterdam,Sydney,rail,On_Schedule,Electronics,GBP,2023-05-20,2023-05-22,63.8,6294.7,2167.6,2.88,209551.49,15244.71,2,0,0.0,0.1968,0.3604,0.2276,,3,False
SHP-104302867,Evergreen,Rotterdam,Baltimore,air,Delivered,Consumer_Goods,USD,2023-06-17,2023-06-17,17.1,2257.7,1035.7,4.2,2492018.97,135627.2,2,1,113.4,0.3593,0.2279,0.4853,,3,True
SHP-102351568,CMA_CGM,Shanghai,Houston,rail,At_Port,Food_Beverage,AED,2024-10-07,2024-10-14,183.3,2570.5,1529.6,2.99,5052.5,361.07,7,2,0.0,0.3799,0.1335,0.3264,23.0,1,False
SHP-103179000,Evergreen,Hamburg,Miami,air,On_Schedule,Pharmaceuticals,AED,2024-04-14,2024-04-14,17.7,5010.8,2074.4,8.78,75662.97,3812.22,12,2,0.0,0.2589,0.4318,0.2907,-2.6,3,True
SHP-104775349,CMA_CGM,Chennai,New_York,sea,In_Transit,Food_Beverage,CNY,2023-12-03,2023-12-19,391.5,13970.2,8885.6,14.1,41026.17,1019.74,1,3,0.0,0.3393,0.3865,0.5219,,2,True
SHP-103257852,ONE,Antwerp,Sydney,road,Delayed,Chemicals,USD,2023-04-26,2023-04-28,49.3,1628.1,2915.9,4.69,1362.43,64.22,19,4,35.3,0.1255,0.0961,0.0167,,2,True
SHP-100580450,Maersk,Hamburg,New_York,sea,At_Port,Automotive,SGD,2022-01-20,2022-02-03,345.3,14191.4,374.6,0.71,123259.22,7966.93,10,1,0.0,0.1733,0.0666,0.3959,,4,True
SHP-103299956,ZIM,Antwerp,Singapore,sea,Delivered,Food_Beverage,CNY,2024-07-14,2024-08-10,653.8,4999.1,6518.5,9.37,1201159.84,12783.45,5,0,1.2,0.192,0.0328,0.2676,,3,True
SHP-101547938,UPS,Busan,Bremen,air,In_Transit,Automotive,AED,2023-11-22,2023-11-22,22.2,6224.5,6770.8,8.89,980.34,17.5,20,2,0.0,0.108,0.5455,0.0527,,1,True
SHP-103847563,Kuehne_Nagel,Colombo,Felixstowe,sea,In_Transit,Perishables,GBP,2022-05-22,2022-06-11,488.0,21782.4,5728.3,10.97,36818.54,2918.94,1,1,0.0,0.2784,0.1898,0.481,,1,True
SHP-102199797,Maersk,Tanjung_Pelepas,Los_Angeles,sea,Critical_Delay,Textiles,SGD,2022-12-01,2022-12-17,396.9,19285.8,4909.4,6.19,96206.82,6613.33,18,2,4.7,0.5334,0.3911,0.4225,,3,False
SHP-103506448,Hapag-Lloyd,Mundra,Felixstowe,road,In_Transit,Chemicals,AED,2024-09-20,2024-09-25,131.6,7472.3,113831.0,185.68,15559.07,950.52,21,2,0.0,0.1681,0.0366,0.4149,,2,True
SHP-103839398,Maersk,Rotterdam,Piraeus,sea,On_Schedule,Textiles,SGD,2024-09-13,2024-09-17,114.2,11801.1,17632.5,24.64,148882.15,3366.16,15,5,0.0,0.1437,0.1159,0.4013,,1,False
SHP-102577027,Evergreen,Colombo,Mumbai,sea,On_Schedule,Chemicals,SGD,2023-04-06,2023-04-22,387.4,13078.3,33720.0,108.26,3324.32,23.11,10,1,0.0,0.0817,0.0986,0.1086,,1,False
SHP-101908167,Yang_Ming,Busan,New_York,sea,At_Port,Textiles,AED,2024-05-10,2024-05-29,462.0,6827.3,901.6,1.36,124856.09,5306.19,20,5,0.0,0.4011,0.1175,0.4139,17.5,1,False
SHP-101882166,DHL,Busan,Dubai,air,At_Port,Food_Beverage,SGD,2022-07-21,2022-07-22,27.4,14432.5,1009.1,1.52,77073.45,5427.0,21,0,0.0,0.2644,0.0875,0.3204,,3,False
SHP-103449820,Maersk,Tanjung_Pelepas,Singapore,sea,On_Schedule,Machinery,AED,2022-11-25,2022-12-09,356.6,4713.2,924.7,1.27,20407.64,585.36,15,5,0.0,0.1899,0.1943,0.6809,,4,False
SHP-103180674,ONE,Antwerp,Genoa,rail,Delivered,Automotive,USD,2023-03-17,2023-03-18,31.0,3085.7,118.8,0.18,880136.21,63612.59,10,0,13.7,0.2841,0.0522,0.4497,,2,True
SHP-103079569,COSCO,Busan,Los_Angeles,rail,On_Schedule,Perishables,GBP,2024-12-09,2024-12-11,59.8,5378.8,22643.4,99.61,25824.31,721.22,18,3,0.0,0.2978,0.4119,0.2649,,4,False
SHP-100470644,ZIM,Mundra,Barcelona,sea,In_Transit,Chemicals,AED,2023-03-26,2023-04-24,701.3,1953.1,2300.2,3.66,117492.44,6669.46,6,0,0.0,0.2814,0.2282,0.6157,,2,True
SHP-101642654,COSCO,Chennai,Houston,road,Delayed,Pharmaceuticals,CNY,2023-02-21,2023-02-24,83.6,5210.2,1404.6,3.95,1323285.28,70257.69,3,3,11.3,0.3525,0.5046,0.3074,,3,False
SHP-104871440,HMM,Busan,Mumbai,sea,In_Transit,Pharmaceuticals,SGD,2023-09-06,2023-09-15,222.2,3665.4,9457.1,16.9,77458.42,3422.08,14,3,0.0,0.4323,0.1538,0.2019,,1,False
SHP-100941988,FedEx,Felixstowe,Genoa,air,Delayed,Chemicals,GBP,2022-08-05,2022-08-06,33.0,8936.8,1325.6,2.73,1438834.12,25134.38,9,5,100.7,0.1918,0.3448,0.3552,,1,False
SHP-104378787,Kuehne_Nagel,Melbourne,Rotterdam,road,In_Transit,Raw_Materials,AED,2024-04-24,2024-05-01,189.4,220.5,538.2,0.81,1744.48,78.65,7,0,0.0,0.4616,0.1472,0.0818,,1,False
SHP-103319206,FedEx,Felixstowe,Felixstowe,sea,At_Port,Textiles,USD,2022-05-20,2022-06-18,705.5,11267.9,672.2,0.92,30487.2,316.65,14,4,0.0,0.5691,0.0969,0.3138,,3,True
SHP-101076168,UPS,Busan,Houston,sea,At_Port,Pharmaceuticals,USD,2022-06-29,2022-07-18,462.4,9376.3,3907.1,6.25,128977.7,1954.71,3,5,0.0,0.2316,0.3144,0.3811,-3.6,4,False
SHP-104152839,DHL,Hamburg,Mumbai,sea,Delayed,Textiles,AED,2022-06-21,2022-07-01,254.1,4621.4,6404.0,19.74,162857.78,3748.5,22,4,30.7,0.0455,0.1556,0.1735,,4,False
SHP-102708374,Maersk,Mundra,Piraeus,sea,Delayed,Machinery,AED,2024-08-14,2024-09-08,604.4,10739.9,15731.0,50.88,1542075.17,82378.78,13,4,9.7,0.4886,0.2163,0.2528,,4,True
SHP-100668997,COSCO,Port_Klang,Baltimore,air,Delivered,Consumer_Goods,SGD,2023-03-03,2023-03-05,60.9,2097.0,9047.3,25.0,193216.83,10771.01,23,1,1.1,0.3364,0.1554,0.3584,,4,True
SHP-103488441,CMA_CGM,Mundra,Sydney,sea,At_Port,Textiles,USD,2024-02-17,2024-03-01,318.1,2021.2,3854.9,12.25,331250.94,17745.48,21,5,0.0,0.4336,0.0573,0.8098,,2,True
SHP-104436074,Maersk,Rotterdam,Miami,sea,In_Transit,Machinery,AED,2022-03-02,2022-03-20,447.7,11415.8,939.1,3.01,30943.63,1644.26,10,5,0.0,0.4419,0.3369,0.266,15.2,1,False
SHP-100207002,DHL,Felixstowe,Hamburg,sea,Customs_Hold,Raw_Materials,EUR,2022-12-20,2022-12-30,251.0,4596.1,25482.7,52.07,1749.57,69.31,12,1,0.0,0.5276,0.2731,0.1121,,2,True
SHP-100303213,COSCO,Busan,Hamburg,air,In_Transit,Pharmaceuticals,USD,2024-09-29,2024-10-01,67.2,12227.1,19435.5,26.86,39245.89,2926.25,6,0,0.0,0.2642,0.4187,0.425,,3,True
SHP-100803628,MSC,Mundra,New_York,air,At_Port,Machinery,AED,2022-05-23,2022-05-25,68.6,13554.2,25942.6,34.88,8844.38,108.51,4,0,0.0,0.1179,0.0856,0.5655,,2,True
SHP-100344453,FedEx,Jebel_Ali,Savannah,air,At_Port,Automotive,AED,2023-07-28,2023-07-30,52.8,3359.9,14595.2,29.32,2194.53,27.61,5,5,0.0,0.0584,0.1522,0.4356,,2,True
SHP-101790213,ZIM,Felixstowe,Valencia,sea,On_Schedule,Electronics,AED,2023-12-18,2023-12-27,224.4,14439.7,100.6,0.13,10271.89,505.88,23,4,0.0,0.1968,0.1898,0.1707,,3,True
SHP-102538676,ZIM,Sydney,Bremen,sea,In_Transit,Automotive,GBP,2024-10-21,2024-11-18,672.3,14852.2,4794.2,7.96,178826.57,6167.96,13,2,0.0,0.2763,0.2382,0.6041,,2,False
SHP-103559942,Evergreen,Busan,Valencia,sea,In_Transit,Machinery,AED,2022-11-22,2022-12-17,615.3,3347.0,234.4,1.11,968867.18,23141.98,2,4,0.0,0.2328,0.2569,0.6018,,4,False
SHP-101669759,FedEx,Mundra,Los_Angeles,sea,On_Schedule,Food_Beverage,CNY,2024-01-08,2024-01-18,260.2,6613.0,2629.4,3.92,98074.69,2125.29,23,5,0.0,0.4465,0.0881,0.3406,,3,True
SHP-102110852,FedEx,Busan,Mumbai,sea,Delayed,Chemicals,GBP,2022-05-31,2022-06-06,156.8,4660.6,14278.2,41.62,27283.51,871.48,15,3,4.2,0.19,0.2892,0.3704,,1,False
SHP-104622362,Maersk,Melbourne,Valencia,sea,On_Schedule,Chemicals,USD,2023-12-29,2024-01-07,218.6,21432.4,5623.7,8.51,124274.4,2831.96,13,1,0.0,0.4636,0.2394,0.2505,7.8,1,True
SHP-104211630,CMA_CGM,Mumbai,Los_Angeles,sea,At_Port,Textiles,CNY,2023-04-01,2023-04-17,385.0,2400.9,146984.3,209.6,60037.0,2502.59,8,3,0.0,0.3543,0.19,0.1862,-3.2,1,False
SHP-100979957,Yang_Ming,Tokyo,Sydney,road,On_Schedule,Consumer_Goods,EUR,2024-03-19,2024-03-28,233.2,4050.9,11596.4,56.94,6163.88,461.57,17,3,0.0,0.15,0.0736,0.2521,28.7,3,True
SHP-100796047,DHL,Felixstowe,Mumbai,rail,On_Schedule,Machinery,AED,2024-11-18,2024-11-19,36.6,2930.4,7335.8,11.38,6216.58,180.85,23,2,0.0,0.1853,0.1619,0.5843,,1,True
SHP-103952590,DHL,Shanghai,Singapore,rail,Customs_Hold,Food_Beverage,AED,2022-04-08,2022-04-12,104.1,3667.0,20242.1,28.02,74322.53,5404.84,24,2,0.0,0.1746,0.099,0.4438,,2,False
SHP-103834634,UPS,Felixstowe,Hamburg,sea,On_Schedule,Perishables,USD,2022-10-02,2022-10-18,390.8,18077.9,3281.6,6.05,42787.7,2309.93,17,2,0.0,0.1412,0.1552,0.2887,,3,True
SHP-103268532,Evergreen,Tanjung_Pelepas,Sydney,air,On_Schedule,Consumer_Goods,CNY,2024-01-06,2024-01-08,71.9,9204.9,11495.0,15.46,27458.67,1084.33,9,1,0.0,0.1384,0.0275,0.1514,24.1,2,False
SHP-104922124,Yang_Ming,Mundra,Felixstowe,road,At_Port,Pharmaceuticals,AED,2024-10-31,2024-11-05,134.0,4261.8,252.9,0.42,14164.0,670.25,21,5,0.0,0.2524,0.1539,0.1048,,1,True
SHP-102016726,Hapag-Lloyd,Chennai,Mumbai,sea,On_Schedule,Consumer_Goods,USD,2023-02-19,2023-03-05,346.0,19471.8,102405.9,146.05,38163.01,2676.26,3,5,0.0,0.267,0.1642,0.1986,-18.8,4,False
SHP-103605762,CMA_CGM,Hamburg,Rotterdam,rail,Critical_Delay,Food_Beverage,EUR,2024-04-09,2024-04-14,127.3,7399.1,524.8,0.92,106649.83,4076.82,18,1,2.5,0.2304,0.113,0.6724,,4,False
SHP-104209925,CMA_CGM,Chennai,Piraeus,sea,On_Schedule,Pharmaceuticals,EUR,2024-10-12,2024-10-19,182.1,3032.8,3658.7,6.54,1147551.47,35860.09,19,3,0.0,0.1073,0.0607,0.3458,,3,True
SHP-104695984,MSC,Antwerp,Los_Angeles,sea,At_Port,Raw_Materials,USD,2024-04-07,2024-04-23,391.8,1692.2,59373.7,92.59,4614.9,115.55,8,3,0.0,0.0514,0.374,0.0334,,4,True
SHP-104274490,UPS,Singapore,Piraeus,sea,Delayed,Raw_Materials,AED,2023-04-23,2023-05-17,577.3,4957.8,9590.6,20.24,26774.54,1288.2,3,1,19.8,0.4508,0.1765,0.1044,,4,False
SHP-100646940,FedEx,Tanjung_Pelepas,Los_Angeles,rail,On_Schedule,Food_Beverage,USD,2024-08-24,2024-09-01,208.4,2716.3,1978.8,3.06,202195.99,9519.61,5,5,0.0,0.3536,0.4398,0.2249,,2,True
SHP-100145922,ONE,Dubai,Houston,rail,In_Transit,Pharmaceuticals,EUR,2023-09-20,2023-09-27,182.9,7127.9,127.0,0.62,2769873.07,146834.08,8,3,0.0,0.3554,0.0168,0.3423,,1,True
SHP-100320302,COSCO,Sydney,Los_Angeles,air,On_Schedule,Chemicals,CNY,2022-11-14,2022-11-16,59.1,805.7,4173.1,7.15,12394.11,298.19,20,2,0.0,0.3902,0.0446,0.1823,,4,False
SHP-103573544,FedEx,Melbourne,Felixstowe,sea,In_Transit,Consumer_Goods,AED,2024-12-19,2025-01-08,503.6,13002.3,8323.5,12.42,64683.05,1567.51,3,3,0.0,0.3816,0.4316,0.0458,,3,True
SHP-101995676,HMM,Singapore,Los_Angeles,sea,In_Transit,Textiles,USD,2023-05-15,2023-06-05,524.7,17806.3,6798.9,22.02,5840.57,435.29,3,0,0.0,0.4692,0.3442,0.5966,-8.8,1,False
SHP-103179260,Evergreen,Jebel_Ali,Hamburg,air,On_Schedule,Consumer_Goods,CNY,2024-02-11,2024-02-12,42.3,1137.7,955.2,2.2,278451.89,18063.46,1,1,0.0,0.1932,0.2716,0.1889,,1,False
SHP-100574193,Kuehne_Nagel,Antwerp,Sydney,sea,In_Transit,Automotive,GBP,2024-06-02,2024-06-30,678.4,16594.8,930.2,3.16,104917.08,2461.6,1,0,0.0,0.4554,0.1397,0.1063,,2,True
SHP-102635713,FedEx,Mumbai,Felixstowe,air,Customs_Hold,Consumer_Goods,EUR,2023-04-07,2023-04-08,38.5,13214.8,455.6,1.61,9385.03,486.2,14,3,0.0,0.427,0.1194,0.1979,,2,False
SHP-103387797,HMM,Antwerp,Baltimore,sea,Delayed,Pharmaceuticals,AED,2022-07-24,2022-07-31,188.5,19456.6,21.8,0.03,105952.37,7271.06,20,5,17.5,0.2745,0.1275,0.4983,,3,True
SHP-103803049,Maersk,Guangzhou,Hamburg,road,On_Schedule,Pharmaceuticals,SGD,2022-12-29,2023-01-05,179.9,5006.1,26147.5,57.45,6314.45,113.78,1,4,0.0,0.2195,0.2789,0.3796,,2,True
SHP-102623521,HMM,Ningbo,Mumbai,rail,On_Schedule,Electronics,AED,2023-08-23,2023-08-24,43.3,3419.1,21611.0,85.24,312747.54,7324.39,8,4,0.0,0.2477,0.4634,0.5545,,3,True
SHP-100698130,UPS,Hamburg,Felixstowe,sea,On_Schedule,Raw_Materials,CNY,2024-03-25,2024-03-29,103.3,8208.1,150.1,0.44,1827.27,90.32,15,3,0.0,0.3512,0.4392,0.3269,29.9,3,True
SHP-100786397,MSC,Sydney,Baltimore,sea,In_Transit,Food_Beverage,AED,2024-11-06,2024-12-01,613.9,10170.3,13656.7,18.34,284176.7,15809.06,5,4,0.0,0.1237,0.2947,0.4777,,2,False
SHP-104074103,Maersk,Busan,Savannah,road,In_Transit,Pharmaceuticals,CNY,2023-08-08,2023-08-16,198.7,1606.6,47056.1,111.4,64896.82,3502.35,7,5,0.0,0.7578,0.6018,0.4902,-1.2,3,True
SHP-103508465,MSC,Felixstowe,Piraeus,air,In_Transit,Consumer_Goods,AED,2023-11-12,2023-11-12,16.1,2244.6,2430.3,4.96,67329.13,884.48,20,4,0.0,0.2027,0.2111,0.2745,,4,False
SHP-102836973,ONE,Rotterdam,Bremen,air,Customs_Hold,Pharmaceuticals,EUR,2023-06-11,2023-06-12,41.4,12933.3,1637.8,3.33,26731.7,529.67,5,3,0.0,0.2607,0.1118,0.1823,-16.9,2,False
SHP-104979493,Maersk,Tokyo,Savannah,sea,Delayed,Automotive,SGD,2022-10-01,2022-10-20,466.0,8587.8,347.5,1.0,60026.15,4292.87,21,2,133.7,0.2949,0.1574,0.3595,,3,True
SHP-103727320,ZIM,Sydney,Barcelona,sea,Critical_Delay,Pharmaceuticals,CNY,2022-05-09,2022-05-17,216.0,20869.7,1500.6,4.53,223444.12,7138.73,11,0,9.9,0.2618,0.2239,0.4296,,4,True
SHP-101479842,Maersk,Jebel_Ali,Savannah,sea,Delivered,Electronics,SGD,2022-03-20,2022-03-31,280.3,15996.9,31036.6,81.64,4888.09,288.84,15,2,18.3,0.238,0.0553,0.3921,,3,True
SHP-103660434,DHL,Mumbai,Antwerp,air,Customs_Hold,Automotive,CNY,2024-11-17,2024-11-18,40.7,10605.4,62476.1,78.71,22085.25,252.96,8,4,0.0,0.0886,0.2156,0.1249,,4,True
SHP-102042398,Maersk,Port_Klang,Houston,road,Customs_Hold,Textiles,SGD,2022-02-28,2022-03-04,111.6,6176.9,11713.0,20.99,4177.78,172.9,21,1,0.0,0.4291,0.2466,0.3357,-0.9,2,False
SHP-100226151,COSCO,Sydney,Los_Angeles,sea,On_Schedule,Food_Beverage,SGD,2023-05-26,2023-06-08,326.7,17360.4,8194.4,15.77,35016.4,1197.62,19,2,0.0,0.1482,0.1899,0.3371,,4,False
SHP-102750955,Evergreen,Shanghai,Felixstowe,road,Delayed,Textiles,AED,2022-11-02,2022-11-11,219.6,6477.1,1392.1,5.26,146573.58,2220.97,7,4,8.2,0.2782,0.1013,0.1746,-16.6,4,True
SHP-104615863,DB_Schenker,Hamburg,Valencia,sea,In_Transit,Food_Beverage,AED,2022-05-08,2022-05-24,400.3,14269.2,583.8,1.05,372.4,10.19,20,4,0.0,0.3661,0.1738,0.6112,25.2,4,False
SHP-101132662,Evergreen,Melbourne,Rotterdam,rail,In_Transit,Chemicals,CNY,2022-03-19,2022-03-20,39.1,2250.4,59619.1,197.26,206610.11,8059.39,20,5,0.0,0.354,0.1548,0.6613,,4,True
SHP-101778851,COSCO,Hamburg,Rotterdam,road,At_Port,Chemicals,SGD,2024-04-03,2024-04-05,53.0,5846.5,234.5,0.46,7392.47,249.01,10,2,0.0,0.5787,0.1443,0.2826,,3,False
SHP-104331805,DB_Schenker,Mumbai,Sydney,sea,On_Schedule,Textiles,CNY,2023-03-06,2023-03-28,529.6,11632.2,5396.1,17.97,54199.29,1383.85,9,3,0.0,0.0961,0.0915,0.1189,16.1,1,True
SHP-100631106,Hapag-Lloyd,Chennai,Barcelona,sea,Customs_Hold,Chemicals,AED,2024-05-01,2024-05-17,398.9,13306.7,175048.9,479.2,160298.54,4611.39,8,2,0.0,0.1798,0.3042,0.173,,2,True
SHP-103047378,Evergreen,Guangzhou,Barcelona,air,In_Transit,Automotive,USD,2023-01-10,2023-01-10,16.7,1283.9,144.5,0.69,4634.2,44.31,24,5,0.0,0.5054,0.0702,0.0609,,1,True
SHP-103304771,MSC,Mundra,Valencia,sea,Customs_Hold,Perishables,GBP,2023-01-29,2023-02-14,404.0,1232.1,24252.6,83.92,12492.41,991.86,10,0,0.0,0.1062,0.2745,0.5417,,2,True
SHP-104876860,Kuehne_Nagel,Dubai,Dubai,rail,In_Transit,Food_Beverage,GBP,2024-07-24,2024-07-28,116.8,1668.2,876.6,1.85,287681.7,14233.44,10,5,0.0,0.2511,0.1887,0.2723,,4,False
SHP-101167131,DB_Schenker,Busan,Rotterdam,sea,At_Port,Machinery,SGD,2023-01-28,2023-02-23,641.3,21687.5,69959.1,90.66,280358.01,16513.43,21,4,0.0,0.1288,0.4635,0.4157,,1,True
SHP-101828478,FedEx,Ningbo,Dubai,sea,On_Schedule,Machinery,SGD,2022-08-23,2022-09-03,269.9,8103.1,8831.9,38.23,1556.97,108.41,21,3,0.0,0.5504,0.1203,0.1812,,2,True
SHP-101203249,COSCO,Busan,Piraeus,air,On_Schedule,Raw_Materials,USD,2022-10-28,2022-10-29,40.3,13570.6,2724.8,5.21,92723.43,4970.13,5,0,0.0,0.141,0.0658,0.3774,17.0,1,True
SHP-104531094,UPS,Jebel_Ali,Baltimore,rail,In_Transit,Machinery,CNY,2024-02-29,2024-03-01,29.9,1149.9,1451.5,2.84,468960.09,9095.13,19,0,0.0,0.2039,0.8126,0.2437,,1,True
SHP-104666720,Maersk,Chennai,Mumbai,sea,On_Schedule,Automotive,USD,2024-11-03,2024-11-18,375.9,838.5,26.9,0.04,13615.96,700.67,5,2,0.0,0.1789,0.1671,0.2745,,1,False
SHP-101970923,Evergreen,Jebel_Ali,Genoa,sea,On_Schedule,Machinery,AED,2022-01-14,2022-01-21,185.6,4650.1,18384.1,75.09,534909.79,24691.22,6,2,0.0,0.1655,0.1156,0.6165,-4.9,1,True
SHP-101465622,Kuehne_Nagel,Tokyo,Barcelona,road,In_Transit,Electronics,CNY,2024-02-26,2024-03-05,214.9,4901.6,538.3,1.06,93051.69,7044.48,12,2,0.0,0.3801,0.1722,0.5744,,2,False
SHP-102236767,Yang_Ming,Felixstowe,Genoa,rail,Delayed,Machinery,CNY,2024-02-23,2024-02-29,160.5,6312.6,686.4,1.63,29673.99,1248.85,2,2,3.1,0.2469,0.0271,0.5939,,1,False
SHP-101114314,Yang_Ming,Hamburg,Dubai,sea,Critical_Delay,Textiles,GBP,2024-05-19,2024-06-12,580.6,11595.8,2430.4,4.33,5304.24,340.31,10,0,2.8,0.355,0.3199,0.1207,,1,True
SHP-101261481,Kuehne_Nagel,Hamburg,Bremen,sea,In_Transit,Consumer_Goods,SGD,2022-11-18,2022-11-29,267.2,1740.1,10249.4,14.65,644763.81,8511.35,1,2,0.0,0.3023,0.3506,0.2939,,2,True
SHP-102673608,Yang_Ming,Antwerp,Mumbai,air,In_Transit,Machinery,GBP,2022-01-31,2022-02-02,59.1,13028.2,12713.7,27.77,4183.63,92.26,1,2,0.0,0.3238,0.4262,0.3556,,3,True
SHP-100958679,FedEx,Hamburg,Felixstowe,rail,In_Transit,Pharmaceuticals,AED,2023-03-31,2023-04-04,99.4,4521.7,466.6,0.97,61924.44,4467.49,1,2,0.0,0.6227,0.2567,0.1031,,1,True
SHP-102435323,Evergreen,Jebel_Ali,Le_Havre,air,In_Transit,Automotive,GBP,2023-09-02,2023-09-03,36.6,5113.4,20413.1,46.72,11665.23,92.48,13,5,0.0,0.4234,0.1477,0.3866,,4,False
SHP-100335375,UPS,Chennai,New_York,sea,In_Transit,Textiles,AED,2024-08-23,2024-09-03,283.2,3678.8,8725.0,20.39,25483.84,1891.05,13,3,0.0,0.3404,0.3781,0.3637,,2,True
SHP-103495817,Maersk,Singapore,Barcelona,air,Delayed,Food_Beverage,CNY,2023-02-04,2023-02-05,44.4,7756.1,804.1,2.38,110611.62,1132.1,15,0,14.0,0.0278,0.1073,0.4846,,3,True
SHP-103516156,Yang_Ming,Sydney,Piraeus,sea,On_Schedule,Machinery,USD,2022-02-04,2022-02-27,564.2,18274.6,24356.7,93.52,454126.36,22391.49,24,2,0.0,0.4768,0.242,0.7677,10.1,2,False
SHP-101409247,MSC,Hamburg,Rotterdam,sea,On_Schedule,Food_Beverage,SGD,2022-07-11,2022-07-31,486.6,18763.9,637.0,0.9,2607.97,152.17,11,5,0.0,0.2911,0.0475,0.4626,,3,True
SHP-104932908,Kuehne_Nagel,Tokyo,Piraeus,sea,On_Schedule,Pharmaceuticals,AED,2022-12-16,2023-01-10,601.2,8639.1,4410.1,10.47,361429.76,12039.05,16,3,0.0,0.2588,0.4938,0.2912,,4,True
SHP-100180104,CMA_CGM,Singapore,Savannah,sea,Delayed,Textiles,GBP,2024-09-01,2024-09-27,627.5,18320.8,19557.6,35.89,1695.61,122.4,8,3,25.8,0.357,0.0117,0.416,,4,True
SHP-100937459,HMM,Mundra,Baltimore,sea,In_Transit,Food_Beverage,SGD,2024-07-27,2024-08-02,165.4,6060.0,671.8,1.21,1033957.97,62686.34,24,0,0.0,0.3609,0.3369,0.1668,,4,True
SHP-100526361,FedEx,Antwerp,Bremen,sea,At_Port,Food_Beverage,EUR,2022-09-29,2022-10-08,228.8,6805.2,29412.8,95.02,52550.56,610.2,24,5,0.0,0.321,0.0145,0.3146,,2,False
SHP-104092443,Kuehne_Nagel,Hamburg,Miami,sea,In_Transit,Consumer_Goods,SGD,2022-12-01,2022-12-09,208.9,20778.2,4962.9,21.37,30163.46,1501.0,7,1,0.0,0.1318,0.09,0.5369,,2,False
SHP-102584217,HMM,Rotterdam,Miami,sea,On_Schedule,Chemicals,AED,2023-10-05,2023-11-02,681.5,5805.1,312.6,0.64,1270906.6,62991.4,11,3,0.0,0.17,0.322,0.1657,,2,True
SHP-103304351,FedEx,Antwerp,Singapore,sea,On_Schedule,Consumer_Goods,AED,2023-04-12,2023-04-24,290.9,9125.2,1531.4,3.84,1394912.76,106049.6,9,0,0.0,0.2095,0.3095,0.4689,,2,True
SHP-104236616,DHL,Mundra,Antwerp,sea,On_Schedule,Automotive,AED,2023-02-17,2023-02-27,262.0,2841.1,12513.1,25.77,304696.33,21024.69,2,1,0.0,0.1912,0.1758,0.291,,4,True
SHP-101626590,COSCO,Hamburg,New_York,rail,In_Transit,Machinery,GBP,2022-03-30,2022-04-01,71.8,3175.9,1256.2,1.83,145783.54,2828.74,10,2,0.0,0.404,0.1897,0.2411,,1,True
SHP-102308260,FedEx,Chennai,Le_Havre,rail,On_Schedule,Food_Beverage,GBP,2024-11-19,2024-11-21,67.5,5817.9,693.7,1.35,48889.79,2883.61,20,0,0.0,0.662,0.2662,0.3568,,4,False
SHP-102004770,COSCO,Colombo,Valencia,sea,Customs_Hold,Chemicals,EUR,2024-06-23,2024-07-21,683.8,12634.6,27088.4,100.28,19177.56,529.52,11,0,0.0,0.1752,0.4354,0.1696,,1,True
SHP-104953161,FedEx,Busan,Mumbai,sea,On_Schedule,Automotive,USD,2024-06-26,2024-07-09,334.1,2785.2,138117.1,356.69,6590.55,359.01,12,1,0.0,0.2753,0.2073,0.2325,,3,True
SHP-103428243,ONE,Busan,Singapore,sea,Delivered,Food_Beverage,AED,2024-01-28,2024-02-24,658.8,18217.9,3531.7,4.56,18664.01,1291.93,2,3,29.7,0.1934,0.0958,0.5004,,3,True
SHP-104139276,UPS,Mundra,Le_Havre,air,In_Transit,Pharmaceuticals,EUR,2022-12-03,2022-12-05,58.6,4750.9,17401.5,78.71,85538.83,6613.55,14,0,0.0,0.1206,0.102,0.6019,,3,True
SHP-100858361,Kuehne_Nagel,Mumbai,Antwerp,rail,Delayed,Consumer_Goods,SGD,2023-11-17,2023-11-25,213.4,1820.4,15912.0,41.94,206432.77,7381.71,17,5,3.0,0.2039,0.3181,0.4867,,2,False
SHP-102637089,ZIM,Jebel_Ali,Singapore,sea,On_Schedule,Food_Beverage,AED,2023-03-16,2023-04-12,656.0,12618.0,17053.2,30.17,2225.34,118.25,16,5,0.0,0.5156,0.1072,0.3452,,4,False
SHP-103359174,Evergreen,Ningbo,Genoa,sea,In_Transit,Consumer_Goods,EUR,2023-03-21,2023-04-05,369.1,20319.2,28926.8,55.54,1065869.93,66661.59,18,5,0.0,0.4463,0.0362,0.3244,-0.3,2,True
SHP-101321760,Maersk,Dubai,Los_Angeles,air,In_Transit,Textiles,CNY,2023-07-14,2023-07-15,44.7,14854.0,162.9,0.53,409.35,12.91,1,1,0.0,0.2751,0.3965,0.5341,10.6,2,True
SHP-102156978,ONE,Guangzhou,New_York,sea,On_Schedule,Pharmaceuticals,AED,2022-04-15,2022-05-02,422.9,4177.0,6766.5,9.65,2477.9,59.43,1,4,0.0,0.3083,0.4909,0.3743,,2,True
SHP-104915931,UPS,Felixstowe,Savannah,sea,Delayed,Consumer_Goods,EUR,2022-11-28,2022-12-02,99.0,9917.9,150.4,0.21,342008.34,12275.82,15,3,47.2,0.3061,0.5594,0.0433,22.8,2,True
SHP-100776055,COSCO,Melbourne,Los_Angeles,road,On_Schedule,Machinery,GBP,2023-11-19,2023-11-23,104.0,2351.4,788.5,3.38,58328.03,1120.68,4,3,0.0,0.1427,0.0202,0.3357,,4,False
SHP-101032462,FedEx,Mumbai,Felixstowe,sea,Customs_Hold,Perishables,SGD,2024-07-09,2024-07-18,230.8,14039.2,1383.1,2.21,88945.36,3254.93,6,1,0.0,0.4459,0.1009,0.2103,,3,True
SHP-100776817,ONE,Port_Klang,Piraeus,air,On_Schedule,Automotive,EUR,2024-12-08,2024-12-10,65.7,10288.0,4075.2,9.43,19795.32,249.55,15,2,0.0,0.3228,0.2167,0.628,,2,True
SHP-104794159,ONE,Colombo,Rotterdam,road,On_Schedule,Food_Beverage,CNY,2022-11-16,2022-11-19,90.0,3060.9,13649.2,28.55,1063202.55,11451.11,1,3,0.0,0.315,0.096,0.4845,-16.1,1,True
SHP-102324258,ZIM,Shanghai,Valencia,rail,At_Port,Perishables,AED,2022-04-10,2022-04-17,178.0,5919.1,31.7,0.06,8057.58,563.66,16,4,0.0,0.4813,0.0772,0.5877,,4,False
SHP-104525199,ONE,Hamburg,Mumbai,sea,In_Transit,Consumer_Goods,SGD,2024-01-18,2024-02-08,505.4,12701.7,927.2,1.38,3152471.89,185928.73,10,1,0.0,0.0855,0.3688,0.2635,,2,False
SHP-103239483,ZIM,Felixstowe,Rotterdam,sea,Customs_Hold,Automotive,CNY,2024-03-11,2024-03-28,424.1,8494.4,383.1,0.84,193846.62,15271.69,18,4,0.0,0.2964,0.2128,0.3053,0.3,4,False
SHP-103930766,UPS,Chennai,Rotterdam,rail,Customs_Hold,Pharmaceuticals,GBP,2022-07-13,2022-07-19,145.8,3525.0,229.3,0.63,14890.22,962.36,6,0,0.0,0.0729,0.4846,0.021,,4,True
SHP-101024306,FedEx,Felixstowe,Antwerp,sea,Delayed,Chemicals,GBP,2022-11-30,2022-12-06,162.4,19286.6,10.1,0.02,193126.42,13813.03,9,1,18.4,0.3228,0.0196,0.125,,3,True
SHP-103377028,FedEx,Sydney,Felixstowe,air,On_Schedule,Chemicals,USD,2024-11-19,2024-11-21,63.4,14444.7,2477.1,8.55,45861.86,3586.02,20,4,0.0,0.5697,0.0851,0.5694,,2,True
SHP-100498802,MSC,Guangzhou,Los_Angeles,sea,On_Schedule,Automotive,USD,2024-01-16,2024-02-06,526.5,18787.9,8321.6,15.02,581917.11,22473.84,5,2,0.0,0.0427,0.1758,0.5443,,2,False
SHP-104981229,FedEx,Busan,Piraeus,sea,On_Schedule,Perishables,CNY,2023-09-13,2023-09-21,198.9,7756.4,1054.6,1.52,21418.0,872.29,20,5,0.0,0.1414,0.1165,0.5983,,1,False
SHP-101033772,COSCO,Mundra,Rotterdam,air,In_Transit,Perishables,CNY,2022-11-09,2022-11-11,57.7,9814.3,636.1,1.87,462362.83,35689.16,21,1,0.0,0.5197,0.1594,0.2366,,3,False
SHP-104080619,UPS,Colombo,Genoa,air,On_Schedule,Automotive,AED,2023-04-30,2023-04-30,12.6,1247.9,1515.4,3.84,168648.86,7299.37,1,2,0.0,0.5338,0.5643,0.1905,,1,True
SHP-101967643,Evergreen,Felixstowe,Genoa,air,In_Transit,Machinery,SGD,2023-08-19,2023-08-20,40.8,9130.5,14801.5,21.92,498504.66,21351.55,20,3,0.0,0.2937,0.459,0.0437,-16.5,3,False
SHP-103950456,Maersk,Colombo,Singapore,sea,At_Port,Consumer_Goods,EUR,2024-12-11,2024-12-23,311.6,7297.4,3885.3,8.8,1502.63,32.28,22,1,0.0,0.375,0.0072,0.7348,,3,False
SHP-102271991,Hapag-Lloyd,Hamburg,Bremen,rail,In_Transit,Chemicals,USD,2023-07-28,2023-08-02,127.2,4519.2,9176.3,11.68,4678080.17,84472.58,24,2,0.0,0.3745,0.1425,0.3657,1.3,4,True
SHP-102997275,UPS,Felixstowe,Valencia,sea,In_Transit,Perishables,USD,2022-06-13,2022-06-29,388.1,13526.9,50512.6,131.42,4291.23,235.3,21,0,0.0,0.4326,0.0626,0.3175,,1,True
SHP-102414306,FedEx,Rotterdam,Valencia,sea,On_Schedule,Consumer_Goods,USD,2024-03-07,2024-03-27,498.1,974.7,3433.1,5.79,18197.1,1345.02,12,4,0.0,0.4212,0.1437,0.5125,,1,False
SHP-103830106,DHL,Felixstowe,Piraeus,sea,In_Transit,Automotive,AED,2024-01-21,2024-02-17,664.8,14696.8,5345.4,7.72,9162.08,177.45,4,0,0.0,0.3355,0.1245,0.2135,-13.6,1,True
SHP-104675968,ONE,Tokyo,New_York,sea,Delayed,Chemicals,CNY,2022-02-14,2022-03-07,520.0,1451.5,525.3,0.67,19832.28,777.74,18,2,33.7,0.1575,0.05,0.1414,,2,False
SHP-102669044,Kuehne_Nagel,Antwerp,Rotterdam,sea,On_Schedule,Textiles,GBP,2024-05-31,2024-06-23,569.1,20760.0,17731.6,23.24,353078.16,22733.32,20,4,0.0,0.4009,0.1408,0.1547,7.6,4,False
SHP-101914315,Hapag-Lloyd,Port_Klang,Rotterdam,sea,At_Port,Chemicals,AED,2022-07-23,2022-07-31,200.2,10041.8,548.6,0.83,26022.88,1874.72,15,2,0.0,0.1608,0.1484,0.309,,4,False
SHP-103722408,MSC,Felixstowe,Antwerp,road,In_Transit,Automotive,EUR,2023-09-18,2023-09-24,163.0,5373.7,30.8,0.05,9002572.66,249350.65,6,0,0.0,0.2021,0.1163,0.1831,,1,False
SHP-103357862,Kuehne_Nagel,Singapore,Rotterdam,sea,In_Transit,Chemicals,USD,2022-07-15,2022-08-08,585.7,14153.6,175635.5,442.09,86482.55,2312.92,10,1,0.0,0.1161,0.2375,0.2818,,1,False
SHP-104480952,COSCO,Rotterdam,Singapore,sea,On_Schedule,Machinery,EUR,2022-06-18,2022-07-15,670.5,19069.6,3747.3,5.47,1400.47,96.76,6,0,0.0,0.795,0.1351,0.6436,,4,True
SHP-102823223,UPS,Tanjung_Pelepas,Barcelona,sea,In_Transit,Food_Beverage,USD,2023-07-12,2023-07-30,435.5,20875.9,2034.7,5.38,139837.74,6516.59,4,0,0.0,0.5735,0.1885,0.299,3.1,2,True
SHP-104021825,DHL,Hamburg,Valencia,sea,Delivered,Raw_Materials,EUR,2024-01-16,2024-01-27,275.5,8536.9,1495.8,2.89,54878.48,2426.5,2,2,31.3,0.1714,0.0941,0.1502,,3,False
SHP-100136111,CMA_CGM,Jebel_Ali,Houston,rail,On_Schedule,Electronics,AED,2023-04-03,2023-04-08,125.7,7282.6,36869.5,128.38,42030.97,2613.58,8,1,0.0,0.1537,0.0502,0.3985,0.8,1,True
SHP-100009329,DHL,Melbourne,Houston,air,On_Schedule,Pharmaceuticals,GBP,2022-09-03,2022-09-03,21.8,1360.3,507.8,2.51,24204.3,1923.15,9,4,0.0,0.5689,0.041,0.5636,,3,True
SHP-103444239,UPS,Tanjung_Pelepas,Bremen,air,At_Port,Perishables,SGD,2023-01-20,2023-01-21,27.8,13556.7,4135.5,14.62,549152.37,33739.24,3,0,0.0,0.1631,0.2058,0.1511,,3,True
SHP-100395450,MSC,Mumbai,Los_Angeles,air,On_Schedule,Textiles,CNY,2024-03-23,2024-03-25,48.7,12047.1,9708.3,13.8,10804.51,217.64,6,3,0.0,0.6436,0.0541,0.1509,,2,True
SHP-102656758,ONE,Ningbo,Hamburg,sea,Delayed,Chemicals,CNY,2022-08-31,2022-09-13,333.6,15678.7,1172.8,2.94,176259.66,11769.9,19,5,55.9,0.1565,0.2977,0.0351,,2,False
SHP-103115459,COSCO,Tanjung_Pelepas,Dubai,sea,Customs_Hold,Chemicals,AED,2022-04-14,2022-04-19,120.9,9115.1,2479.1,4.66,120348.38,9021.59,6,5,0.0,0.1792,0.1326,0.5952,,3,True
SHP-101992515,FedEx,Hamburg,Singapore,sea,Customs_Hold,Textiles,AED,2022-02-26,2022-03-14,405.3,1998.5,152.3,0.48,51799.4,1064.2,23,1,0.0,0.2762,0.0163,0.0313,,4,True
SHP-104386453,Maersk,Jebel_Ali,Dubai,sea,At_Port,Automotive,EUR,2024-04-03,2024-05-02,718.9,3816.3,638.4,1.12,360534.05,20590.32,2,0,0.0,0.2147,0.2408,0.4225,,2,True
SHP-100495657,MSC,Felixstowe,Hamburg,sea,In_Transit,Textiles,EUR,2023-10-04,2023-10-11,175.9,17806.2,38875.8,141.69,391994.09,6040.26,4,0,0.0,0.0906,0.0809,0.3033,,4,True
SHP-104519831,DHL,Colombo,Dubai,road,At_Port,Electronics,USD,2023-04-28,2023-05-01,95.4,2293.7,745.9,2.97,108655.72,2308.69,16,3,0.0,0.2269,0.1955,0.5166,,2,False
SHP-100241891,DHL,Rotterdam,Houston,sea,On_Schedule,Consumer_Goods,GBP,2023-04-04,2023-04-24,485.6,18510.5,16208.6,25.84,1144610.87,31778.22,15,5,0.0,0.1114,0.0677,0.1666,16.9,4,True
SHP-101472946,HMM,Felixstowe,Dubai,sea,Delayed,Machinery,SGD,2024-10-18,2024-11-01,354.4,2376.8,3025.2,5.74,69865.02,3234.19,17,3,14.1,0.0691,0.1599,0.3731,5.7,1,True
SHP-102544692,Evergreen,Ningbo,Dubai,sea,Customs_Hold,Raw_Materials,SGD,2024-11-02,2024-12-01,713.2,14347.1,8325.6,15.02,32438.85,2243.83,8,2,0.0,0.1529,0.4454,0.1236,-4.0,2,True
SHP-101244062,FedEx,Busan,Valencia,sea,Delivered,Automotive,GBP,2024-01-11,2024-01-27,398.5,10046.5,7016.8,18.95,27703.21,1542.48,8,1,13.8,0.2025,0.0095,0.0827,,4,False
SHP-104889096,DHL,Mundra,Houston,sea,Delayed,Perishables,GBP,2024-03-18,2024-03-23,142.7,12167.1,36009.4,115.87,106464.16,5900.54,23,1,70.2,0.2397,0.34,0.5027,,1,False
SHP-101040863,ONE,Antwerp,Houston,sea,In_Transit,Chemicals,USD,2024-04-18,2024-05-03,381.5,17181.5,129831.3,457.38,99058.3,3083.18,22,0,0.0,0.2495,0.1184,0.1441,,2,False
SHP-100193274,Hapag-Lloyd,Shanghai,Savannah,road,Customs_Hold,Pharmaceuticals,USD,2023-05-27,2023-06-05,220.5,2519.8,9102.4,15.95,348375.65,19885.64,10,2,0.0,0.1941,0.0468,0.528,,2,False
SHP-104237545,DHL,Mundra,Hamburg,rail,Customs_Hold,Consumer_Goods,USD,2022-07-01,2022-07-10,236.9,518.4,37921.6,104.67,6248.07,314.61,24,2,0.0,0.2619,0.2182,0.0633,-15.8,4,False
SHP-101857571,UPS,Guangzhou,New_York,sea,On_Schedule,Consumer_Goods,GBP,2023-12-26,2024-01-16,509.4,21319.7,2386.4,3.44,39560.97,1343.45,6,0,0.0,0.4158,0.47,0.4864,,4,False
SHP-103165274,DHL,Tokyo,Miami,sea,On_Schedule,Machinery,AED,2022-09-02,2022-09-26,599.8,17738.3,8114.7,23.03,11055.62,555.78,11,1,0.0,0.053,0.2113,0.5776,,4,True
SHP-101351423,CMA_CGM,Antwerp,Antwerp,air,On_Schedule,Food_Beverage,AED,2024-12-21,2024-12-22,35.8,1809.5,246.8,0.34,64944.84,3182.99,20,0,0.0,0.2599,0.0649,0.3289,,4,False
SHP-104188384,Hapag-Lloyd,Sydney,New_York,sea,On_Schedule,Pharmaceuticals,EUR,2024-03-14,2024-03-23,237.4,5886.3,1743.1,4.7,33756.55,949.11,19,3,0.0,0.0755,0.0253,0.2752,22.2,3,True
SHP-100853479,Maersk,Colombo,Mumbai,sea,Customs_Hold,Chemicals,SGD,2022-11-06,2022-11-14,193.6,17422.2,2141.0,4.74,9842.2,168.06,13,2,0.0,0.381,0.6826,0.4426,,2,True
SHP-101330330,COSCO,Tokyo,Singapore,rail,Delayed,Electronics,USD,2023-08-07,2023-08-13,166.9,1809.1,7153.0,19.55,200654.99,10794.41,21,4,26.1,0.1276,0.0223,0.2642,,3,False
SHP-101635819,Yang_Ming,Sydney,Dubai,road,Critical_Delay,Pharmaceuticals,GBP,2024-03-09,2024-03-18,228.5,1275.7,16004.0,22.07,46619.25,1774.32,12,4,8.4,0.2709,0.2073,0.2375,,2,True
SHP-103485368,Evergreen,Colombo,Mumbai,sea,Delayed,Raw_Materials,AED,2024-11-18,2024-12-10,547.1,13431.2,712.8,1.62,2744032.07,191561.42,6,3,9.5,0.1249,0.0557,0.3817,-18.7,1,False
SHP-103068231,Hapag-Lloyd,Shanghai,Valencia,road,In_Transit,Chemicals,AED,2024-03-25,2024-03-29,112.9,6222.5,6757.3,14.02,312701.46,10659.84,12,5,0.0,0.4212,0.1059,0.1192,,3,True
SHP-101615040,Yang_Ming,Ningbo,Miami,sea,On_Schedule,Chemicals,AED,2022-02-12,2022-02-27,383.5,20295.1,190.7,0.61,1033440.03,57405.8,22,1,0.0,0.0369,0.4606,0.2042,,3,True
SHP-104958589,ONE,Mundra,Barcelona,sea,Delayed,Chemicals,USD,2022-02-17,2022-03-09,501.8,2101.1,283.3,0.61,719527.42,27379.89,15,3,40.1,0.5425,0.0374,0.8082,8.5,3,True
SHP-100229942,ONE,Colombo,Bremen,road,On_Schedule,Textiles,GBP,2023-05-04,2023-05-07,82.1,2536.4,3806.9,8.24,4684081.05,86669.42,24,0,0.0,0.2703,0.1565,0.1538,24.1,2,True
SHP-104558041,CMA_CGM,Mumbai,Savannah,air,Critical_Delay,Textiles,USD,2022-04-05,2022-04-06,41.4,7707.7,4437.5,5.99,71286.59,2154.67,4,1,113.2,0.5079,0.2489,0.2489,,3,False
SHP-101706587,UPS,Dubai,Houston,rail,In_Transit,Perishables,USD,2023-04-28,2023-05-02,106.4,3217.0,613.0,1.16,3583.12,126.89,3,0,0.0,0.1727,0.2242,0.2832,0.8,4,True
SHP-102467176,COSCO,Tokyo,Houston,sea,At_Port,Pharmaceuticals,USD,2022-04-04,2022-04-16,300.2,19127.2,560.1,1.41,51778.11,2921.88,3,4,0.0,0.2952,0.1421,0.7065,,1,False
SHP-103952825,Hapag-Lloyd,Ningbo,Valencia,sea,In_Transit,Raw_Materials,SGD,2024-01-18,2024-01-24,166.9,21207.0,801.4,1.12,985.61,33.2,15,1,0.0,0.4918,0.1688,0.5488,13.4,1,True
SHP-102934446,Maersk,Sydney,Mumbai,air,On_Schedule,Pharmaceuticals,AED,2023-03-31,2023-03-31,15.8,13819.1,172.0,0.53,268677.99,2184.02,1,1,0.0,0.1282,0.3282,0.365,,2,False
SHP-100031283,Evergreen,Port_Klang,Hamburg,sea,At_Port,Raw_Materials,GBP,2024-07-22,2024-07-27,136.9,10646.9,14287.8,23.65,423632.64,7022.57,13,1,0.0,0.1337,0.0962,0.5422,,1,True
SHP-103183109,UPS,Ningbo,Houston,air,In_Transit,Pharmaceuticals,EUR,2023-04-08,2023-04-08,22.1,14010.2,30669.8,75.9,3516.28,151.09,23,0,0.0,0.3222,0.0907,0.4073,,4,True
SHP-104805215,ONE,Guangzhou,Los_Angeles,sea,In_Transit,Perishables,USD,2024-01-28,2024-02-18,505.7,17501.6,49733.2,168.75,42859.31,755.88,13,4,0.0,0.141,0.3294,0.3742,,2,True
SHP-100959930,Maersk,Chennai,Le_Havre,sea,At_Port,Perishables,USD,2022-06-09,2022-06-28,479.3,5559.4,6308.8,10.42,651394.46,30562.78,20,5,0.0,0.0078,0.031,0.3391,,4,False
SHP-103181918,ZIM,Mumbai,New_York,sea,Delayed,Automotive,EUR,2023-08-22,2023-09-06,380.3,6415.2,1049.7,1.53,205322.44,8473.14,18,5,4.2,0.5236,0.6548,0.3918,13.6,4,False
SHP-101916237,Hapag-Lloyd,Dubai,Dubai,air,In_Transit,Perishables,USD,2022-08-15,2022-08-15,23.1,5277.1,108.8,0.27,2655826.85,144960.79,8,0,0.0,0.1685,0.0557,0.2011,13.4,2,True
SHP-100332919,COSCO,Felixstowe,New_York,sea,At_Port,Food_Beverage,EUR,2024-02-05,2024-02-29,594.2,12585.2,2408.3,5.45,180997.88,9556.74,23,2,0.0,0.4205,0.1207,0.4265,,4,True
SHP-101264210,ONE,Jebel_Ali,Valencia,road,In_Transit,Pharmaceuticals,AED,2023-03-14,2023-03-20,150.4,808.6,321.8,0.42,92581.72,6160.79,21,5,0.0,0.0601,0.1878,0.3326,,3,True
SHP-103621196,Maersk,Guangzhou,New_York,road,On_Schedule,Perishables,GBP,2024-01-29,2024-02-01,75.3,4442.3,4662.5,10.9,10597.78,497.93,7,2,0.0,0.5764,0.1315,0.1195,24.6,2,True
SHP-101904633,HMM,Shanghai,Baltimore,sea,Customs_Hold,Electronics,GBP,2022-07-15,2022-07-31,396.7,3671.9,805.6,1.78,239694.31,4190.98,4,3,0.0,0.2131,0.2725,0.3737,,2,True
SHP-103440596,Evergreen,Antwerp,Hamburg,road,On_Schedule,Pharmaceuticals,SGD,2022-09-20,2022-09-23,86.1,2898.7,6706.4,9.11,21102.58,288.82,16,5,0.0,0.1551,0.4023,0.3445,,1,True
SHP-101973004,ZIM,Port_Klang,Antwerp,sea,Delivered,Pharmaceuticals,USD,2022-02-24,2022-03-12,405.8,15024.6,1651.7,2.7,319465.38,12319.63,19,2,10.6,0.2961,0.0448,0.2689,,2,False
SHP-102749578,FedEx,Tanjung_Pelepas,Bremen,road,Delayed,Consumer_Goods,USD,2022-02-26,2022-02-28,49.2,3618.3,4818.6,17.05,207757.89,15877.02,3,4,7.8,0.4107,0.0642,0.1352,9.2,1,True
SHP-103561360,MSC,Chennai,Barcelona,sea,On_Schedule,Automotive,USD,2023-12-16,2023-12-25,224.7,19669.1,5326.3,11.06,1259202.49,100095.06,6,2,0.0,0.3099,0.2806,0.4738,,4,False
SHP-104177882,ZIM,Singapore,Rotterdam,sea,In_Transit,Textiles,GBP,2023-08-13,2023-09-03,522.0,16634.5,57280.1,139.4,86812.45,1113.89,21,4,0.0,0.3539,0.4384,0.5863,,1,True
SHP-100378890,Maersk,Rotterdam,Rotterdam,sea,On_Schedule,Textiles,SGD,2022-06-06,2022-06-22,407.7,16594.4,18136.4,27.29,1254.16,25.78,16,5,0.0,0.5808,0.0766,0.2366,,1,True
SHP-100938874,Hapag-Lloyd,Shanghai,Los_Angeles,sea,On_Schedule,Perishables,EUR,2022-05-08,2022-05-26,451.6,8465.1,8627.8,30.67,16672.42,1246.17,5,0,0.0,0.1225,0.0429,0.3576,,2,False
SHP-101193910,Evergreen,Sydney,Rotterdam,sea,On_Schedule,Raw_Materials,AED,2024-08-10,2024-09-06,657.1,19757.8,9113.0,23.2,50703.01,3147.39,17,1,0.0,0.4501,0.0914,0.5284,,2,False
SHP-103821909,MSC,Tokyo,Savannah,road,On_Schedule,Automotive,SGD,2022-09-22,2022-09-27,142.3,4229.8,8023.7,14.95,50000000.0,371465.65,22,2,0.0,0.0853,0.0562,0.3496,18.1,4,True
SHP-100991141,Yang_Ming,Guangzhou,Miami,road,Customs_Hold,Textiles,SGD,2024-03-05,2024-03-11,163.2,1221.6,864.2,2.57,7530.01,364.62,6,3,0.0,0.3912,0.2123,0.0712,,2,True
SHP-102156894,Maersk,Busan,Genoa,road,On_Schedule,Consumer_Goods,SGD,2023-05-20,2023-05-29,228.7,5983.3,359.9,0.81,34639.34,223.38,17,3,0.0,0.4294,0.1466,0.1192,23.4,4,True
SHP-101126549,Hapag-Lloyd,Antwerp,Felixstowe,sea,On_Schedule,Textiles,CNY,2022-01-13,2022-02-04,529.5,14868.8,5498.9,19.96,78273.92,4290.16,23,4,0.0,0.5347,0.1819,0.0583,-4.7,3,False
SHP-101812491,DHL,Busan,Savannah,sea,At_Port,Machinery,EUR,2022-07-13,2022-07-19,159.2,15821.4,71224.4,127.94,17821.74,168.14,19,5,0.0,0.2706,0.3701,0.4171,-13.1,3,True
SHP-101961347,Maersk,Port_Klang,Rotterdam,sea,Customs_Hold,Raw_Materials,CNY,2023-01-26,2023-02-15,497.1,20584.4,20478.5,76.0,2638458.91,51979.12,21,4,0.0,0.3563,0.0696,0.3067,,3,False
SHP-104994935,DHL,Rotterdam,Singapore,road,Delayed,Perishables,SGD,2023-04-07,2023-04-12,129.0,7241.5,260853.0,449.57,115369.85,7892.7,14,0,55.4,0.4793,0.0429,0.3673,12.7,4,False
SHP-102367310,FedEx,Tanjung_Pelepas,Savannah,sea,On_Schedule,Electronics,USD,2024-10-30,2024-11-16,426.6,7629.5,47.4,0.14,878408.16,15491.93,18,0,0.0,0.0857,0.3422,0.2311,,3,False
SHP-103347606,HMM,Felixstowe,Felixstowe,sea,On_Schedule,Machinery,EUR,2024-03-21,2024-04-11,516.7,13772.8,388.9,1.39,1056.22,44.72,22,0,0.0,0.2574,0.0695,0.2992,,3,False
SHP-101893309,MSC,Felixstowe,Los_Angeles,road,Delayed,Pharmaceuticals,USD,2022-10-20,2022-10-29,232.5,4640.0,3070.3,5.72,19096.67,560.52,9,1,48.6,0.0542,0.0028,0.0518,,2,False
SHP-103666376,Evergreen,Busan,Baltimore,sea,On_Schedule,Raw_Materials,USD,2023-11-26,2023-12-13,409.3,4429.3,352273.4,1039.12,32658.63,2432.15,14,1,0.0,0.1661,0.0038,0.0962,,3,True
SHP-102309640,MSC,Mundra,Savannah,road,At_Port,Raw_Materials,GBP,2022-09-22,2022-09-26,107.3,5359.2,3904.8,7.73,3078899.46,215738.34,15,4,0.0,0.161,0.393,0.3919,,4,False
SHP-102565715,HMM,Port_Klang,Houston,sea,At_Port,Food_Beverage,AED,2023-01-13,2023-02-05,566.7,21971.8,82720.1,183.81,6994.04,91.87,10,3,0.0,0.469,0.2023,0.2692,,4,True
SHP-101655567,UPS,Hamburg,Genoa,sea,In_Transit,Pharmaceuticals,AED,2024-06-23,2024-07-13,488.5,1281.0,2536.5,5.54,73165.52,1704.28,19,0,0.0,0.5164,0.068,0.0585,,4,False
SHP-104476793,ONE,Ningbo,Dubai,sea,At_Port,Machinery,CNY,2023-10-03,2023-10-17,354.8,21928.4,6857.4,8.65,67964.15,1171.72,17,0,0.0,0.1778,0.2326,0.3434,,3,True
SHP-102327420,UPS,Hamburg,Barcelona,air,On_Schedule,Food_Beverage,GBP,2024-05-29,2024-05-29,15.5,12556.2,7978.7,18.32,74839.8,2491.99,13,4,0.0,0.418,0.5991,0.6433,,4,False
SHP-104010490,DHL,Mundra,Savannah,sea,On_Schedule,Raw_Materials,GBP,2024-03-27,2024-04-25,715.7,3405.9,312.1,0.39,130108.35,4547.97,21,1,0.0,0.1248,0.1395,0.3462,3.5,1,False
SHP-100124922,CMA_CGM,Singapore,Felixstowe,sea,Customs_Hold,Electronics,USD,2023-03-16,2023-03-22,144.2,8951.0,11.8,0.02,4369.26,307.72,2,2,0.0,0.3751,0.0638,0.2021,,4,True
SHP-100826439,UPS,Felixstowe,Miami,air,Delayed,Machinery,GBP,2024-05-11,2024-05-13,66.8,13295.8,3856.3,10.29,13251.04,389.91,18,1,7.8,0.1407,0.3781,0.5462,26.7,4,True
SHP-103938665,HMM,Colombo,Le_Havre,sea,Delayed,Consumer_Goods,USD,2023-12-06,2023-12-26,490.6,7275.1,55405.7,76.61,59532.65,1419.4,7,3,13.9,0.5622,0.0501,0.4206,,1,True
SHP-102653468,DB_Schenker,Chennai,Hamburg,sea,Customs_Hold,Consumer_Goods,CNY,2022-01-14,2022-01-26,294.9,3134.7,205.8,0.42,1091439.42,40031.37,8,1,0.0,0.0325,0.0546,0.2349,,1,True
SHP-102692738,DHL,Antwerp,New_York,sea,Delayed,Electronics,GBP,2024-10-31,2024-11-18,455.9,6792.4,28112.8,45.26,306508.17,5454.48,19,2,6.2,0.084,0.0973,0.4141,-16.0,1,True
SHP-103702861,CMA_CGM,Felixstowe,Rotterdam,sea,Critical_Delay,Electronics,GBP,2022-08-04,2022-08-20,392.2,8821.5,2913.7,4.17,85966.52,3456.73,24,0,17.2,0.1114,0.0614,0.5846,,4,True
SHP-102319273,DHL,Busan,Miami,sea,On_Schedule,Chemicals,USD,2024-06-20,2024-07-18,681.1,15523.6,17689.4,34.54,99088.76,6119.09,18,5,0.0,0.2356,0.1198,0.3362,,3,True
SHP-102512416,FedEx,Rotterdam,Savannah,air,Delivered,Consumer_Goods,CNY,2022-08-23,2022-08-25,57.4,2105.8,88.8,0.14,21217.73,689.72,10,1,13.6,0.5054,0.2526,0.1578,,2,False
SHP-103303589,DB_Schenker,Melbourne,Felixstowe,road,Delayed,Raw_Materials,CNY,2024-04-05,2024-04-09,115.9,5807.5,1398.8,3.76,21039.05,1453.82,5,1,20.0,0.5066,0.4979,0.535,,2,True
SHP-103358403,DHL,Hamburg,Bremen,air,At_Port,Machinery,GBP,2024-08-01,2024-08-03,65.3,7440.6,12849.4,16.09,208433.35,12395.23,4,2,0.0,0.6377,0.1381,0.3721,,2,False
SHP-101065035,MSC,Melbourne,Genoa,air,Delayed,Automotive,EUR,2023-10-13,2023-10-14,26.7,4712.4,237.0,0.43,983385.49,76725.53,17,3,63.3,0.5477,0.1142,0.5734,,4,False
SHP-100200007,CMA_CGM,Guangzhou,Miami,sea,On_Schedule,Raw_Materials,AED,2023-01-19,2023-02-11,552.1,16592.2,119829.2,165.96,27912.48,2019.13,22,3,0.0,0.3623,0.2824,0.2854,,2,False
SHP-101342735,CMA_CGM,Tanjung_Pelepas,Genoa,sea,In_Transit,Chemicals,USD,2024-01-02,2024-01-22,482.6,14216.4,2646.4,8.45,65006.47,1141.69,15,1,0.0,0.0151,0.0685,0.51,,3,True
SHP-101685171,Hapag-Lloyd,Mumbai,Rotterdam,road,On_Schedule,Food_Beverage,GBP,2022-08-20,2022-08-23,86.9,299.3,190.6,0.89,58146.28,3459.72,9,3,0.0,0.2687,0.0606,0.3281,,3,True
SHP-103569040,Kuehne_Nagel,Port_Klang,Genoa,sea,On_Schedule,Consumer_Goods,SGD,2023-05-29,2023-06-08,259.7,1865.5,4208.3,14.21,17330.02,1005.97,10,0,0.0,0.2225,0.104,0.5439,,2,True
SHP-100102206,Yang_Ming,Busan,Rotterdam,sea,Delayed,Textiles,CNY,2022-11-28,2022-12-21,557.9,10581.0,1387.1,2.77,145934.36,5898.12,19,0,2.2,0.1722,0.1376,0.3651,,1,False
SHP-100959543,UPS,Jebel_Ali,Genoa,sea,On_Schedule,Raw_Materials,GBP,2022-09-02,2022-09-22,498.3,16912.5,473.8,0.66,7670.37,301.56,6,3,0.0,0.0411,0.2316,0.3224,,1,True
SHP-100808724,MSC,Antwerp,Le_Havre,sea,On_Schedule,Food_Beverage,SGD,2022-07-28,2022-08-03,158.8,12525.8,1574.1,2.41,80205.76,4613.24,12,4,0.0,0.806,0.3332,0.1386,,1,True
SHP-101172319,FedEx,Antwerp,Bremen,sea,At_Port,Consumer_Goods,AED,2023-06-06,2023-07-01,607.2,6825.3,28474.4,37.96,1152.31,88.25,19,5,0.0,0.1079,0.2227,0.3943,20.9,3,True
SHP-100331655,Evergreen,Jebel_Ali,Rotterdam,sea,At_Port,Textiles,GBP,2022-06-20,2022-07-19,698.6,3212.1,2544.1,3.58,21762.42,1411.76,21,2,0.0,0.1903,0.022,0.2879,,4,True
SHP-100931405,DHL,Melbourne,New_York,sea,In_Transit,Food_Beverage,GBP,2022-10-26,2022-11-20,620.0,2772.7,868.1,1.81,1357927.45,88209.72,20,5,0.0,0.4098,0.2965,0.4834,,4,True
SHP-101257137,Yang_Ming,Felixstowe,Antwerp,air,In_Transit,Chemicals,CNY,2023-01-04,2023-01-05,47.4,2182.9,12461.1,26.75,23091.54,966.01,17,3,0.0,0.043,0.0566,0.4712,,2,True
SHP-102126825,Kuehne_Nagel,Jebel_Ali,Miami,rail,In_Transit,Raw_Materials,GBP,2023-12-20,2023-12-26,158.1,2583.6,982.7,4.15,14839.68,864.71,16,0,0.0,0.3174,0.1445,0.5359,,1,True
SHP-104123627,Evergreen,Jebel_Ali,Mumbai,air,In_Transit,Consumer_Goods,SGD,2023-06-22,2023-06-24,53.2,11324.3,276.1,1.2,41211.47,221.85,4,5,0.0,0.5762,0.163,0.3907,-11.5,2,True
SHP-103732031,DB_Schenker,Guangzhou,Rotterdam,rail,In_Transit,Textiles,GBP,2023-05-27,2023-05-31,100.4,5078.4,188.3,0.38,335505.18,3701.76,6,2,0.0,0.3328,0.1284,0.1512,,3,True
SHP-104865128,Kuehne_Nagel,Singapore,Baltimore,air,In_Transit,Machinery,USD,2022-03-03,2022-03-05,52.8,12992.4,22833.2,69.62,24359.07,424.3,19,0,0.0,0.1798,0.0125,0.5042,,2,False
SHP-104880891,Evergreen,Hamburg,Le_Havre,sea,On_Schedule,Raw_Materials,GBP,2023-05-02,2023-05-07,138.0,4489.1,9667.4,37.92,10148.98,723.66,18,3,0.0,0.2452,0.3716,0.2799,,4,True
SHP-102096414,HMM,Port_Klang,Hamburg,road,On_Schedule,Perishables,AED,2024-08-02,2024-08-05,88.6,1048.4,2206.8,2.87,691719.83,37920.61,14,0,0.0,0.3174,0.2451,0.386,,1,True
SHP-104860050,FedEx,Felixstowe,Dubai,sea,At_Port,Chemicals,USD,2022-08-18,2022-08-23,122.5,6007.1,1563.4,4.44,43871.46,3320.3,20,2,0.0,0.4154,0.0382,0.3743,-7.1,1,False
SHP-104333252,HMM,Busan,Valencia,rail,On_Schedule,Pharmaceuticals,USD,2024-07-28,2024-08-06,222.5,1180.7,213.4,0.58,9480.28,208.17,1,1,0.0,0.2436,0.0299,0.2046,,4,True
SHP-104817647,Evergreen,Ningbo,Mumbai,road,At_Port,Food_Beverage,CNY,2024-11-21,2024-11-22,35.5,7891.6,412.3,0.76,2811.62,91.3,7,1,0.0,0.0958,0.3734,0.3514,,4,True
SHP-104391109,COSCO,Felixstowe,Le_Havre,air,Delayed,Perishables,EUR,2024-12-05,2024-12-06,39.8,7880.9,4221.0,10.09,240.21,1.4,1,4,30.2,0.3399,0.0909,0.415,,1,True
SHP-103104178,UPS,Tanjung_Pelepas,Baltimore,sea,In_Transit,Raw_Materials,SGD,2023-06-20,2023-07-17,648.3,8670.8,2999.8,5.17,16420.74,293.04,2,4,0.0,0.4353,0.3148,0.5479,,1,True
SHP-102302533,CMA_CGM,Port_Klang,Houston,road,Customs_Hold,Machinery,EUR,2024-10-19,2024-10-26,190.7,3518.6,900.6,1.68,186173.58,5735.43,3,0,0.0,0.2752,0.057,0.2142,,1,True
SHP-102498101,ONE,Port_Klang,Los_Angeles,sea,Delayed,Consumer_Goods,USD,2023-02-01,2023-02-23,538.4,16977.3,93.3,0.17,234990.52,2937.24,19,3,4.6,0.3908,0.3192,0.0844,18.0,4,False
SHP-100818691,Evergreen,Busan,Felixstowe,rail,At_Port,Consumer_Goods,EUR,2023-07-26,2023-08-04,217.0,2711.3,160.7,0.26,1109561.54,18845.22,4,5,0.0,0.2577,0.2709,0.2398,,1,True
SHP-102833086,COSCO,Rotterdam,Houston,sea,On_Schedule,Automotive,GBP,2022-11-07,2022-12-04,661.0,14131.4,116.1,0.18,12208.34,556.52,5,2,0.0,0.0989,0.0874,0.1337,-15.8,4,True
SHP-102030235,Maersk,Mundra,Houston,air,Critical_Delay,Perishables,EUR,2022-03-28,2022-03-29,26.2,7377.8,2117.3,4.36,36355.74,749.02,7,5,6.5,0.4736,0.3022,0.5174,,2,True
SHP-101197952,CMA_CGM,Shanghai,Piraeus,sea,On_Schedule,Raw_Materials,GBP,2023-07-31,2023-08-29,718.8,5951.2,10082.7,14.12,320017.31,11517.54,13,4,0.0,0.1626,0.0348,0.2096,,4,True
SHP-104991456,FedEx,Felixstowe,Savannah,road,At_Port,Pharmaceuticals,SGD,2022-05-29,2022-05-30,35.5,1067.2,295.3,0.75,84707.87,713.99,18,0,0.0,0.3317,0.1698,0.7061,,2,True
SHP-104236548,UPS,Port_Klang,Valencia,sea,In_Transit,Chemicals,CNY,2024-05-01,2024-05-07,156.4,7549.0,1403.4,2.85,25788.56,870.07,22,3,0.0,0.1644,0.0352,0.0866,,2,False
SHP-101805822,Yang_Ming,Singapore,Felixstowe,sea,On_Schedule,Raw_Materials,USD,2022-10-17,2022-11-14,673.4,21246.3,1422.3,1.95,14796.17,1046.53,22,4,0.0,0.5071,0.066,0.2133,,4,True
SHP-101775046,DB_Schenker,Mumbai,Felixstowe,sea,On_Schedule,Electronics,CNY,2024-07-01,2024-07-06,120.0,8397.9,54296.2,76.08,26195.01,1468.71,13,1,0.0,0.148,0.296,0.4045,-12.5,2,True
SHP-102036143,MSC,Sydney,Miami,air,On_Schedule,Food_Beverage,AED,2023-04-12,2023-04-12,14.1,7900.1,10201.6,17.06,300862.24,4824.52,21,0,0.0,0.4293,0.2571,0.1963,,3,True
SHP-102388799,HMM,Melbourne,Savannah,sea,On_Schedule,Consumer_Goods,USD,2024-10-08,2024-10-27,462.2,10123.1,12337.2,55.91,34004.69,2549.87,6,0,0.0,0.0216,0.2198,0.1253,-12.4,2,True
SHP-104023613,ONE,Mumbai,Valencia,sea,On_Schedule,Textiles,CNY,2024-10-28,2024-11-06,222.5,14722.8,138.7,0.29,12771.59,675.68,16,3,0.0,0.296,0.3872,0.4441,,3,False
SHP-104869483,DB_Schenker,Tanjung_Pelepas,Mumbai,sea,On_Schedule,Chemicals,GBP,2024-12-17,2024-12-26,230.4,8269.8,9306.2,22.01,378490.4,17197.11,21,0,0.0,0.5219,0.4081,0.1893,,3,True
SHP-101496741,MSC,Hamburg,Le_Havre,air,On_Schedule,Chemicals,USD,2024-10-01,2024-10-03,72.0,14805.3,8769.4,42.32,2014.26,157.45,22,3,0.0,0.1718,0.3586,0.1675,,4,True
SHP-102390172,Maersk,Mundra,Hamburg,sea,On_Schedule,Food_Beverage,SGD,2023-01-10,2023-01-15,129.9,12664.0,680.6,2.52,34294.3,2005.68,7,1,0.0,0.0436,0.1551,0.6348,,1,True
SHP-103157883,MSC,Busan,Antwerp,sea,Customs_Hold,Electronics,EUR,2022-08-16,2022-08-31,370.5,16645.7,11145.4,22.21,105191.29,1957.48,16,5,0.0,0.4187,0.0967,0.0409,11.5,1,False
SHP-103831754,Evergreen,Busan,Valencia,rail,Delivered,Electronics,AED,2023-02-07,2023-02-10,81.2,5058.5,87.9,0.14,246575.65,8573.74,2,1,1.9,0.3572,0.4869,0.2532,18.9,4,True
SHP-101438439,UPS,Guangzhou,Valencia,rail,On_Schedule,Textiles,AED,2024-01-10,2024-01-15,122.8,1684.6,22334.0,30.97,65293.08,2676.91,9,5,0.0,0.709,0.2413,0.2465,20.2,1,True
SHP-100204678,DHL,Shanghai,Dubai,air,At_Port,Perishables,EUR,2024-04-14,2024-04-16,55.2,3127.4,1284.2,2.53,53523.4,3048.31,21,0,0.0,0.33,0.1437,0.2535,,1,False
SHP-102043958,DHL,Hamburg,Los_Angeles,sea,Delayed,Textiles,SGD,2022-01-22,2022-01-28,163.2,4060.0,2253.2,5.47,703037.32,21512.54,9,5,85.1,0.3414,0.1734,0.0629,,1,True
SHP-101278839,Maersk,Chennai,Antwerp,road,Critical_Delay,Automotive,USD,2023-06-24,2023-06-30,164.4,1688.4,444.5,0.65,367122.42,1911.12,24,2,5.9,0.254,0.1041,0.2565,29.0,4,True
SHP-103064283,Evergreen,Dubai,Mumbai,sea,On_Schedule,Pharmaceuticals,AED,2023-09-08,2023-09-19,264.5,21642.7,5704.1,12.69,126518.66,5483.97,8,4,0.0,0.3555,0.0546,0.1767,,4,False
SHP-102831491,COSCO,Mundra,Dubai,rail,Delayed,Electronics,EUR,2022-01-07,2022-01-10,92.6,941.8,1178.4,2.23,524535.34,39504.05,5,0,16.7,0.4353,0.2907,0.1073,4.9,2,True
SHP-104491793,MSC,Melbourne,Bremen,road,On_Schedule,Machinery,EUR,2024-04-16,2024-04-25,233.5,7906.0,24294.7,36.62,82106.16,1976.53,4,0,0.0,0.5264,0.211,0.1812,,3,True
SHP-100759072,Kuehne_Nagel,Busan,Felixstowe,air,On_Schedule,Textiles,GBP,2022-12-07,2022-12-09,57.9,13340.6,6153.8,28.53,102514.48,3135.5,20,3,0.0,0.0581,0.0464,0.7553,-4.5,2,False
SHP-100398597,DB_Schenker,Port_Klang,Houston,road,In_Transit,Perishables,AED,2022-11-07,2022-11-14,189.6,6138.5,111.7,0.16,19381.8,1265.94,1,1,0.0,0.2857,0.0697,0.2948,,1,True
SHP-104840226,CMA_CGM,Felixstowe,Genoa,sea,Delayed,Machinery,CNY,2022-01-06,2022-01-19,327.5,21460.2,29685.6,92.49,1078043.22,39643.64,16,3,12.7,0.2773,0.2014,0.378,,2,True
SHP-100902763,ZIM,Colombo,Barcelona,sea,Delayed,Chemicals,CNY,2024-10-14,2024-10-29,383.4,16271.6,16261.7,24.21,18067.6,1299.38,11,3,27.5,0.2809,0.1383,0.3185,,4,False
SHP-100503204,Kuehne_Nagel,Tokyo,Felixstowe,air,In_Transit,Automotive,SGD,2024-06-22,2024-06-22,20.7,11953.1,1639.6,2.74,3153173.99,142902.74,12,0,0.0,0.3794,0.1384,0.7922,,2,True
SHP-102245208,Evergreen,Mumbai,Houston,rail,Delivered,Consumer_Goods,CNY,2023-05-14,2023-05-22,215.2,7837.6,678.4,1.93,5402.31,259.67,16,5,15.7,0.2227,0.2175,0.085,,4,True
SHP-103898848,Hapag-Lloyd,Busan,Miami,sea,On_Schedule,Automotive,EUR,2023-08-08,2023-08-22,353.0,17367.0,5082.8,7.67,10685.95,367.6,23,2,0.0,0.3424,0.7854,0.1658,,1,True
SHP-101671190,FedEx,Antwerp,Rotterdam,sea,On_Schedule,Textiles,AED,2024-03-08,2024-03-22,347.9,5692.8,477.6,0.62,122535.86,2107.88,8,0,0.0,0.209,0.0387,0.3717,,1,False
SHP-104393818,Hapag-Lloyd,Singapore,Houston,air,On_Schedule,Machinery,GBP,2023-07-06,2023-07-07,24.0,12519.6,6535.0,16.44,5388.2,334.96,21,5,0.0,0.2509,0.0555,0.6277,7.3,1,True
SHP-102119978,ZIM,Shanghai,Miami,sea,On_Schedule,Machinery,GBP,2024-11-18,2024-12-10,534.3,7657.3,1806.5,2.85,47462.83,1088.31,19,3,0.0,0.2611,0.0703,0.1864,,1,False
SHP-100696721,UPS,Tanjung_Pelepas,Los_Angeles,rail,In_Transit,Textiles,EUR,2023-07-27,2023-07-28,33.9,3750.9,1884.7,2.8,14110.58,1013.2,14,1,0.0,0.3861,0.0823,0.5321,,2,False
SHP-102495196,CMA_CGM,Mumbai,Barcelona,sea,In_Transit,Chemicals,EUR,2024-10-31,2024-11-25,614.7,19042.4,35388.0,45.85,180439.9,14047.68,18,0,0.0,0.2306,0.2241,0.3066,3.8,4,True
SHP-103615101,ZIM,Colombo,Sydney,sea,On_Schedule,Raw_Materials,USD,2024-08-07,2024-08-20,326.8,8722.5,391.1,1.12,4436.54,78.27,18,4,0.0,0.6174,0.2438,0.1089,,1,False
SHP-101345415,ZIM,Antwerp,Antwerp,sea,In_Transit,Textiles,GBP,2024-11-14,2024-11-24,255.8,19513.9,1008.8,2.56,1544423.36,99888.14,8,0,0.0,0.2928,0.0735,0.2916,,1,False
SHP-100730716,Yang_Ming,Colombo,Savannah,sea,Delayed,Electronics,EUR,2022-06-28,2022-07-21,556.5,9066.9,41074.9,143.27,74801.71,4223.84,15,4,7.7,0.1425,0.4216,0.2586,,4,True
SHP-101399045,ONE,Port_Klang,Hamburg,sea,At_Port,Chemicals,CNY,2023-01-01,2023-01-09,196.0,8060.8,192.7,0.45,20674.48,1355.72,4,5,0.0,0.1681,0.0076,0.0714,27.1,1,False
SHP-102910318,Maersk,Port_Klang,Houston,rail,Customs_Hold,Consumer_Goods,CNY,2022-05-07,2022-05-14,178.5,4027.8,24886.5,49.9,100993.79,3079.97,23,0,0.0,0.1423,0.0867,0.3007,,2,True
SHP-100261528,FedEx,Singapore,New_York,sea,Delivered,Raw_Materials,EUR,2022-02-14,2022-03-12,632.8,17543.2,7501.0,12.39,903913.6,30292.83,21,0,26.6,0.2818,0.0598,0.2148,-12.9,1,True
SHP-101654474,DB_Schenker,Melbourne,Mumbai,rail,In_Transit,Textiles,USD,2022-03-23,2022-03-26,73.0,1083.1,255.8,0.83,15226.22,743.65,8,2,0.0,0.1084,0.0057,0.7627,,4,False
SHP-103322137,DHL,Tanjung_Pelepas,New_York,sea,Delayed,Electronics,USD,2024-04-28,2024-05-10,296.3,16227.7,500000.0,805.49,1141267.49,75931.44,17,2,2.4,0.1366,0.1823,0.382,-17.2,1,False
SHP-101194576,DHL,Tokyo,Sydney,air,On_Schedule,Textiles,SGD,2023-01-25,2023-01-26,27.8,2820.4,214.7,0.88,2948.09,215.58,18,3,0.0,0.4401,0.5184,0.3322,,2,True
SHP-103621525,ZIM,Felixstowe,Bremen,sea,On_Schedule,Food_Beverage,AED,2023-08-20,2023-08-26,154.3,7137.7,13168.4,18.07,3293.81,31.52,20,0,0.0,0.4596,0.0326,0.3619,,2,False
SHP-100739436,ZIM,Felixstowe,Singapore,sea,On_Schedule,Perishables,EUR,2024-01-26,2024-02-15,498.2,11260.4,1341.5,3.78,7460.67,207.86,9,0,0.0,0.0216,0.5052,0.2645,,2,True
SHP-101048824,Maersk,Guangzhou,Piraeus,sea,Delayed,Electronics,USD,2024-05-01,2024-05-06,142.3,8426.2,2588.8,6.47,1405415.38,45525.14,9,2,28.9,0.0971,0.2111,0.2375,12.4,1,False
SHP-100328925,Yang_Ming,Felixstowe,Sydney,air,Delivered,Textiles,CNY,2024-06-08,2024-06-09,45.8,7046.5,22.3,0.03,233257.8,8620.33,13,3,1.5,0.0888,0.0888,0.3105,-5.7,4,True
SHP-101937665,Yang_Ming,Tanjung_Pelepas,Le_Havre,rail,On_Schedule,Raw_Materials,GBP,2022-05-30,2022-06-03,117.4,2526.9,825.7,1.21,4937.31,62.05,21,2,0.0,0.0618,0.1053,0.1941,,1,True
SHP-104290344,ONE,Tokyo,Mumbai,road,Critical_Delay,Machinery,AED,2024-03-01,2024-03-03,59.7,2778.2,2908.0,4.07,19382.14,980.21,6,1,11.2,0.1662,0.4664,0.2082,,1,True
SHP-104925391,ONE,Shanghai,Piraeus,air,Delayed,Machinery,CNY,2022-04-22,2022-04-24,67.2,13955.1,114.4,0.51,19902.51,889.18,2,2,25.1,0.4456,0.1824,0.2322,-8.6,4,False
SHP-101562458,FedEx,Mumbai,Mumbai,air,In_Transit,Chemicals,CNY,2023-09-13,2023-09-13,19.5,14092.5,991.8,1.42,31405.02,720.17,17,4,0.0,0.2348,0.1048,0.5064,,3,True
SHP-102404191,CMA_CGM,Jebel_Ali,Bremen,sea,In_Transit,Electronics,USD,2022-03-31,2022-04-29,704.2,2159.4,8397.0,13.24,50494.65,507.91,14,2,0.0,0.0968,0.0516,0.4482,,1,True
SHP-102086528,Hapag-Lloyd,Singapore,New_York,sea,On_Schedule,Raw_Materials,USD,2022-06-08,2022-06-14,162.9,21319.4,742.6,0.95,1831742.0,90022.01,23,3,0.0,0.2738,0.0732,0.3747,,3,False
SHP-100222752,DB_Schenker,Dubai,Le_Havre,sea,On_Schedule,Perishables,SGD,2022-10-20,2022-11-15,647.0,12758.9,246.8,0.35,74982.34,4737.64,1,1,0.0,0.2364,0.2138,0.0961,7.2,4,False
SHP-101292579,ZIM,Jebel_Ali,Sydney,air,Delayed,Textiles,SGD,2023-08-13,2023-08-14,40.6,8891.4,733.7,0.93,123718.81,8628.48,3,3,4.4,0.4545,0.0321,0.2506,,1,True
SHP-100865087,DB_Schenker,Singapore,Piraeus,air,In_Transit,Consumer_Goods,EUR,2022-03-18,2022-03-19,47.8,7710.0,205.9,0.68,59692.33,2149.4,22,2,0.0,0.243,0.1036,0.4155,-16.3,1,True
SHP-100242574,HMM,Hamburg,Le_Havre,rail,On_Schedule,Raw_Materials,USD,2024-11-20,2024-11-21,37.6,7301.3,10373.0,40.09,948538.45,18466.5,11,2,0.0,0.3617,0.2946,0.4309,,3,True
SHP-101426628,Maersk,Guangzhou,Piraeus,air,In_Transit,Food_Beverage,EUR,2022-01-21,2022-01-22,29.6,7375.1,6211.6,10.82,109423.73,5272.37,5,2,0.0,0.4115,0.051,0.1048,,4,True
SHP-101373293,Evergreen,Singapore,Barcelona,rail,On_Schedule,Pharmaceuticals,USD,2022-12-24,2022-12-31,168.6,3018.9,21966.1,107.48,349417.34,11526.63,18,4,0.0,0.047,0.1089,0.4599,,3,True
SHP-101398283,COSCO,Antwerp,Sydney,sea,On_Schedule,Consumer_Goods,CNY,2024-05-01,2024-05-11,263.5,7766.7,13358.0,25.5,12833.0,418.43,11,4,0.0,0.1403,0.5016,0.466,,2,False
SHP-101983363,CMA_CGM,Shanghai,Barcelona,sea,On_Schedule,Perishables,EUR,2022-05-17,2022-06-07,522.2,2006.8,275.9,0.52,12316.75,192.29,18,3,0.0,0.1892,0.2021,0.3823,,2,True
SHP-100227403,DB_Schenker,Sydney,Sydney,road,On_Schedule,Automotive,CNY,2022-03-31,2022-04-04,109.2,6799.9,4830.5,10.17,116242.26,5177.96,13,5,0.0,0.1709,0.0483,0.4074,,3,True
SHP-101097780,ZIM,Melbourne,Felixstowe,rail,At_Port,Electronics,CNY,2022-12-26,2023-01-02,176.5,1959.2,5208.7,6.57,17817.09,1213.55,12,3,0.0,0.282,0.0291,0.5229,,1,True
SHP-104309670,Evergreen,Port_Klang,Antwerp,air,On_Schedule,Textiles,EUR,2023-05-09,2023-05-09,15.0,6277.5,4717.5,11.05,57916.78,2658.32,18,5,0.0,0.1499,0.3151,0.315,-12.5,4,True
SHP-104690975,MSC,Tokyo,Sydney,sea,In_Transit,Perishables,GBP,2023-03-29,2023-04-05,181.9,2053.0,29.8,0.07,6550.81,322.09,16,1,0.0,0.1661,0.1374,0.3781,,4,False
SHP-104193028,DHL,Felixstowe,Piraeus,sea,In_Transit,Textiles,AED,2024-12-18,2024-12-22,100.6,14591.1,3404.9,5.67,751609.23,49595.7,21,4,0.0,0.3143,0.4149,0.3319,,2,False
SHP-100533220,FedEx,Melbourne,Piraeus,air,In_Transit,Perishables,AED,2024-06-08,2024-06-09,32.3,9781.3,2422.1,10.32,39423.94,1012.07,17,3,0.0,0.1008,0.4713,0.5917,2.1,1,True
SHP-101870274,Hapag-Lloyd,Jebel_Ali,Le_Havre,sea,Critical_Delay,Chemicals,SGD,2023-06-20,2023-07-16,640.3,2901.6,16243.7,24.33,112810.86,7231.28,12,2,26.6,0.1624,0.1428,0.0949,,1,False
SHP-102176053,CMA_CGM,Sydney,Dubai,sea,At_Port,Consumer_Goods,SGD,2024-10-24,2024-11-19,625.2,14238.0,32274.8,61.63,4466.3,70.06,3,4,0.0,0.2466,0.1938,0.2682,,4,False
SHP-104803917,CMA_CGM,Shanghai,Le_Havre,sea,In_Transit,Food_Beverage,GBP,2022-04-13,2022-04-30,417.0,16397.2,9478.1,14.17,1361.3,18.12,19,0,0.0,0.129,0.0628,0.1371,,1,False
SHP-102469387,COSCO,Mundra,Los_Angeles,rail,At_Port,Raw_Materials,SGD,2023-08-31,2023-09-06,157.9,2190.6,718.8,2.26,50964.7,3265.09,20,5,0.0,0.2174,0.0464,0.6842,,1,True
SHP-104838735,ZIM,Mundra,Mumbai,rail,At_Port,Consumer_Goods,USD,2023-07-16,2023-07-18,59.9,398.1,11068.3,20.94,176777.5,7625.9,16,4,0.0,0.2716,0.1576,0.4081,,2,False
SHP-101019844,FedEx,Jebel_Ali,Mumbai,sea,In_Transit,Pharmaceuticals,CNY,2023-03-27,2023-04-14,455.4,15842.1,23385.3,33.64,64659.9,4465.7,10,1,0.0,0.1753,0.4214,0.4526,,3,False
SHP-102329111,FedEx,Shanghai,Houston,sea,In_Transit,Food_Beverage,EUR,2024-11-17,2024-12-09,549.3,18931.3,3145.4,8.35,1282703.55,26938.78,16,2,0.0,0.0752,0.3205,0.6891,,2,True
SHP-102649709,Kuehne_Nagel,Mumbai,Genoa,sea,On_Schedule,Chemicals,GBP,2024-04-30,2024-05-14,336.1,10876.3,399.1,1.45,1587331.67,124453.65,4,0,0.0,0.1932,0.1833,0.3622,,3,False
SHP-101487286,MSC,Antwerp,Houston,air,In_Transit,Machinery,EUR,2022-01-11,2022-01-12,34.2,9933.1,130466.8,241.57,438204.91,32279.0,19,3,0.0,0.3464,0.1337,0.2378,,2,True
SHP-100240984,ONE,Dubai,Valencia,rail,At_Port,Electronics,AED,2023-12-12,2023-12-18,149.7,6744.8,827.9,3.01,88194.03,4328.84,15,3,0.0,0.4363,0.5205,0.3799,-7.5,4,True
SHP-104928338,Yang_Ming,Tokyo,Antwerp,road,In_Transit,Raw_Materials,CNY,2024-12-12,2024-12-18,147.2,3200.1,44785.3,222.85,17150.18,371.53,2,4,0.0,0.2148,0.0988,0.0545,-4.4,2,True
SHP-103367990,FedEx,Mumbai,Savannah,rail,Critical_Delay,Food_Beverage,USD,2024-06-09,2024-06-12,78.9,1218.5,2980.7,4.5,19770.4,1161.27,2,1,74.6,0.2276,0.1162,0.3577,20.8,4,True
SHP-103962065,ZIM,Dubai,Sydney,sea,In_Transit,Pharmaceuticals,EUR,2023-04-26,2023-05-19,567.8,9770.0,3802.0,7.36,82182.22,1799.96,9,1,0.0,0.5374,0.1363,0.2178,,4,False
SHP-102946709,FedEx,Antwerp,New_York,sea,On_Schedule,Food_Beverage,GBP,2024-02-13,2024-03-13,707.7,8709.2,924.2,1.9,135079.18,7117.08,5,0,0.0,0.472,0.4119,0.5645,,2,True
SHP-103020060,ZIM,Port_Klang,Houston,rail,In_Transit,Food_Beverage,CNY,2024-12-06,2024-12-11,134.3,648.4,1679.5,4.16,48910396.77,3017617.38,24,2,0.0,0.3854,0.1123,0.3758,,2,True
SHP-100812712,ZIM,Felixstowe,Piraeus,sea,In_Transit,Textiles,EUR,2022-05-26,2022-05-31,127.3,16877.2,5339.0,9.83,127354.25,3569.3,22,4,0.0,0.0914,0.083,0.2417,,1,True
SHP-100800516,MSC,Shanghai,Le_Havre,rail,On_Schedule,Machinery,GBP,2024-03-22,2024-03-30,204.9,350.2,860.8,1.91,35862.52,883.23,7,1,0.0,0.409,0.0215,0.3438,,3,False
SHP-104406481,MSC,Colombo,Los_Angeles,sea,At_Port,Pharmaceuticals,SGD,2023-06-27,2023-07-04,175.1,17767.3,4022.9,7.1,28741.93,2216.64,22,3,0.0,0.0489,0.0234,0.2189,,3,True
SHP-103332179,CMA_CGM,Port_Klang,Singapore,sea,In_Transit,Machinery,AED,2022-02-07,2022-02-24,420.8,5395.2,15670.5,27.7,1468.68,11.56,1,4,0.0,0.2046,0.1645,0.3101,,4,True
SHP-103832983,ZIM,Shanghai,Le_Havre,air,Delayed,Pharmaceuticals,AED,2022-11-04,2022-11-04,17.0,3876.1,564.5,0.74,208751.15,1769.81,23,5,18.2,0.37,0.396,0.1615,,1,True
SHP-104544035,FedEx,Singapore,Los_Angeles,road,At_Port,Pharmaceuticals,USD,2023-09-09,2023-09-14,120.7,4257.8,737.9,0.99,1489564.7,116530.64,24,1,0.0,0.369,0.1036,0.5566,,4,False
SHP-101694762,Kuehne_Nagel,Hamburg,Hamburg,sea,In_Transit,Automotive,AED,2023-05-14,2023-05-28,359.6,13445.6,459.5,1.11,654275.62,12364.27,2,2,0.0,0.183,0.1871,0.2228,,4,False
SHP-102821069,Yang_Ming,Colombo,Antwerp,sea,In_Transit,Chemicals,GBP,2023-10-10,2023-10-22,300.3,10764.6,301.0,0.49,86456.74,4875.49,3,1,0.0,0.2465,0.0593,0.32,-15.1,2,False
SHP-101698418,ONE,Singapore,Valencia,air,In_Transit,Raw_Materials,GBP,2024-08-17,2024-08-19,49.6,13452.4,23292.8,42.13,238578.19,3639.51,8,3,0.0,0.7038,0.2565,0.3808,,1,False
SHP-100022942,COSCO,Guangzhou,Piraeus,sea,Delayed,Consumer_Goods,GBP,2022-04-18,2022-05-07,463.3,5884.7,24353.1,34.15,17025.7,844.75,2,3,8.1,0.037,0.125,0.3867,,3,True
SHP-101103998,UPS,Rotterdam,Sydney,sea,On_Schedule,Textiles,AED,2023-08-01,2023-08-07,158.4,5443.8,893.9,3.03,74576.31,4662.42,13,3,0.0,0.1659,0.042,0.5135,7.9,1,True
SHP-103613242,ZIM,Colombo,Barcelona,sea,On_Schedule,Machinery,SGD,2023-06-20,2023-07-15,611.6,13515.5,33730.2,92.57,11915.24,503.29,8,2,0.0,0.622,0.0381,0.4188,,2,True
SHP-104887732,CMA_CGM,Antwerp,Singapore,sea,Delayed,Food_Beverage,USD,2024-01-30,2024-02-04,132.6,5443.2,15608.4,69.99,1143335.38,48184.68,23,4,17.6,0.2791,0.1987,0.1414,21.1,2,True
SHP-103696954,DHL,Rotterdam,Genoa,rail,Delivered,Perishables,USD,2023-10-25,2023-11-01,169.5,6632.1,1598.7,2.69,231596.63,14874.21,22,3,10.4,0.3178,0.0661,0.2095,,4,True
SHP-104315751,ONE,Dubai,Baltimore,sea,On_Schedule,Raw_Materials,SGD,2022-10-05,2022-10-25,492.6,4168.5,8800.0,25.8,199066.18,15805.74,1,5,0.0,0.1515,0.1308,0.2788,,4,False
SHP-103993807,Evergreen,Ningbo,Miami,air,In_Transit,Food_Beverage,CNY,2023-08-23,2023-08-24,38.6,12207.6,1658.5,2.8,57491.06,1563.89,9,5,0.0,0.1699,0.0472,0.1001,,2,False
SHP-101068368,Maersk,Chennai,Valencia,sea,On_Schedule,Pharmaceuticals,EUR,2023-09-01,2023-09-07,156.2,5137.4,1217.2,5.72,55164.6,370.4,22,2,0.0,0.2193,0.1665,0.0596,,1,True
SHP-100600324,Maersk,Singapore,Savannah,sea,In_Transit,Consumer_Goods,SGD,2023-12-15,2024-01-12,680.3,5937.2,14162.6,26.34,24286.03,540.69,18,5,0.0,0.4527,0.2159,0.111,,4,True
SHP-104353794,Hapag-Lloyd,Hamburg,Felixstowe,rail,In_Transit,Raw_Materials,USD,2023-05-03,2023-05-11,192.7,5253.9,2953.4,4.17,7889.94,310.45,17,3,0.0,0.361,0.0876,0.0574,,4,True
SHP-102092628,DB_Schenker,Guangzhou,Houston,road,In_Transit,Raw_Materials,SGD,2023-01-03,2023-01-05,55.5,600.4,312.2,0.49,5014.29,136.72,4,0,0.0,0.2445,0.1651,0.1439,-19.7,1,False
SHP-104092018,DB_Schenker,Tokyo,Sydney,sea,At_Port,Perishables,EUR,2023-06-10,2023-06-27,424.0,9671.8,32261.6,87.09,4800.47,104.25,9,2,0.0,0.3315,0.2475,0.4292,,2,True
SHP-102072169,COSCO,Port_Klang,Miami,rail,In_Transit,Chemicals,CNY,2022-09-20,2022-09-29,232.9,4414.4,12225.0,23.27,4707.58,160.86,10,3,0.0,0.143,0.2362,0.1927,2.5,2,True
SHP-103313270,HMM,Colombo,Dubai,air,At_Port,Automotive,AED,2024-03-08,2024-03-08,20.8,11892.1,1703.8,4.1,28377.25,402.73,24,0,0.0,0.2246,0.0867,0.3799,,3,False
SHP-101125505,ONE,Sydney,Felixstowe,sea,At_Port,Food_Beverage,AED,2023-05-27,2023-06-04,213.3,12764.7,39.4,0.09,138460.72,8807.86,12,0,0.0,0.508,0.1996,0.3308,,4,True
SHP-100439383,CMA_CGM,Rotterdam,Hamburg,sea,Delivered,Electronics,CNY,2023-05-31,2023-06-10,261.4,5373.4,5382.7,12.31,13902.81,80.89,20,0,8.9,0.1123,0.3905,0.047,,3,True
SHP-103527120,Yang_Ming,Rotterdam,Savannah,sea,Delivered,Perishables,USD,2022-08-05,2022-08-23,443.9,12564.3,143087.3,291.67,11076.25,187.12,16,0,68.0,0.6233,0.1649,0.5229,,1,False
SHP-104964998,DB_Schenker,Antwerp,Los_Angeles,sea,Delayed,Consumer_Goods,USD,2023-02-05,2023-02-21,392.6,5117.9,2874.6,7.09,345630.69,7398.33,21,2,57.4,0.1469,0.0236,0.3273,,1,False
SHP-100082074,ONE,Chennai,Singapore,sea,Delayed,Perishables,CNY,2023-08-20,2023-09-05,385.9,7556.2,5940.7,10.14,2127.29,140.91,13,4,15.0,0.5921,0.4447,0.6151,,3,True
SHP-104112443,MSC,Antwerp,Valencia,sea,Delayed,Raw_Materials,AED,2024-09-09,2024-09-18,227.2,15978.6,13017.1,16.78,45353.78,2728.05,23,5,35.7,0.2946,0.2307,0.7969,-9.8,4,False
SHP-103513931,UPS,Hamburg,Rotterdam,air,Delayed,Perishables,SGD,2024-01-10,2024-01-11,46.8,6932.6,425.1,0.93,29290.5,983.23,20,3,79.9,0.3875,0.1109,0.814,,2,True
SHP-102622779,ONE,Antwerp,Mumbai,rail,In_Transit,Automotive,EUR,2022-06-23,2022-06-29,151.6,2365.0,1545.5,5.99,21362.33,1356.66,9,2,0.0,0.3481,0.2558,0.4545,-0.5,2,True
SHP-102529853,Evergreen,Port_Klang,Barcelona,sea,On_Schedule,Consumer_Goods,EUR,2022-03-15,2022-04-13,711.9,5140.7,5080.4,11.68,8819.88,323.88,2,3,0.0,0.3639,0.3325,0.097,24.4,1,False
SHP-100245585,MSC,Dubai,Antwerp,air,On_Schedule,Consumer_Goods,GBP,2024-06-18,2024-06-19,31.9,7313.2,33237.3,46.59,43183.32,2432.08,4,2,0.0,0.1274,0.383,0.4552,,1,True
SHP-101817799,Hapag-Lloyd,Sydney,Miami,rail,On_Schedule,Automotive,GBP,2022-03-01,2022-03-08,189.2,614.9,1744.1,3.4,9202.31,529.54,16,0,0.0,0.5044,0.0966,0.4508,,4,True
SHP-101178915,Yang_Ming,Tokyo,Baltimore,sea,In_Transit,Textiles,EUR,2022-04-14,2022-05-06,537.3,15884.7,67000.0,111.55,10060.78,749.45,15,1,0.0,0.2607,0.4905,0.1917,,1,False
SHP-100697285,ONE,Dubai,Valencia,rail,In_Transit,Perishables,SGD,2024-11-28,2024-11-29,33.9,2503.7,45944.5,97.32,177593.91,3558.74,4,4,0.0,0.1315,0.1133,0.3099,,4,False
SHP-104213566,CMA_CGM,Singapore,Antwerp,sea,In_Transit,Machinery,SGD,2023-02-27,2023-03-25,625.4,9490.0,71397.5,236.3,2772.15,136.9,24,0,0.0,0.2251,0.1391,0.3535,,2,False
SHP-101232803,DHL,Tanjung_Pelepas,Los_Angeles,sea,On_Schedule,Machinery,EUR,2022-01-24,2022-02-12,464.1,11529.2,354.3,1.41,213555.43,11494.73,16,0,0.0,0.4382,0.332,0.0453,,3,True
SHP-101410047,DB_Schenker,Hamburg,Piraeus,sea,In_Transit,Textiles,USD,2023-07-05,2023-07-22,422.8,14726.4,604.8,1.17,286514.01,5508.53,3,0,0.0,0.4963,0.149,0.5458,,1,True
SHP-104319083,Kuehne_Nagel,Singapore,Antwerp,sea,Customs_Hold,Pharmaceuticals,USD,2022-08-28,2022-09-09,289.0,14394.6,816.1,1.45,96176.59,1936.9,3,3,0.0,0.1604,0.0796,0.0269,6.9,3,True
SHP-101819748,CMA_CGM,Tanjung_Pelepas,Baltimore,sea,Delivered,Food_Beverage,GBP,2024-03-31,2024-04-13,321.6,13667.7,58801.2,140.54,165917.38,4979.6,12,2,18.2,0.4795,0.2401,0.1852,,3,True
SHP-103029252,HMM,Busan,Antwerp,sea,On_Schedule,Chemicals,CNY,2023-10-11,2023-11-08,683.0,16738.7,294.3,0.42,95535.21,3526.37,19,4,0.0,0.0254,0.2001,0.3882,,1,False
SHP-102431251,DB_Schenker,Port_Klang,Miami,sea,In_Transit,Textiles,AED,2023-08-24,2023-09-06,321.1,17806.8,6117.0,17.3,42882.08,650.58,14,4,0.0,0.2844,0.2474,0.5779,,2,True
SHP-102904938,Hapag-Lloyd,Mundra,Le_Havre,sea,On_Schedule,Automotive,GBP,2023-05-16,2023-06-14,709.4,858.9,25348.5,48.8,14169.29,687.86,20,4,0.0,0.3567,0.2731,0.2309,,1,False
SHP-101992632,DHL,Chennai,Los_Angeles,sea,In_Transit,Raw_Materials,AED,2024-09-07,2024-10-01,598.6,11579.6,2067.6,5.83,48040.38,2905.14,11,1,0.0,0.3368,0.2288,0.323,,3,False
SHP-102279730,DB_Schenker,Jebel_Ali,Piraeus,sea,Delayed,Consumer_Goods,CNY,2023-07-16,2023-08-11,637.1,1142.7,71675.0,153.72,612572.71,31582.82,22,0,21.4,0.3899,0.6461,0.3466,,2,False
SHP-102728026,HMM,Mundra,Bremen,sea,Customs_Hold,Textiles,CNY,2024-05-20,2024-06-12,555.9,9241.5,2667.5,12.21,65341.84,5200.96,23,0,0.0,0.2996,0.1603,0.326,,3,True
SHP-101725448,ONE,Chennai,Felixstowe,rail,In_Transit,Perishables,AED,2022-12-18,2022-12-26,197.8,5846.8,2687.3,5.72,19476.42,299.15,5,0,0.0,0.3771,0.0171,0.2347,,2,True
SHP-102238662,Kuehne_Nagel,Shanghai,Antwerp,sea,On_Schedule,Raw_Materials,SGD,2022-06-01,2022-06-27,624.7,955.2,39131.2,126.21,34725.57,1309.41,24,0,0.0,0.4603,0.1039,0.4377,,3,True
SHP-104444777,Maersk,Rotterdam,Houston,air,On_Schedule,Electronics,EUR,2024-03-20,2024-03-21,47.7,14575.1,1102.3,1.91,108471.77,4143.27,2,2,0.0,0.1518,0.3323,0.1793,,1,False
SHP-104485930,Evergreen,Tanjung_Pelepas,Genoa,air,On_Schedule,Raw_Materials,EUR,2022-05-11,2022-05-13,69.3,1236.6,230.6,0.89,176963.05,11083.94,14,3,0.0,0.0642,0.5121,0.3297,,1,False
SHP-100655041,DHL,Tokyo,Singapore,sea,At_Port,Perishables,GBP,2022-06-11,2022-07-08,665.1,10635.7,126.9,0.3,8580.52,586.53,8,1,0.0,0.2314,0.2782,0.9117,,4,True
SHP-103279233,UPS,Dubai,Sydney,sea,Customs_Hold,Machinery,SGD,2024-06-17,2024-07-06,460.6,1226.5,149.5,0.7,16240.97,523.62,1,5,0.0,0.2396,0.0683,0.6027,-17.9,4,True
SHP-103214919,Kuehne_Nagel,Sydney,Baltimore,air,In_Transit,Pharmaceuticals,SGD,2023-09-14,2023-09-15,27.6,6950.5,1232.3,1.59,10501.01,790.5,7,0,0.0,0.2154,0.1958,0.1793,,4,True
SHP-101678561,ONE,Tanjung_Pelepas,New_York,sea,At_Port,Chemicals,CNY,2023-10-03,2023-10-14,277.4,18633.0,327104.8,510.37,3279.49,145.46,2,2,0.0,0.1251,0.3247,0.2302,,4,False
SHP-101534959,CMA_CGM,Melbourne,Valencia,sea,On_Schedule,Consumer_Goods,EUR,2024-08-30,2024-09-05,159.8,21249.4,2071.9,2.71,26079.79,567.66,1,2,0.0,0.1435,0.1027,0.0743,,3,False
SHP-101543724,MSC,Guangzhou,Hamburg,sea,On_Schedule,Electronics,AED,2022-11-17,2022-11-23,147.6,9726.1,1559.4,3.93,30047.58,1177.25,21,3,0.0,0.0878,0.455,0.5043,,3,True
SHP-100511991,ONE,Tanjung_Pelepas,Antwerp,rail,In_Transit,Food_Beverage,AED,2024-08-08,2024-08-09,42.6,2202.3,90.9,0.11,2213.29,93.29,11,2,0.0,0.1152,0.1038,0.3444,22.1,1,True
SHP-102126425,HMM,Felixstowe,Antwerp,sea,In_Transit,Machinery,CNY,2024-11-20,2024-12-13,571.7,2269.8,8141.7,25.0,137220.73,1578.57,7,1,0.0,0.0989,0.0427,0.3957,,2,True
SHP-102567346,MSC,Antwerp,Baltimore,sea,Delayed,Raw_Materials,SGD,2024-09-12,2024-10-10,674.8,14002.4,299.2,0.79,359473.23,28744.73,2,5,36.5,0.0747,0.0823,0.1445,-13.6,1,False
SHP-103868455,HMM,Tokyo,Miami,air,At_Port,Pharmaceuticals,EUR,2022-08-11,2022-08-12,26.6,2618.7,38081.4,120.99,23457.05,631.3,9,1,0.0,0.5489,0.1454,0.178,,3,True
SHP-101172662,MSC,Shanghai,Piraeus,sea,At_Port,Machinery,USD,2024-10-04,2024-10-18,353.2,14907.1,14361.0,67.61,19664.08,688.35,5,0,0.0,0.2254,0.1017,0.1765,,2,True
SHP-102072204,Maersk,Tanjung_Pelepas,Barcelona,road,Delayed,Consumer_Goods,SGD,2024-01-26,2024-01-28,48.0,5015.6,1668.0,2.71,399603.61,26943.41,21,4,36.4,0.3102,0.1731,0.3531,,4,False
SHP-103631306,Hapag-Lloyd,Antwerp,Baltimore,road,Delayed,Machinery,USD,2024-09-25,2024-09-27,63.3,1250.0,676.2,1.18,10807.41,587.62,14,2,3.7,0.2351,0.0277,0.2759,,3,False
SHP-103490182,FedEx,Felixstowe,Houston,air,In_Transit,Perishables,AED,2023-05-03,2023-05-04,44.8,3623.8,100896.7,298.56,419998.33,28991.9,22,1,0.0,0.3785,0.0203,0.8587,18.8,2,False
SHP-101565608,COSCO,Sydney,Dubai,sea,In_Transit,Chemicals,GBP,2022-07-23,2022-08-21,700.7,6991.0,16167.8,24.75,366809.9,17592.93,19,5,0.0,0.5884,0.1346,0.2578,8.0,3,True
SHP-104886333,Yang_Ming,Melbourne,Hamburg,air,In_Transit,Raw_Materials,EUR,2022-09-03,2022-09-04,39.5,4674.5,1686.2,2.42,153791.27,4477.5,6,5,0.0,0.6155,0.0171,0.3603,,3,False
SHP-100186728,MSC,Singapore,Mumbai,rail,Delayed,Textiles,EUR,2022-09-29,2022-10-01,63.2,6029.3,264.6,1.02,376001.42,11191.39,22,1,48.2,0.0815,0.0606,0.5988,16.8,2,True
SHP-103980790,FedEx,Guangzhou,Le_Havre,rail,On_Schedule,Automotive,EUR,2024-02-13,2024-02-15,60.5,5690.9,15949.9,21.57,4999.79,332.88,19,4,0.0,0.2077,0.0596,0.3106,-11.5,3,True
SHP-101156447,ZIM,Tokyo,New_York,rail,On_Schedule,Consumer_Goods,USD,2022-01-21,2022-01-22,28.0,3304.1,429.4,0.76,101379.8,2448.91,13,1,0.0,0.2861,0.1513,0.3577,23.8,3,True
SHP-104950127,HMM,Mundra,Mumbai,air,On_Schedule,Food_Beverage,CNY,2023-01-16,2023-01-16,16.5,5132.2,2154.1,2.79,113413.94,8256.37,23,2,0.0,0.3738,0.0743,0.6502,,2,False
SHP-102193137,ZIM,Singapore,Genoa,sea,In_Transit,Electronics,AED,2024-11-11,2024-11-27,404.7,4812.4,511.8,0.73,27924.55,1396.92,2,5,0.0,0.2364,0.1158,0.2813,,4,False
SHP-102895731,FedEx,Singapore,Dubai,sea,Customs_Hold,Machinery,CNY,2022-03-24,2022-04-17,588.2,1479.6,2714.2,9.96,119341.61,7053.61,19,3,0.0,0.1991,0.1781,0.4029,,4,False
SHP-104140684,Evergreen,Chennai,Le_Havre,sea,In_Transit,Consumer_Goods,CNY,2023-02-16,2023-02-25,237.8,19057.2,17339.8,29.01,285129.86,6628.98,3,5,0.0,0.0838,0.0926,0.4543,8.2,1,True
SHP-103732768,Yang_Ming,Hamburg,Singapore,rail,On_Schedule,Perishables,EUR,2024-10-07,2024-10-15,212.0,6638.3,8405.4,15.96,5876.02,399.67,9,0,0.0,0.4382,0.1161,0.329,-18.4,1,False
SHP-101155789,Evergreen,Jebel_Ali,Rotterdam,rail,On_Schedule,Pharmaceuticals,USD,2023-02-11,2023-02-14,73.7,5451.8,6406.0,20.74,93450.85,5701.32,5,1,0.0,0.2916,0.1243,0.6886,23.0,2,False
SHP-103387433,HMM,Hamburg,New_York,sea,On_Schedule,Automotive,AED,2024-08-25,2024-09-07,332.3,17595.7,6876.8,16.23,115464.04,2752.25,24,3,0.0,0.1976,0.3785,0.4365,,3,False
SHP-100378201,Kuehne_Nagel,Rotterdam,Genoa,sea,At_Port,Food_Beverage,CNY,2022-12-13,2022-12-28,366.8,18365.7,546.1,0.69,46093.81,296.6,18,2,0.0,0.2094,0.0588,0.3534,,4,False
SHP-101283239,Kuehne_Nagel,Chennai,Genoa,sea,Critical_Delay,Electronics,EUR,2023-10-15,2023-10-26,278.2,19661.2,5970.4,15.49,11789.38,113.2,2,0,20.7,0.23,0.3495,0.1999,,3,False
SHP-102882892,UPS,Mumbai,Barcelona,air,On_Schedule,Chemicals,CNY,2024-05-14,2024-05-16,67.6,9544.2,52.1,0.13,4462.89,171.04,2,4,0.0,0.1215,0.0593,0.6403,,1,True
SHP-101981083,DB_Schenker,Tanjung_Pelepas,Genoa,air,On_Schedule,Perishables,AED,2022-01-05,2022-01-07,55.0,10642.3,19163.1,30.87,254387.42,18054.39,10,1,0.0,0.0848,0.2486,0.3821,,4,True
SHP-103724217,FedEx,Chennai,Le_Havre,road,On_Schedule,Food_Beverage,CNY,2024-01-12,2024-01-15,79.0,3963.6,792.5,1.31,1561629.63,23349.96,8,5,0.0,0.0502,0.4849,0.2038,-13.9,1,False
SHP-101137106,HMM,Mundra,Dubai,sea,Critical_Delay,Machinery,AED,2023-04-26,2023-05-07,280.3,18682.1,400.9,0.78,93265.81,2991.66,10,3,23.4,0.4849,0.1857,0.2224,,4,False
SHP-104138014,HMM,Mumbai,Singapore,rail,On_Schedule,Consumer_Goods,SGD,2022-09-02,2022-09-09,178.4,4825.2,3997.8,10.64,218274.97,9644.76,3,3,0.0,0.118,0.1586,0.28,,3,True
SHP-103681158,COSCO,Felixstowe,Baltimore,air,In_Transit,Chemicals,AED,2023-01-09,2023-01-09,22.1,3326.7,6304.8,20.02,66325.52,2539.02,15,3,0.0,0.2594,0.0495,0.4515,,3,True
SHP-103619808,Kuehne_Nagel,Guangzhou,Singapore,road,Delayed,Electronics,GBP,2024-06-05,2024-06-07,67.1,1760.7,3056.5,4.77,82285.83,4699.7,2,3,2.0,0.2762,0.0771,0.5888,,2,False
SHP-100541230,COSCO,Shanghai,Mumbai,sea,In_Transit,Perishables,USD,2024-10-07,2024-10-18,268.5,20819.1,19294.8,49.0,143839.81,4586.31,17,5,0.0,0.2165,0.1127,0.3359,,4,True
SHP-103024182,UPS,Port_Klang,Baltimore,road,Delayed,Chemicals,SGD,2023-10-09,2023-10-16,182.8,5751.0,1543.0,2.51,554119.06,22308.52,21,3,6.9,0.4747,0.1361,0.2436,,1,False
SHP-103267137,DHL,Antwerp,Mumbai,air,Delivered,Consumer_Goods,USD,2023-11-04,2023-11-05,29.1,7216.0,271.2,0.39,3267.03,190.87,1,4,13.9,0.3112,0.1811,0.5548,-7.6,2,True
SHP-100512589,ZIM,Busan,Sydney,air,At_Port,Electronics,AED,2024-09-03,2024-09-05,52.0,3358.4,2183.7,5.42,12636.03,439.16,14,5,0.0,0.1277,0.1106,0.433,,3,False
SHP-103987930,UPS,Jebel_Ali,Hamburg,sea,At_Port,Pharmaceuticals,CNY,2023-09-25,2023-10-16,523.6,9131.5,4407.0,12.55,3542.04,198.21,12,0,0.0,0.2733,0.211,0.3017,,3,True
SHP-100153098,DHL,Ningbo,Los_Angeles,air,Customs_Hold,Textiles,SGD,2023-04-22,2023-04-23,45.3,14603.5,3975.1,6.04,2550937.4,154229.14,3,1,0.0,0.6114,0.0628,0.1636,-15.2,4,True
SHP-104940374,ONE,Tokyo,New_York,sea,In_Transit,Food_Beverage,GBP,2023-04-11,2023-05-07,631.3,21706.1,663.9,1.64,10773.31,792.35,12,5,0.0,0.3025,0.3177,0.2215,,1,True
SHP-101154196,HMM,Colombo,Genoa,sea,Critical_Delay,Machinery,GBP,2022-08-23,2022-09-16,599.9,21318.8,644.6,1.06,57409.9,2739.48,20,4,63.6,0.3717,0.0469,0.1293,,2,True
SHP-102332435,CMA_CGM,Port_Klang,Dubai,rail,On_Schedule,Perishables,EUR,2024-06-19,2024-06-20,47.7,3630.3,322.5,0.44,103624.33,5850.21,5,3,0.0,0.5964,0.6414,0.2964,11.2,2,True
SHP-102821699,Yang_Ming,Port_Klang,Miami,sea,In_Transit,Textiles,GBP,2022-12-08,2022-12-17,232.2,4461.5,1258.5,1.95,14803.83,552.08,19,2,0.0,0.1751,0.1747,0.1042,,2,False
SHP-100223330,UPS,Mumbai,Los_Angeles,rail,On_Schedule,Raw_Materials,EUR,2022-03-15,2022-03-17,68.5,740.2,3494.2,8.32,50998.55,3205.63,9,4,0.0,0.4509,0.271,0.3103,,2,False
SHP-101097391,COSCO,Colombo,Barcelona,rail,On_Schedule,Textiles,SGD,2023-07-15,2023-07-16,34.4,1741.1,2533.2,8.03,15651.75,352.75,2,3,0.0,0.0708,0.1272,0.488,,3,False
SHP-100247934,MSC,Dubai,Savannah,sea,On_Schedule,Raw_Materials,USD,2024-08-17,2024-08-25,202.9,19091.2,6181.0,13.9,6948.26,446.58,24,3,0.0,0.2076,0.1443,0.1864,,3,False
SHP-100088758,MSC,Sydney,Antwerp,air,At_Port,Raw_Materials,SGD,2024-08-02,2024-08-03,39.1,2395.3,6157.7,15.52,94388.76,6973.96,6,2,0.0,0.161,0.3033,0.7959,6.4,1,True
SHP-102767283,Maersk,Busan,Le_Havre,sea,In_Transit,Automotive,USD,2022-06-07,2022-07-04,656.7,8100.8,1617.0,2.32,58203.63,1070.04,4,3,0.0,0.261,0.093,0.0517,-19.5,1,True
SHP-101199755,COSCO,Felixstowe,Savannah,air,On_Schedule,Chemicals,USD,2024-08-31,2024-09-02,63.7,2736.4,17705.1,22.59,20125.45,1463.75,22,4,0.0,0.4145,0.2103,0.2305,,2,True
SHP-101873864,COSCO,Port_Klang,Felixstowe,air,Delivered,Consumer_Goods,GBP,2022-07-26,2022-07-26,23.9,1376.8,9540.5,13.15,187899.79,13013.48,8,3,20.9,0.0656,0.0923,0.627,,1,True
SHP-104862351,CMA_CGM,Busan,Barcelona,sea,Delayed,Consumer_Goods,AED,2024-11-04,2024-11-23,460.2,9133.2,1203.5,1.84,303125.57,11480.93,21,4,3.6,0.0782,0.1911,0.2465,,3,False
SHP-100534805,FedEx,Port_Klang,Le_Havre,air,Delayed,Raw_Materials,AED,2022-06-29,2022-06-30,45.5,13268.1,22027.4,54.7,117633.86,999.21,23,2,11.5,0.8202,0.1887,0.4678,,4,True
SHP-101377086,UPS,Jebel_Ali,Antwerp,air,On_Schedule,Consumer_Goods,SGD,2024-06-09,2024-06-11,52.1,6833.8,1227.2,3.32,1103.61,62.35,10,0,0.0,0.2336,0.0993,0.5295,,1,True
SHP-104363156,Yang_Ming,Mundra,Bremen,sea,At_Port,Pharmaceuticals,SGD,2022-09-23,2022-10-10,425.1,4985.9,2861.3,12.46,9688.63,203.46,3,5,0.0,0.7158,0.1614,0.5789,,1,False
SHP-101887163,FedEx,Singapore,Hamburg,air,On_Schedule,Chemicals,EUR,2022-06-17,2022-06-19,55.4,2820.6,23719.7,50.38,36072.18,1711.86,16,5,0.0,0.1184,0.2023,0.3327,14.3,2,False
SHP-100059014,UPS,Chennai,Antwerp,sea,Delayed,Perishables,USD,2023-02-22,2023-03-02,210.8,11446.8,3636.3,4.94,11059.61,249.44,4,2,14.2,0.1499,0.2351,0.1857,17.1,3,True
SHP-102121761,Evergreen,Melbourne,Sydney,sea,On_Schedule,Consumer_Goods,CNY,2022-02-15,2022-03-02,360.6,8020.2,32804.5,91.82,3320686.89,261746.15,1,2,0.0,0.0922,0.1297,0.0065,,1,True
SHP-102560965,FedEx,Singapore,Felixstowe,road,Customs_Hold,Consumer_Goods,EUR,2024-09-19,2024-09-20,27.0,1502.5,15220.4,21.73,50017.84,3935.86,24,5,0.0,0.3052,0.155,0.3146,-1.0,1,False
SHP-103247089,Hapag-Lloyd,Jebel_Ali,Houston,sea,At_Port,Consumer_Goods,AED,2024-05-06,2024-05-11,122.9,16763.7,4715.1,10.89,376269.6,13853.49,5,3,0.0,0.3482,0.1573,0.6359,,2,True
SHP-100194679,UPS,Felixstowe,Savannah,sea,On_Schedule,Chemicals,GBP,2022-12-31,2023-01-23,559.2,14507.0,2448.6,4.5,6310.45,487.06,23,4,0.0,0.4589,0.0186,0.2367,17.1,3,False
SHP-103462585,Yang_Ming,Mundra,Houston,sea,On_Schedule,Chemicals,SGD,2024-02-04,2024-02-27,557.2,1286.3,13782.0,45.42,641459.93,49908.85,5,2,0.0,0.5079,0.1848,0.2658,,4,True
SHP-101656096,ZIM,Melbourne,Genoa,sea,Customs_Hold,Automotive,SGD,2023-12-29,2024-01-17,471.2,13116.1,4499.1,6.25,185014.88,1710.35,10,3,0.0,0.0377,0.18,0.317,,3,False
SHP-100553459,ONE,Melbourne,Felixstowe,rail,On_Schedule,Machinery,EUR,2022-07-14,2022-07-15,29.1,5565.2,2976.4,6.01,305819.74,10574.41,13,5,0.0,0.2863,0.2097,0.3892,,2,True
SHP-100596119,Kuehne_Nagel,Hamburg,Sydney,air,In_Transit,Automotive,CNY,2024-12-16,2024-12-16,22.5,10794.5,2534.1,5.04,357306.72,23412.48,14,1,0.0,0.14,0.1137,0.3354,,4,True
SHP-102460162,HMM,Melbourne,Valencia,sea,On_Schedule,Textiles,AED,2022-10-24,2022-11-07,337.3,8299.7,1536.8,3.22,21189.2,305.79,4,5,0.0,0.2034,0.2565,0.3135,,3,False
SHP-101789962,Maersk,Sydney,Genoa,road,On_Schedule,Machinery,EUR,2022-04-07,2022-04-10,83.4,6631.9,19018.0,25.81,12847.67,692.72,24,2,0.0,0.262,0.397,0.1714,,3,True
SHP-101702065,Evergreen,Tanjung_Pelepas,Le_Havre,sea,In_Transit,Consumer_Goods,SGD,2022-07-17,2022-08-10,596.1,3088.8,53519.2,186.27,51277.39,2838.0,23,5,0.0,0.0775,0.3851,0.2934,,4,False
SHP-102520621,ZIM,Chennai,Le_Havre,sea,On_Schedule,Pharmaceuticals,CNY,2022-12-17,2023-01-08,532.6,19328.6,8670.5,25.84,105690.68,6811.28,8,1,0.0,0.2534,0.2037,0.4018,,3,False
SHP-101728441,COSCO,Singapore,Houston,sea,On_Schedule,Perishables,CNY,2024-12-24,2025-01-16,572.6,19842.3,81.0,0.28,25562.1,1411.01,18,0,0.0,0.3661,0.191,0.2158,,1,False
SHP-102863129,ONE,Tanjung_Pelepas,Singapore,rail,In_Transit,Food_Beverage,CNY,2022-09-28,2022-09-30,58.0,1535.7,233.5,0.69,283152.19,16706.93,8,1,0.0,0.3458,0.1779,0.4285,,3,False
SHP-101814762,Maersk,Sydney,Dubai,rail,On_Schedule,Electronics,USD,2024-10-07,2024-10-08,41.0,4170.6,887.8,3.2,126523.75,9421.12,16,5,0.0,0.1871,0.0193,0.3011,-11.5,4,False
SHP-100463055,ONE,Chennai,Genoa,rail,On_Schedule,Consumer_Goods,USD,2022-02-17,2022-02-23,157.8,7782.4,24838.6,65.28,76570.61,2381.46,2,5,0.0,0.4201,0.1002,0.3007,-12.9,1,True
SHP-103015170,Hapag-Lloyd,Shanghai,Sydney,air,In_Transit,Perishables,EUR,2022-06-04,2022-06-04,16.3,4950.6,393.8,0.99,117804.41,4083.11,18,2,0.0,0.3266,0.3168,0.3605,,4,False
SHP-104120906,UPS,Busan,Dubai,sea,On_Schedule,Consumer_Goods,AED,2024-12-01,2024-12-25,582.3,17477.9,6318.5,17.82,20903.88,1017.1,11,1,0.0,0.403,0.1281,0.421,,3,True
SHP-101690541,ONE,Colombo,Savannah,air,Critical_Delay,Electronics,SGD,2023-10-28,2023-10-28,18.2,12981.1,3674.1,11.0,492484.73,27524.1,5,3,8.0,0.3551,0.0793,0.3206,,4,True
SHP-103069545,DHL,Jebel_Ali,Antwerp,sea,On_Schedule,Machinery,EUR,2024-07-20,2024-08-04,362.1,21971.4,12785.1,34.54,146952.23,2544.91,1,1,0.0,0.345,0.3121,0.1383,,3,True
SHP-101647636,COSCO,Ningbo,Antwerp,sea,In_Transit,Pharmaceuticals,EUR,2022-08-17,2022-09-04,455.5,21879.0,24375.1,32.67,100.0,0.52,24,2,0.0,0.1593,0.2761,0.1296,,2,True
SHP-101403411,Yang_Ming,Antwerp,Le_Havre,sea,In_Transit,Electronics,EUR,2024-02-08,2024-02-12,108.0,13356.7,4637.6,11.76,1544745.41,91191.89,5,5,0.0,0.3736,0.2143,0.3036,,1,True
SHP-100825194,HMM,Tokyo,Antwerp,sea,In_Transit,Perishables,EUR,2022-12-26,2023-01-16,512.6,10997.3,1389.9,1.77,1681764.94,69474.68,10,5,0.0,0.2155,0.5659,0.1828,,2,False
SHP-100871088,COSCO,Hamburg,Bremen,sea,Delayed,Chemicals,USD,2024-02-14,2024-03-05,486.1,4273.1,5073.0,16.02,3063.04,206.82,16,4,32.2,0.1781,0.3421,0.4317,8.1,2,True
SHP-103375800,Maersk,Rotterdam,Hamburg,road,In_Transit,Chemicals,CNY,2022-12-21,2022-12-24,85.8,7289.5,9986.5,15.41,84267.87,5146.16,20,3,0.0,0.6067,0.2552,0.4954,,3,False
SHP-100574087,Hapag-Lloyd,Mundra,Piraeus,air,On_Schedule,Perishables,AED,2023-06-28,2023-06-29,24.0,9352.2,898.8,1.99,66897.94,4699.52,12,5,0.0,0.1295,0.1316,0.5827,,4,True
SHP-102311914,UPS,Tanjung_Pelepas,Hamburg,sea,Customs_Hold,Perishables,AED,2024-04-10,2024-04-27,431.8,4665.2,1943.7,3.15,1276.46,27.11,20,2,0.0,0.2356,0.4176,0.256,,4,True
SHP-101773364,HMM,Mundra,Mumbai,rail,Customs_Hold,Machinery,GBP,2024-01-20,2024-01-22,51.4,1329.0,877.1,1.69,19768.38,1477.45,20,5,0.0,0.423,0.005,0.2377,,4,True
SHP-103792464,Maersk,Antwerp,Singapore,air,Customs_Hold,Chemicals,USD,2023-06-07,2023-06-09,59.6,14061.9,5825.9,14.95,19843.75,231.55,9,5,0.0,0.3641,0.502,0.4392,,2,False
SHP-100464571,MSC,Mumbai,Bremen,sea,Delivered,Automotive,SGD,2022-03-26,2022-04-02,170.4,8339.0,16.5,0.03,51161.26,2043.51,5,0,56.2,0.1292,0.1877,0.266,,3,False
SHP-101347858,HMM,Mundra,Singapore,sea,In_Transit,Chemicals,EUR,2024-04-13,2024-05-04,523.2,3103.9,115492.7,295.14,2588.22,41.05,1,1,0.0,0.0667,0.2629,0.3902,0.1,4,True
SHP-104707886,FedEx,Sydney,Le_Havre,sea,In_Transit,Pharmaceuticals,GBP,2024-08-24,2024-09-11,440.9,19870.4,3800.2,5.85,1500582.22,82256.05,11,1,0.0,0.1015,0.1843,0.2096,-4.7,3,False
SHP-104849586,Hapag-Lloyd,Chennai,Houston,air,Customs_Hold,Raw_Materials,CNY,2024-03-11,2024-03-13,64.5,4546.8,5183.0,11.55,2954.23,156.63,23,4,0.0,0.4135,0.3023,0.2964,29.4,4,True
SHP-104344481,Maersk,Melbourne,Mumbai,rail,On_Schedule,Textiles,EUR,2022-10-06,2022-10-14,207.4,7846.7,2455.8,5.72,14985.38,504.12,4,2,0.0,0.5896,0.0101,0.1218,4.7,3,True
SHP-100468077,COSCO,Port_Klang,Valencia,sea,Delayed,Food_Beverage,GBP,2024-12-12,2024-12-20,200.3,7887.3,135799.0,591.68,29365.68,1081.82,8,1,9.1,0.1582,0.0286,0.008,,2,True
SHP-101461735,Evergreen,Mundra,Baltimore,sea,In_Transit,Raw_Materials,GBP,2022-07-21,2022-08-06,404.4,2888.6,17819.5,65.58,17223.62,443.58,24,2,0.0,0.41,0.2095,0.1865,,2,False
SHP-103271553,CMA_CGM,Sydney,Dubai,sea,On_Schedule,Raw_Materials,AED,2022-09-24,2022-10-12,434.6,3727.6,3934.8,7.56,9939.56,695.74,11,2,0.0,0.362,0.0738,0.4627,,2,False
SHP-100759700,Evergreen,Busan,Mumbai,sea,On_Schedule,Consumer_Goods,CNY,2024-04-14,2024-04-29,382.1,6516.3,380.0,1.53,54285.31,2644.27,17,0,0.0,0.2206,0.1119,0.4352,15.6,1,True
SHP-104689373,ONE,Busan,Bremen,sea,On_Schedule,Pharmaceuticals,CNY,2023-10-23,2023-10-28,128.6,8752.0,1891.2,3.35,10523.92,116.75,18,4,0.0,0.0905,0.0971,0.068,,2,False
SHP-104715386,FedEx,Antwerp,Houston,rail,At_Port,Consumer_Goods,CNY,2022-01-22,2022-01-24,66.8,4132.1,40.6,0.14,394345.58,21561.53,23,5,0.0,0.5929,0.2121,0.4795,,3,False
SHP-102421685,ONE,Dubai,Felixstowe,rail,At_Port,Consumer_Goods,EUR,2022-06-14,2022-06-21,177.9,5874.4,500000.0,2401.69,1565025.46,31457.19,11,3,0.0,0.774,0.4821,0.6055,,1,False
SHP-100434317,MSC,Felixstowe,Hamburg,sea,On_Schedule,Electronics,USD,2024-04-01,2024-04-12,281.8,1822.4,260.2,0.48,1219464.98,15359.8,14,5,0.0,0.1443,0.0344,0.2619,,4,True
SHP-101800425,MSC,Guangzhou,Baltimore,sea,Customs_Hold,Automotive,AED,2023-08-24,2023-09-11,434.3,3272.9,9458.6,26.55,720873.43,40904.45,22,5,0.0,0.3404,0.283,0.5334,,3,False
SHP-100731288,Kuehne_Nagel,Rotterdam,Hamburg,sea,In_Transit,Consumer_Goods,GBP,2023-09-22,2023-09-27,142.0,18581.4,1458.8,2.13,4068.81,91.7,19,1,0.0,0.1038,0.0888,0.1679,,1,True
SHP-104447762,UPS,Colombo,Los_Angeles,rail,On_Schedule,Food_Beverage,USD,2022-06-16,2022-06-22,165.9,5392.0,1309.7,3.03,245735.04,10417.06,20,4,0.0,0.146,0.2,0.4871,14.8,4,True
SHP-101550794,CMA_CGM,Dubai,Bremen,rail,At_Port,Electronics,USD,2022-05-19,2022-05-22,93.8,1147.0,1554.7,5.77,523367.09,8893.55,10,3,0.0,0.5756,0.1002,0.4102,12.0,4,False
SHP-101979163,DHL,Felixstowe,Singapore,sea,Delayed,Textiles,CNY,2022-01-01,2022-01-30,709.6,7427.4,43.5,0.08,155163.18,4280.84,1,2,24.3,0.5366,0.0538,0.3611,16.9,4,False
SHP-103427663,FedEx,Chennai,Valencia,sea,Customs_Hold,Machinery,USD,2023-03-07,2023-04-03,648.7,18009.4,835.5,1.37,306482.41,16524.54,23,5,0.0,0.3442,0.041,0.083,,3,True
SHP-104409361,Kuehne_Nagel,Colombo,New_York,sea,On_Schedule,Food_Beverage,CNY,2024-08-05,2024-08-20,366.4,16552.1,1680.9,2.38,61313.12,3470.27,14,1,0.0,0.1797,0.1758,0.4046,,2,True
SHP-102290974,CMA_CGM,Port_Klang,Felixstowe,sea,On_Schedule,Pharmaceuticals,SGD,2023-05-09,2023-05-28,475.6,11785.1,1636.5,3.29,16143.6,1148.94,6,3,0.0,0.1188,0.0981,0.1015,,4,True
SHP-102547773,Hapag-Lloyd,Ningbo,Los_Angeles,sea,In_Transit,Machinery,EUR,2023-05-15,2023-06-07,567.1,14739.7,19502.6,59.01,40899.91,1535.63,15,1,0.0,0.2523,0.4563,0.0447,,3,False
SHP-100162264,UPS,Mundra,Bremen,air,At_Port,Chemicals,SGD,2024-02-12,2024-02-14,67.2,11867.3,71865.5,96.01,75817.82,1536.55,1,0,0.0,0.3173,0.022,0.5207,,4,False
SHP-101541782,FedEx,Singapore,Savannah,road,Delayed,Textiles,SGD,2024-04-03,2024-04-11,199.5,3246.2,5377.6,10.59,185200.4,14360.75,12,3,4.9,0.5774,0.3436,0.2934,,4,True
SHP-101904954,Kuehne_Nagel,Tanjung_Pelepas,Singapore,sea,On_Schedule,Electronics,SGD,2024-01-28,2024-02-18,518.7,9797.2,11916.9,19.33,4745.94,206.07,14,2,0.0,0.0796,0.122,0.5799,,2,False
SHP-102849796,MSC,Melbourne,Savannah,rail,Delivered,Automotive,GBP,2024-01-04,2024-01-07,82.0,5237.5,206274.7,265.75,1312797.46,73131.37,21,1,20.3,0.1321,0.0239,0.7521,,1,False
SHP-104407315,Yang_Ming,Felixstowe,Felixstowe,sea,Delivered,Machinery,CNY,2023-03-06,2023-04-03,694.2,18733.6,2804.3,7.59,1385680.2,39389.27,10,0,10.8,0.1542,0.0823,0.1072,,2,False
SHP-103503131,ONE,Melbourne,Savannah,air,On_Schedule,Pharmaceuticals,USD,2024-10-31,2024-11-02,48.8,9060.5,1244.9,1.9,398906.77,24558.08,9,4,0.0,0.4183,0.1047,0.3077,,3,False
SHP-102850191,ONE,Jebel_Ali,Barcelona,road,On_Schedule,Machinery,EUR,2023-08-29,2023-08-31,64.0,4247.3,15852.7,27.39,59806.57,4070.0,9,0,0.0,0.4718,0.0496,0.1074,,1,True
SHP-102920020,MSC,Port_Klang,Singapore,sea,Delivered,Food_Beverage,SGD,2022-12-26,2023-01-22,658.5,6122.8,1103.1,1.73,159724.57,10210.47,22,1,5.1,0.1129,0.2558,0.3678,,2,False
SHP-103495537,ZIM,Singapore,Miami,sea,On_Schedule,Perishables,GBP,2024-07-26,2024-08-10,363.2,1558.8,165.3,0.75,65700.84,1379.32,23,0,0.0,0.268,0.0632,0.1287,18.5,3,True
SHP-101380990,Hapag-Lloyd,Felixstowe,Savannah,road,Delayed,Electronics,AED,2022-07-21,2022-07-27,144.6,2899.3,41.6,0.18,182350.14,13108.0,8,3,8.4,0.4654,0.265,0.3938,,1,True
SHP-103189713,HMM,Shanghai,Valencia,air,In_Transit,Consumer_Goods,SGD,2024-12-19,2024-12-20,32.1,4572.7,4341.2,5.72,200735.45,8380.06,16,5,0.0,0.1921,0.0667,0.1528,,1,True
SHP-103590147,Maersk,Mumbai,Barcelona,sea,Delayed,Automotive,EUR,2022-11-10,2022-11-24,337.2,13787.4,133511.1,282.04,181670.21,8034.27,19,0,41.9,0.3108,0.0758,0.5511,,4,True
SHP-103972580,Evergreen,Mumbai,Bremen,rail,At_Port,Textiles,SGD,2024-12-05,2024-12-08,96.0,7143.1,1807.4,4.0,1451.99,103.52,19,0,0.0,0.2399,0.0173,0.5073,,3,True
SHP-102233410,COSCO,Sydney,Barcelona,sea,Customs_Hold,Raw_Materials,AED,2024-10-11,2024-11-05,602.3,21023.5,48376.7,138.49,16541.32,544.97,21,1,0.0,0.2887,0.1072,0.3255,26.4,2,True
SHP-102055200,COSCO,Tokyo,New_York,sea,In_Transit,Pharmaceuticals,SGD,2023-09-05,2023-09-25,494.3,13147.1,12630.8,20.46,44460.32,2560.79,5,3,0.0,0.8019,0.1315,0.4003,,1,False
SHP-103800173,Maersk,Chennai,Los_Angeles,sea,At_Port,Consumer_Goods,EUR,2023-03-21,2023-04-10,483.1,11831.5,8642.9,12.1,176726.43,2361.29,14,1,0.0,0.1924,0.3821,0.5434,,2,False
SHP-104436366,UPS,Tokyo,Savannah,sea,On_Schedule,Chemicals,CNY,2024-12-01,2024-12-07,159.2,7677.7,500.1,1.09,167595.06,2967.06,12,5,0.0,0.3202,0.1336,0.0946,-0.2,1,False
SHP-102178392,ONE,Antwerp,Dubai,rail,Delayed,Food_Beverage,EUR,2024-07-13,2024-07-20,171.2,1095.9,1190.6,1.74,52093.1,1290.71,5,3,64.2,0.2255,0.0429,0.2925,11.4,2,True
SHP-100031835,Maersk,Rotterdam,Piraeus,sea,Delivered,Textiles,GBP,2024-10-14,2024-11-05,539.1,16567.1,61745.7,240.57,131511.53,3608.65,21,0,8.6,0.3758,0.4274,0.2758,-12.7,2,False
SHP-102058502,DB_Schenker,Hamburg,Baltimore,air,Delayed,Food_Beverage,GBP,2023-07-16,2023-07-17,36.0,7317.5,500000.0,1356.58,30026.14,658.47,7,5,102.4,0.2806,0.0647,0.2501,,1,True
SHP-102002648,MSC,Tanjung_Pelepas,Mumbai,air,On_Schedule,Chemicals,EUR,2024-09-23,2024-09-25,53.9,2568.9,11219.4,28.46,27437.48,1998.04,2,4,0.0,0.323,0.0713,0.6025,-18.5,3,False
SHP-103257237,DHL,Guangzhou,Savannah,sea,On_Schedule,Textiles,CNY,2023-11-26,2023-12-21,603.3,9629.6,6704.7,11.2,102751.68,8095.22,14,1,0.0,0.1455,0.1479,0.2763,8.5,3,True
SHP-104505921,COSCO,Chennai,Dubai,sea,On_Schedule,Pharmaceuticals,AED,2023-08-11,2023-08-30,460.1,7981.7,16279.1,37.91,30584.72,1775.78,8,3,0.0,0.4798,0.1839,0.3077,,1,False
SHP-102629172,Kuehne_Nagel,Singapore,Baltimore,sea,Customs_Hold,Machinery,USD,2022-12-23,2023-01-14,540.9,13074.3,124.8,0.45,137809.44,10688.6,17,4,0.0,0.2181,0.0727,0.3142,,3,True
SHP-104103963,CMA_CGM,Chennai,Bremen,sea,At_Port,Automotive,SGD,2024-03-19,2024-04-01,333.0,6985.4,1837.4,4.71,48389.14,2837.41,4,0,0.0,0.4225,0.3619,0.5391,,3,False
SHP-101535528,COSCO,Melbourne,Los_Angeles,rail,Customs_Hold,Pharmaceuticals,SGD,2024-04-27,2024-05-04,177.5,7583.6,2494.1,9.84,17561.38,1270.8,20,3,0.0,0.1893,0.4124,0.0815,,1,False
SHP-102622256,Hapag-Lloyd,Ningbo,Baltimore,sea,In_Transit,Food_Beverage,SGD,2023-03-28,2023-04-02,121.8,2880.0,50.2,0.19,20370.89,958.39,24,5,0.0,0.2035,0.1447,0.4585,,3,False
SHP-104952062,COSCO,Tokyo,Felixstowe,rail,On_Schedule,Perishables,USD,2024-12-20,2024-12-29,233.6,7736.6,102028.8,390.92,23477.62,1095.72,23,3,0.0,0.3157,0.3511,0.2421,12.9,2,False
SHP-103229185,MSC,Colombo,Dubai,rail,On_Schedule,Food_Beverage,EUR,2023-01-21,2023-01-27,156.5,5443.7,479.9,0.62,48901.32,1287.39,15,5,0.0,0.3395,0.2172,0.1531,,1,False
SHP-101641862,FedEx,Chennai,Bremen,sea,In_Transit,Perishables,AED,2023-09-10,2023-09-14,105.2,18033.9,5301.6,12.37,150907.11,8319.56,12,0,0.0,0.2533,0.011,0.3461,,4,True
SHP-102186711,UPS,Jebel_Ali,Piraeus,road,In_Transit,Chemicals,CNY,2022-11-28,2022-12-01,81.8,2112.2,338.9,0.43,69451.07,1087.48,24,4,0.0,0.236,0.0971,0.7273,-16.4,3,False
SHP-103800433,DHL,Dubai,Los_Angeles,sea,Delayed,Perishables,SGD,2022-04-01,2022-04-05,106.8,6244.2,215.5,0.76,329716.59,15953.22,21,3,41.0,0.0828,0.1222,0.2826,27.5,3,False
SHP-101547209,ONE,Antwerp,Miami,road,At_Port,Consumer_Goods,AED,2024-08-17,2024-08-26,224.7,1134.2,96.4,0.13,531388.28,30011.0,9,0,0.0,0.2836,0.0855,0.2673,,4,True
SHP-100869916,HMM,Colombo,New_York,air,On_Schedule,Food_Beverage,SGD,2022-06-25,2022-06-26,38.1,11941.2,4172.8,20.23,31469.23,779.95,13,0,0.0,0.1251,0.0862,0.5363,,2,True
SHP-102313057,Kuehne_Nagel,Mundra,Baltimore,sea,On_Schedule,Perishables,SGD,2024-01-04,2024-01-30,633.8,9689.1,495.6,2.09,1894.86,20.61,20,3,0.0,0.1062,0.2439,0.5182,,4,False
SHP-102661224,Hapag-Lloyd,Rotterdam,Bremen,sea,On_Schedule,Electronics,AED,2023-09-18,2023-09-29,273.6,4865.2,13634.6,19.47,4368958.27,253660.25,20,1,0.0,0.1273,0.1038,0.5426,,2,True
SHP-101195388,Yang_Ming,Rotterdam,Antwerp,rail,In_Transit,Machinery,EUR,2024-11-30,2024-12-07,189.8,7486.8,1523.6,3.5,1911461.95,114105.9,6,4,0.0,0.6027,0.2817,0.2762,,1,True
SHP-102161244,Evergreen,Chennai,Rotterdam,rail,In_Transit,Consumer_Goods,AED,2022-02-06,2022-02-11,125.3,1031.5,561.9,2.02,15023.49,536.85,6,2,0.0,0.0462,0.024,0.2202,,1,False
SHP-103038808,Kuehne_Nagel,Hamburg,Los_Angeles,sea,In_Transit,Automotive,AED,2022-05-06,2022-05-20,357.1,6540.3,3040.2,4.33,77396.5,5032.84,15,0,0.0,0.2946,0.0993,0.5357,,2,False
SHP-102987762,Yang_Ming,Felixstowe,Barcelona,rail,Delayed,Perishables,AED,2022-02-26,2022-03-03,133.5,1744.2,7952.7,10.59,277379.04,1426.5,15,4,56.1,0.0995,0.0849,0.1693,,4,False
SHP-101992156,Maersk,Melbourne,Singapore,sea,Delivered,Consumer_Goods,GBP,2022-11-28,2022-12-16,440.6,8813.3,416.0,0.65,34228.85,961.28,8,0,34.6,0.4296,0.1297,0.3866,,4,False
SHP-103901520,DB_Schenker,Antwerp,Felixstowe,rail,Delivered,Perishables,AED,2024-01-09,2024-01-16,181.8,4342.9,38748.6,110.58,20784.01,1255.1,1,2,29.3,0.1044,0.2194,0.1233,,3,True
SHP-102242398,COSCO,Rotterdam,Houston,air,At_Port,Chemicals,CNY,2024-02-25,2024-02-26,46.5,5609.0,96403.5,149.93,12150.21,402.16,18,3,0.0,0.0701,0.1961,0.2957,,2,False
SHP-102817278,COSCO,Sydney,Dubai,sea,On_Schedule,Machinery,AED,2023-02-02,2023-02-22,482.0,10146.0,27566.7,40.84,144992.37,1670.71,3,1,0.0,0.553,0.3538,0.058,,1,False
SHP-100238253,DHL,Guangzhou,Le_Havre,sea,On_Schedule,Perishables,EUR,2022-02-18,2022-03-05,380.4,5356.6,76490.4,138.39,984230.76,8119.43,2,2,0.0,0.5041,0.2466,0.5014,9.2,4,False
SHP-103364669,Kuehne_Nagel,Port_Klang,Bremen,sea,In_Transit,Pharmaceuticals,USD,2022-02-21,2022-03-07,354.5,7811.1,5152.3,8.49,108745.13,3559.37,9,2,0.0,0.2628,0.4154,0.2457,26.5,3,True
SHP-104898494,Hapag-Lloyd,Guangzhou,Los_Angeles,air,On_Schedule,Pharmaceuticals,GBP,2023-08-07,2023-08-08,28.1,11313.2,48516.4,207.57,287104.33,12965.52,7,5,0.0,0.1271,0.3212,0.304,,4,True
SHP-102294257,CMA_CGM,Tanjung_Pelepas,Rotterdam,sea,In_Transit,Pharmaceuticals,USD,2023-04-03,2023-04-11,214.5,11474.1,1045.8,1.54,8772.01,476.64,24,3,0.0,0.1594,0.2711,0.2392,,3,True
SHP-100141480,CMA_CGM,Tanjung_Pelepas,Bremen,sea,On_Schedule,Machinery,USD,2023-04-14,2023-04-30,384.2,17428.0,2694.2,5.72,55120.27,3764.31,3,5,0.0,0.1633,0.0712,0.3423,,1,True
SHP-100177418,DB_Schenker,Shanghai,Rotterdam,air,On_Schedule,Chemicals,EUR,2023-08-05,2023-08-06,42.2,2906.5,2546.2,12.69,79808.44,2894.67,5,5,0.0,0.0883,0.1566,0.2705,,4,True
SHP-103388028,Maersk,Mumbai,Bremen,sea,At_Port,Food_Beverage,AED,2023-03-18,2023-03-28,253.7,6088.5,276.7,0.39,4890.1,54.23,23,5,0.0,0.3274,0.1314,0.1082,,4,True
SHP-102938955,Maersk,Tokyo,Antwerp,sea,On_Schedule,Electronics,CNY,2022-05-20,2022-06-06,431.0,12334.8,7955.6,10.95,21444.05,248.53,5,2,0.0,0.3708,0.2721,0.5867,10.5,2,True
SHP-100997218,MSC,Melbourne,Piraeus,sea,At_Port,Perishables,SGD,2022-01-23,2022-02-02,244.0,16917.0,4983.9,14.74,227545.07,13782.53,20,3,0.0,0.3049,0.0599,0.2386,,4,True
SHP-103621027,MSC,Ningbo,Hamburg,sea,Delayed,Pharmaceuticals,EUR,2022-09-26,2022-10-18,539.6,5881.4,43.2,0.1,411075.46,22655.17,8,2,5.7,0.4427,0.058,0.3871,-4.7,1,False
SHP-102725690,Hapag-Lloyd,Colombo,Houston,road,On_Schedule,Perishables,USD,2023-01-12,2023-01-13,31.2,5315.4,403.4,0.57,21291.53,1153.92,4,4,0.0,0.3247,0.42,0.4997,-3.6,1,True
SHP-103121260,HMM,Felixstowe,Miami,road,On_Schedule,Pharmaceuticals,USD,2022-06-20,2022-06-26,149.7,1944.5,186.2,0.33,1607.54,27.05,17,2,0.0,0.4069,0.2242,0.4564,8.3,4,True
SHP-104595879,COSCO,Guangzhou,Savannah,road,Delayed,Perishables,GBP,2024-01-05,2024-01-07,60.0,6643.7,528.7,0.67,7165.56,216.33,12,0,30.1,0.0744,0.0227,0.4057,,3,False
SHP-102429334,ONE,Antwerp,Valencia,road,On_Schedule,Consumer_Goods,USD,2024-08-07,2024-08-14,173.6,3558.1,1597.5,4.64,29664.47,790.85,19,5,0.0,0.2754,0.2653,0.565,,1,True
SHP-101269112,Evergreen,Melbourne,Mumbai,sea,Customs_Hold,Food_Beverage,USD,2023-12-25,2024-01-14,494.0,18292.2,100285.6,388.54,17414.43,744.26,20,3,0.0,0.1933,0.2814,0.2887,,4,False
SHP-101537025,DB_Schenker,Mumbai,Felixstowe,sea,On_Schedule,Automotive,CNY,2023-01-04,2023-01-22,437.0,10367.4,160.5,0.48,222328.85,5473.85,24,2,0.0,0.13,0.3656,0.4358,,4,False
SHP-101555090,CMA_CGM,Ningbo,Barcelona,sea,On_Schedule,Consumer_Goods,AED,2024-02-20,2024-03-20,698.9,19690.9,10.2,0.02,2225.81,104.29,23,3,0.0,0.4644,0.4786,0.2639,,3,False
SHP-102483241,COSCO,Tokyo,Felixstowe,air,At_Port,Automotive,AED,2024-01-10,2024-01-10,17.0,10149.0,1721.1,2.97,29237.32,285.35,18,0,0.0,0.5326,0.1869,0.4628,6.1,2,False
SHP-104057735,CMA_CGM,Sydney,Bremen,sea,Delayed,Food_Beverage,GBP,2024-10-19,2024-11-08,496.3,19614.2,750.9,0.97,24018.87,337.71,10,2,1.3,0.395,0.0679,0.2995,,3,False
SHP-101383191,FedEx,Dubai,New_York,sea,On_Schedule,Textiles,USD,2023-11-11,2023-12-07,643.7,15459.1,5663.4,16.28,2035.63,68.62,2,2,0.0,0.1614,0.0846,0.423,,4,True
SHP-103896617,UPS,Felixstowe,Savannah,sea,Customs_Hold,Chemicals,SGD,2024-10-09,2024-10-24,370.2,16444.2,2720.3,5.8,33825.62,2475.57,18,3,0.0,0.7326,0.1358,0.1241,,1,False
SHP-102560010,ONE,Antwerp,Hamburg,sea,Delayed,Raw_Materials,AED,2022-07-12,2022-08-09,686.9,1596.4,165.2,0.42,25528.48,1837.75,4,1,0.9,0.1525,0.0133,0.2762,,3,True
SHP-102191882,Maersk,Tokyo,Genoa,sea,Delayed,Food_Beverage,SGD,2023-01-23,2023-02-04,308.7,15688.9,868.6,2.91,941.72,73.94,11,0,14.6,0.0708,0.2705,0.5383,,4,False
SHP-101304575,Kuehne_Nagel,Singapore,Sydney,air,At_Port,Food_Beverage,GBP,2024-12-13,2024-12-13,20.9,11531.3,123.4,0.22,3772.17,290.86,19,0,0.0,0.2832,0.1149,0.1987,,3,False
SHP-100508698,MSC,Tanjung_Pelepas,Sydney,rail,Delayed,Automotive,CNY,2024-08-23,2024-08-30,184.1,653.6,691.5,2.25,137205.5,6834.07,7,2,19.8,0.2745,0.3038,0.1705,,4,False
SHP-103259142,ONE,Busan,New_York,sea,In_Transit,Electronics,AED,2024-12-18,2025-01-07,487.2,20857.2,2672.6,4.8,413656.95,22605.9,1,0,0.0,0.0809,0.1719,0.2521,-15.9,3,False
SHP-101486013,DHL,Tokyo,Singapore,air,In_Transit,Chemicals,GBP,2022-06-10,2022-06-12,62.7,11300.4,17011.0,61.92,10017.68,99.83,23,4,0.0,0.3432,0.0405,0.5167,,2,False
SHP-103684775,DB_Schenker,Felixstowe,New_York,air,In_Transit,Automotive,USD,2023-09-21,2023-09-23,70.6,5741.5,2690.2,5.49,3824.58,263.17,21,2,0.0,0.5362,0.4949,0.4066,28.0,2,False
SHP-102577379,Hapag-Lloyd,Guangzhou,Rotterdam,sea,Delayed,Chemicals,SGD,2023-02-04,2023-02-09,141.3,4549.3,1595.4,2.02,47674.76,1074.07,7,2,7.1,0.2017,0.1253,0.1889,-19.3,1,False
SHP-103195929,Kuehne_Nagel,Singapore,Genoa,rail,At_Port,Perishables,USD,2022-04-13,2022-04-18,122.5,6098.6,2584.9,8.81,77280.68,497.84,20,5,0.0,0.1096,0.0217,0.3859,,3,True
SHP-103334450,Yang_Ming,Tanjung_Pelepas,Dubai,sea,Delayed,Electronics,USD,2023-10-19,2023-11-14,630.9,6927.4,283.8,1.0,71188.84,420.67,5,1,15.0,0.322,0.1532,0.441,,4,True
SHP-104076592,Hapag-Lloyd,Ningbo,Le_Havre,sea,Customs_Hold,Textiles,SGD,2023-05-13,2023-06-06,580.3,4305.9,9606.8,25.88,977667.63,60998.96,9,0,0.0,0.3387,0.0597,0.2023,,4,False
SHP-103591115,FedEx,Jebel_Ali,Bremen,sea,Delayed,Food_Beverage,CNY,2022-06-01,2022-06-21,480.5,2261.0,318.6,0.68,1270051.12,61624.71,4,1,3.2,0.3574,0.4256,0.2277,,4,False
SHP-100074292,ONE,Mundra,Felixstowe,sea,Customs_Hold,Raw_Materials,USD,2023-11-02,2023-11-18,407.7,6572.4,734.9,1.0,6125.86,371.89,2,2,0.0,0.0649,0.0955,0.2092,,1,True
SHP-103064980,Kuehne_Nagel,Ningbo,Le_Havre,sea,In_Transit,Raw_Materials,SGD,2024-11-08,2024-12-04,646.4,2798.9,2013.2,2.52,4282.19,92.63,16,2,0.0,0.3357,0.4216,0.3646,,4,False
SHP-100378612,COSCO,Singapore,Felixstowe,sea,In_Transit,Automotive,SGD,2022-11-07,2022-11-24,424.5,15348.7,1706.6,3.5,6895.58,367.42,6,1,0.0,0.3487,0.063,0.2455,,4,False
SHP-102203604,CMA_CGM,Singapore,Rotterdam,air,In_Transit,Chemicals,AED,2024-08-07,2024-08-09,59.2,7741.4,42.9,0.13,6800.32,115.15,11,3,0.0,0.3191,0.0621,0.0436,-15.3,1,False
SHP-101232408,ONE,Tanjung_Pelepas,Hamburg,sea,On_Schedule,Machinery,CNY,2022-01-08,2022-02-04,651.1,15832.2,250.2,0.48,135581.33,10105.43,15,0,0.0,0.1988,0.0552,0.2364,-14.1,2,True
SHP-103613491,Kuehne_Nagel,Jebel_Ali,Barcelona,sea,Delayed,Pharmaceuticals,AED,2024-12-30,2025-01-20,519.0,7658.3,6627.0,14.41,600495.25,14777.6,8,1,37.4,0.1832,0.3466,0.4208,-17.2,1,True
SHP-103350163,Evergreen,Jebel_Ali,Singapore,sea,In_Transit,Pharmaceuticals,AED,2022-04-08,2022-04-29,505.0,4796.1,166786.9,346.99,159988.84,6372.08,14,0,0.0,0.4248,0.2311,0.3606,7.5,3,True
SHP-102905449,Evergreen,Port_Klang,New_York,air,In_Transit,Food_Beverage,SGD,2023-04-18,2023-04-19,26.5,1984.2,2003.2,3.93,538.18,40.31,2,3,0.0,0.2557,0.0645,0.3536,1.8,4,False
SHP-100073902,FedEx,Jebel_Ali,Mumbai,sea,On_Schedule,Pharmaceuticals,GBP,2022-06-01,2022-06-07,158.1,19626.8,2255.5,5.39,223149.73,1971.3,22,4,0.0,0.4376,0.239,0.3812,,1,False
SHP-103917966,Maersk,Port_Klang,New_York,rail,Delayed,Automotive,AED,2022-10-10,2022-10-14,109.9,6956.1,929.7,4.21,170174.74,6404.17,15,0,2.1,0.1257,0.2462,0.2782,-4.6,1,True
SHP-103812200,Kuehne_Nagel,Antwerp,Miami,sea,On_Schedule,Food_Beverage,SGD,2024-07-30,2024-08-14,362.8,12025.9,62382.0,113.85,39387.8,1231.37,21,2,0.0,0.4147,0.028,0.3323,,2,False
SHP-101863292,Evergreen,Mundra,Antwerp,rail,In_Transit,Automotive,USD,2022-12-09,2022-12-16,171.1,3383.7,3300.5,6.2,6403.09,347.35,24,0,0.0,0.4661,0.0979,0.2555,,1,True
SHP-102252095,UPS,Hamburg,Antwerp,rail,On_Schedule,Textiles,GBP,2022-06-10,2022-06-19,230.5,7480.6,3360.6,8.85,679486.44,42707.17,13,3,0.0,0.1245,0.2043,0.7258,,2,True
SHP-100002754,CMA_CGM,Felixstowe,Los_Angeles,rail,At_Port,Chemicals,USD,2023-09-16,2023-09-22,147.3,3278.3,62.0,0.18,74102.07,762.04,24,5,0.0,0.2697,0.4873,0.4522,,2,True
SHP-103187391,COSCO,Melbourne,Bremen,road,Delivered,Electronics,EUR,2022-08-06,2022-08-10,110.6,3318.5,506.4,1.01,301036.45,14646.91,8,0,42.9,0.4968,0.0355,0.5803,,2,True
SHP-100620883,Kuehne_Nagel,Jebel_Ali,New_York,sea,On_Schedule,Textiles,EUR,2022-06-03,2022-06-07,105.9,805.0,10541.5,13.78,30753.85,1663.09,8,5,0.0,0.0782,0.2085,0.733,,3,True
SHP-104051334,DHL,Melbourne,Mumbai,sea,On_Schedule,Automotive,SGD,2022-10-15,2022-10-19,105.1,13947.2,6538.5,17.19,76346.78,1969.52,18,3,0.0,0.3946,0.4918,0.189,,4,True
SHP-102657477,Evergreen,Felixstowe,Hamburg,sea,Delayed,Consumer_Goods,EUR,2023-12-19,2024-01-16,684.9,16925.9,2246.1,3.53,38332.97,999.55,15,1,25.3,0.0644,0.1376,0.4816,,1,True
SHP-103697496,UPS,Shanghai,Hamburg,air,Delayed,Machinery,CNY,2023-06-29,2023-06-30,33.3,10366.7,6362.7,11.14,2530.05,185.59,2,3,9.5,0.3289,0.2101,0.4845,,1,True
SHP-102187656,Yang_Ming,Tanjung_Pelepas,Sydney,air,In_Transit,Consumer_Goods,CNY,2022-08-09,2022-08-10,39.2,6780.6,141.7,0.35,14501.4,360.12,19,1,0.0,0.3673,0.0456,0.5295,-8.3,4,False
SHP-104495877,DB_Schenker,Melbourne,Sydney,sea,Customs_Hold,Consumer_Goods,AED,2024-07-25,2024-08-11,409.1,1807.3,119982.3,174.93,34833.68,2584.81,6,4,0.0,0.1609,0.106,0.3964,-14.5,4,False
SHP-102209950,UPS,Guangzhou,Savannah,road,At_Port,Perishables,CNY,2023-09-17,2023-09-20,77.5,4278.5,16.8,0.02,91438.51,973.02,10,0,0.0,0.3708,0.065,0.2074,,4,True
SHP-100523643,Evergreen,Melbourne,Rotterdam,sea,On_Schedule,Chemicals,EUR,2023-07-10,2023-08-05,646.4,10000.0,4467.4,15.91,8732.67,368.13,6,4,0.0,0.1377,0.278,0.1628,,2,True
SHP-102092498,DHL,Tokyo,Baltimore,sea,In_Transit,Electronics,AED,2024-11-27,2024-12-02,121.3,18914.4,351.2,0.88,16126.13,268.1,16,5,0.0,0.1475,0.1049,0.2009,,4,True
SHP-102628543,UPS,Guangzhou,Antwerp,sea,Delivered,Perishables,CNY,2024-05-26,2024-06-12,414.4,14685.5,669.4,1.05,163201.4,8562.09,23,0,18.4,0.2181,0.4223,0.2971,-7.7,1,True
SHP-102809851,Hapag-Lloyd,Dubai,Miami,sea,Delayed,Chemicals,AED,2024-08-19,2024-09-08,480.3,21059.0,498.3,1.15,8088.26,612.15,19,2,0.1,0.1897,0.3754,0.3766,,2,True
SHP-102815582,DHL,Felixstowe,Savannah,air,On_Schedule,Electronics,CNY,2023-04-11,2023-04-11,20.9,2294.5,13730.6,21.88,824120.07,56239.21,4,3,0.0,0.227,0.2184,0.3101,,1,True
SHP-104819838,DHL,Tanjung_Pelepas,Antwerp,air,On_Schedule,Pharmaceuticals,EUR,2022-10-09,2022-10-09,18.9,548.8,3620.3,7.85,88473.44,2000.03,14,1,0.0,0.1188,0.4562,0.0851,-2.8,2,True
SHP-100072929,COSCO,Mundra,Mumbai,sea,Critical_Delay,Chemicals,GBP,2024-08-07,2024-09-05,700.9,8736.3,8637.8,12.14,7772.27,248.2,15,2,0.1,0.2286,0.3463,0.4455,,4,False
SHP-103551830,MSC,Hamburg,Piraeus,sea,Customs_Hold,Electronics,CNY,2024-05-23,2024-06-03,274.9,15441.4,2836.0,5.07,6193.67,64.08,3,2,0.0,0.6337,0.3132,0.3878,,2,False
SHP-100935655,Yang_Ming,Melbourne,Felixstowe,sea,On_Schedule,Perishables,USD,2024-07-25,2024-08-23,707.1,8838.9,41153.9,91.55,12036.2,386.38,18,1,0.0,0.2337,0.197,0.4917,,2,False
SHP-103029998,Yang_Ming,Rotterdam,Mumbai,sea,In_Transit,Perishables,GBP,2022-03-13,2022-04-04,543.9,7254.5,1900.6,3.05,38470.73,446.59,4,4,0.0,0.5198,0.0665,0.1579,,1,True
SHP-101733625,CMA_CGM,Colombo,Savannah,rail,On_Schedule,Textiles,EUR,2023-05-22,2023-05-28,146.7,3806.8,1022.0,4.24,141509.38,877.69,6,5,0.0,0.3992,0.0662,0.5531,,2,True
SHP-104862611,DB_Schenker,Chennai,Piraeus,sea,Delayed,Pharmaceuticals,CNY,2024-06-08,2024-06-15,181.1,16045.6,1456.2,1.95,3669.61,185.59,12,4,24.9,0.0615,0.3076,0.0988,,3,True
SHP-100515275,FedEx,Tanjung_Pelepas,Mumbai,road,On_Schedule,Textiles,USD,2024-08-28,2024-09-05,211.5,3971.1,14994.9,40.16,30910.53,2008.1,21,0,0.0,0.5692,0.4173,0.2194,12.7,4,False
SHP-100443860,CMA_CGM,Hamburg,Savannah,sea,On_Schedule,Pharmaceuticals,AED,2023-07-15,2023-07-29,359.6,11323.4,289.0,0.59,84805.13,6009.34,7,4,0.0,0.1856,0.0759,0.5211,,3,True
SHP-100494470,Hapag-Lloyd,Jebel_Ali,Barcelona,rail,Customs_Hold,Food_Beverage,USD,2023-09-02,2023-09-08,155.3,1634.6,647.9,0.91,9259.39,664.5,8,2,0.0,0.1169,0.1014,0.1895,,1,True
SHP-101208327,Hapag-Lloyd,Singapore,Barcelona,sea,On_Schedule,Perishables,EUR,2023-10-03,2023-10-29,636.1,16961.8,3779.0,7.27,355750.32,12561.63,15,1,0.0,0.1457,0.0248,0.5168,-17.0,3,True
SHP-102946200,Evergreen,Ningbo,Piraeus,sea,In_Transit,Perishables,CNY,2023-07-25,2023-07-29,117.3,17574.6,828.7,2.17,312093.86,5238.62,4,0,0.0,0.1693,0.0044,0.3422,,4,True
SHP-104381317,DHL,Shanghai,Valencia,road,Delayed,Pharmaceuticals,AED,2022-02-27,2022-03-07,199.4,1030.7,4387.0,21.57,4412415.24,236328.88,14,1,27.7,0.2282,0.0672,0.4528,,3,True
SHP-102925649,DB_Schenker,Tokyo,Sydney,sea,In_Transit,Textiles,USD,2022-07-13,2022-08-11,718.5,12669.9,16412.6,24.29,4161.59,194.68,7,2,0.0,0.5243,0.304,0.2121,,4,True
SHP-100957507,Maersk,Busan,Barcelona,sea,Customs_Hold,Consumer_Goods,AED,2024-12-07,2024-12-16,227.8,12543.3,3151.2,5.1,23413.6,1370.98,5,5,0.0,0.2694,0.0332,0.2623,,2,True
SHP-101398623,UPS,Mundra,Hamburg,sea,Delayed,Perishables,SGD,2024-06-25,2024-07-06,270.8,18818.8,16268.4,25.64,1225.31,88.18,23,0,46.0,0.6134,0.6575,0.2782,,3,True
SHP-104854489,Maersk,Singapore,Rotterdam,road,In_Transit,Perishables,SGD,2024-01-23,2024-01-27,111.6,847.9,245.0,0.91,57627.16,1378.15,4,2,0.0,0.1651,0.1683,0.2253,,1,True
SHP-101038734,DHL,Felixstowe,Dubai,sea,On_Schedule,Raw_Materials,SGD,2022-11-07,2022-11-12,128.3,19005.0,2929.1,4.14,6067.6,41.98,18,4,0.0,0.3682,0.099,0.0215,25.7,2,True
SHP-100304876,DHL,Antwerp,Sydney,air,Customs_Hold,Textiles,EUR,2024-10-25,2024-10-26,27.9,1173.4,40135.1,130.67,2361.83,107.89,17,5,0.0,0.317,0.3472,0.3304,9.3,3,False
SHP-104450509,DHL,Rotterdam,Baltimore,rail,At_Port,Food_Beverage,CNY,2024-03-27,2024-04-03,177.6,5204.6,84.5,0.14,39330.68,2215.14,20,5,0.0,0.2216,0.1368,0.2599,7.0,1,True
SHP-103127940,COSCO,Guangzhou,Genoa,sea,On_Schedule,Consumer_Goods,CNY,2023-04-18,2023-04-23,126.6,13190.1,7953.2,10.66,1337057.78,23722.47,6,4,0.0,0.4931,0.1531,0.036,,4,False
SHP-100605812,Hapag-Lloyd,Mumbai,Valencia,sea,Delayed,Raw_Materials,CNY,2024-10-30,2024-11-11,288.2,10374.4,57469.1,105.22,17977.69,232.04,16,1,19.5,0.1334,0.0893,0.4438,21.3,4,True
SHP-103366315,Hapag-Lloyd,Hamburg,Valencia,road,On_Schedule,Textiles,SGD,2024-01-13,2024-01-16,94.8,1774.9,4602.3,8.41,115510.54,8732.01,1,4,0.0,0.1114,0.1969,0.2335,,1,True
SHP-102962640,FedEx,Mumbai,Rotterdam,sea,On_Schedule,Pharmaceuticals,CNY,2024-03-10,2024-04-07,674.3,19542.5,7471.9,23.71,319225.28,11546.52,14,4,0.0,0.4905,0.2339,0.6418,,4,True
SHP-100503146,Kuehne_Nagel,Rotterdam,Barcelona,sea,Delayed,Raw_Materials,GBP,2022-11-13,2022-11-21,208.6,1226.0,734.3,1.14,280719.38,7502.95,21,0,2.7,0.2921,0.5247,0.525,,3,False
SHP-102265881,FedEx,Jebel_Ali,Miami,air,On_Schedule,Textiles,AED,2022-05-26,2022-05-28,70.3,4683.3,9713.2,26.09,35007.93,2483.06,14,2,0.0,0.1896,0.0401,0.249,24.4,1,True
SHP-101824233,FedEx,Shanghai,Barcelona,sea,Customs_Hold,Pharmaceuticals,CNY,2024-01-23,2024-02-02,247.1,19501.9,59151.7,127.35,103340.51,5771.44,1,0,0.0,0.331,0.1854,0.5398,,2,False
SHP-103284453,Maersk,Antwerp,Houston,sea,On_Schedule,Consumer_Goods,SGD,2023-10-17,2023-10-21,105.2,4798.2,1109.3,1.51,2481459.06,26397.86,7,1,0.0,0.0988,0.1702,0.3721,,1,False
SHP-104099754,DB_Schenker,Shanghai,Antwerp,rail,Critical_Delay,Food_Beverage,EUR,2022-05-29,2022-06-06,200.2,5418.9,3820.1,5.13,58324.25,1769.38,3,3,11.9,0.4666,0.0239,0.1702,,4,True
SHP-100953713,ONE,Ningbo,Piraeus,sea,In_Transit,Food_Beverage,USD,2024-01-08,2024-02-04,653.3,11699.1,24756.9,57.0,102446.41,1386.61,18,5,0.0,0.3457,0.217,0.29,,4,True
SHP-100397427,Maersk,Tokyo,Sydney,sea,Critical_Delay,Raw_Materials,EUR,2024-10-29,2024-11-22,598.8,6316.0,26432.6,37.25,218751.3,1366.96,19,5,7.4,0.2578,0.3668,0.5459,,4,False
SHP-102068491,CMA_CGM,Felixstowe,Le_Havre,air,On_Schedule,Electronics,CNY,2022-08-23,2022-08-25,56.5,7725.3,31096.7,91.49,6944.28,554.29,17,4,0.0,0.4636,0.1071,0.2412,-3.3,4,True
SHP-101413028,Evergreen,Jebel_Ali,Mumbai,sea,At_Port,Raw_Materials,EUR,2022-03-23,2022-03-28,138.8,11155.2,5687.2,8.67,2889.56,20.3,12,2,0.0,0.3185,0.2739,0.1256,,4,True
SHP-102279925,CMA_CGM,Rotterdam,Savannah,air,On_Schedule,Perishables,AED,2024-09-07,2024-09-09,50.8,5597.8,1157.4,1.81,809.08,25.35,7,5,0.0,0.1512,0.1299,0.0985,,1,True
SHP-101314614,COSCO,Melbourne,Felixstowe,sea,Delayed,Raw_Materials,SGD,2023-07-18,2023-08-16,708.1,12119.2,3668.3,12.96,108571.56,7706.52,19,4,11.8,0.5433,0.4816,0.389,-1.1,4,True
SHP-102957799,CMA_CGM,Mumbai,Sydney,air,On_Schedule,Consumer_Goods,USD,2023-07-10,2023-07-12,55.3,6002.4,13.7,0.06,19898.91,907.61,7,0,0.0,0.3794,0.2889,0.2016,,3,True
SHP-104766704,Maersk,Hamburg,Baltimore,sea,In_Transit,Food_Beverage,USD,2023-02-09,2023-02-22,321.9,7467.2,4426.6,6.79,67126.97,1136.81,4,2,0.0,0.1198,0.1168,0.2454,,3,False
SHP-104728869,UPS,Melbourne,Bremen,sea,Delivered,Electronics,AED,2023-01-01,2023-01-22,518.5,9913.3,97.3,0.41,270157.78,5736.01,8,4,3.0,0.511,0.3406,0.4394,,1,True
SHP-103096090,ZIM,Sydney,Piraeus,air,At_Port,Chemicals,EUR,2022-01-26,2022-01-27,41.5,10134.4,126531.9,249.53,34009.78,1960.94,1,1,0.0,0.3182,0.2497,0.22,,2,False
SHP-100114153,Evergreen,Mundra,Sydney,sea,Delayed,Perishables,SGD,2024-07-10,2024-07-14,97.5,6884.2,93.5,0.35,340735.33,26761.31,2,2,32.3,0.2579,0.0202,0.3772,6.6,1,True
SHP-104559536,ONE,Melbourne,Rotterdam,sea,On_Schedule,Machinery,GBP,2023-03-09,2023-03-31,546.6,7298.7,4689.8,7.88,985101.36,68954.46,2,1,0.0,0.2872,0.1135,0.1779,,3,False
SHP-100684546,Kuehne_Nagel,Guangzhou,Houston,sea,At_Port,Pharmaceuticals,USD,2024-12-17,2025-01-12,630.6,1394.8,21350.8,75.25,3867503.01,284330.58,23,2,0.0,0.0863,0.3007,0.3559,,3,False
SHP-103623486,MSC,Chennai,Mumbai,sea,Delayed,Food_Beverage,CNY,2022-11-08,2022-11-19,272.3,5436.9,3283.9,5.78,6650.95,364.08,8,1,50.8,0.1974,0.2965,0.3126,,3,True
SHP-104381236,COSCO,Tokyo,Felixstowe,sea,Delayed,Food_Beverage,USD,2023-12-09,2023-12-31,548.0,2391.9,500000.0,667.17,137887.84,5434.68,4,0,13.1,0.4069,0.186,0.2437,,1,True
SHP-102695104,ZIM,Dubai,Felixstowe,rail,Delivered,Textiles,AED,2023-03-31,2023-04-05,135.9,6465.0,500000.0,798.89,3125.82,54.27,9,2,41.9,0.3344,0.1029,0.7347,2.6,2,False
SHP-104095139,Evergreen,Antwerp,Barcelona,sea,In_Transit,Textiles,CNY,2024-06-06,2024-06-28,533.4,1511.8,1968.9,9.42,1040.68,10.65,3,1,0.0,0.2231,0.0365,0.4338,0.4,3,True
SHP-104487567,CMA_CGM,Mumbai,Mumbai,sea,Delayed,Raw_Materials,USD,2023-03-11,2023-04-06,644.0,7826.5,12458.2,26.71,189454.76,10139.31,24,2,19.6,0.4002,0.0878,0.6766,,4,True
SHP-103445887,Kuehne_Nagel,Mumbai,Houston,sea,Delayed,Machinery,SGD,2024-04-01,2024-04-29,679.3,17366.9,10492.4,29.97,124916.11,4898.72,13,5,16.0,0.2883,0.1606,0.4201,,2,True
SHP-101302067,MSC,Guangzhou,Houston,sea,In_Transit,Food_Beverage,USD,2023-07-04,2023-07-18,352.6,6599.0,1915.6,4.2,170502.76,6908.99,4,5,0.0,0.4299,0.3893,0.2887,,1,True
SHP-103931376,Hapag-Lloyd,Jebel_Ali,Felixstowe,sea,Customs_Hold,Food_Beverage,GBP,2022-10-05,2022-11-02,679.6,5196.7,31723.6,75.93,7070.45,502.66,12,3,0.0,0.4228,0.824,0.1177,-9.9,2,False
SHP-102395636,Yang_Ming,Felixstowe,Bremen,sea,Customs_Hold,Raw_Materials,USD,2024-04-12,2024-04-18,150.6,9973.2,1683.2,4.94,90781.06,1760.89,19,4,0.0,0.112,0.032,0.5312,,3,True
SHP-102928889,COSCO,Ningbo,Valencia,sea,On_Schedule,Textiles,AED,2023-12-08,2023-12-12,104.8,13876.6,4282.2,7.03,2577.52,143.98,23,2,0.0,0.451,0.1068,0.2295,,4,True
SHP-103994736,FedEx,Antwerp,Felixstowe,sea,In_Transit,Electronics,CNY,2023-04-02,2023-04-23,519.6,20947.6,1349.8,3.57,41971.98,1601.09,23,3,0.0,0.4371,0.1431,0.3427,,3,True
SHP-100587611,COSCO,Sydney,Los_Angeles,rail,Delivered,Raw_Materials,SGD,2023-04-20,2023-04-25,139.2,2379.2,15894.5,44.26,1073171.58,41654.02,10,5,12.5,0.3907,0.2261,0.108,,1,True
SHP-100511708,DHL,Tanjung_Pelepas,Antwerp,rail,In_Transit,Raw_Materials,AED,2022-09-10,2022-09-17,176.4,3121.1,780.3,1.0,46345.06,3054.21,10,1,0.0,0.722,0.1208,0.2609,-3.1,2,True
SHP-104283947,ZIM,Dubai,Sydney,air,In_Transit,Chemicals,SGD,2023-05-27,2023-05-29,71.9,7415.8,651.9,1.37,108019.79,1578.39,16,5,0.0,0.2893,0.1113,0.2909,20.6,4,True
SHP-102103062,Evergreen,Singapore,Mumbai,sea,Delayed,Food_Beverage,CNY,2023-05-27,2023-06-08,305.7,6128.9,6436.8,11.91,348.02,17.07,24,2,19.1,0.4492,0.0695,0.392,22.0,4,True
SHP-102776452,ONE,Mumbai,Hamburg,sea,On_Schedule,Perishables,SGD,2024-07-25,2024-08-19,619.4,5740.0,1000.0,2.54,40473.08,994.33,5,5,0.0,0.1394,0.0772,0.1634,,2,True
SHP-103267253,Evergreen,Colombo,Le_Havre,rail,Delayed,Automotive,USD,2023-03-15,2023-03-21,147.0,5383.2,54903.6,98.97,1315960.5,38965.3,10,1,39.7,0.5427,0.2747,0.5569,,4,True
SHP-102488110,FedEx,Ningbo,Bremen,road,In_Transit,Perishables,USD,2022-09-09,2022-09-12,81.4,2515.7,8894.1,18.04,95987.95,3274.79,20,1,0.0,0.2766,0.0672,0.1647,,2,True
SHP-104533611,Maersk,Ningbo,Hamburg,sea,In_Transit,Automotive,SGD,2022-05-19,2022-06-15,658.2,1363.0,202.8,0.41,1532402.66,85713.34,2,4,0.0,0.1087,0.0972,0.1428,-18.1,2,True
SHP-100713173,ZIM,Shanghai,Los_Angeles,air,In_Transit,Automotive,SGD,2022-09-15,2022-09-17,51.0,10565.7,1306.3,2.58,30234.13,813.01,21,3,0.0,0.3975,0.0939,0.1813,,4,False
SHP-103985326,MSC,Felixstowe,Hamburg,sea,On_Schedule,Raw_Materials,EUR,2023-08-17,2023-09-03,424.7,1658.5,5203.8,8.44,8996.76,307.33,11,3,0.0,0.1442,0.1239,0.2069,,4,False
SHP-103320055,Maersk,Ningbo,Baltimore,sea,Delivered,Automotive,USD,2023-09-02,2023-09-08,163.8,17477.8,10370.1,15.88,118405.89,4313.4,5,5,10.3,0.1284,0.2754,0.345,,4,False
SHP-103622301,DHL,Ningbo,Miami,sea,On_Schedule,Chemicals,CNY,2024-08-12,2024-09-04,572.3,17132.4,21898.6,51.17,1259391.34,89820.88,17,3,0.0,0.1682,0.2191,0.1666,,2,True
SHP-103830995,Maersk,Mumbai,Genoa,road,At_Port,Food_Beverage,SGD,2024-01-04,2024-01-09,125.0,5997.8,100192.1,151.64,288647.42,13568.8,9,4,0.0,0.6346,0.239,0.1318,-17.4,2,True
SHP-101880624,ONE,Mumbai,Miami,sea,On_Schedule,Raw_Materials,USD,2023-12-03,2024-01-01,715.8,10763.2,7389.5,22.39,436781.8,29586.3,10,0,0.0,0.4289,0.06,0.2387,,2,False
SHP-101757292,Evergreen,Ningbo,Valencia,air,Customs_Hold,Machinery,CNY,2024-04-20,2024-04-20,20.0,5906.6,12993.1,25.91,79668.27,695.1,1,4,0.0,0.2237,0.2702,0.1859,,4,True
SHP-101814214,CMA_CGM,Port_Klang,Felixstowe,sea,On_Schedule,Raw_Materials,CNY,2023-12-30,2024-01-10,276.0,13808.5,54469.1,138.33,165831.22,2236.47,16,2,0.0,0.2956,0.0345,0.3863,-15.5,3,True
SHP-101973832,Yang_Ming,Mumbai,Miami,sea,In_Transit,Automotive,AED,2022-05-13,2022-05-28,381.4,7901.3,691.1,0.87,831159.03,33986.48,4,5,0.0,0.1688,0.0877,0.5601,,3,True
SHP-101892915,FedEx,Hamburg,Felixstowe,air,Delayed,Textiles,EUR,2024-10-22,2024-10-23,45.9,2485.5,22462.0,76.17,180874.1,4616.29,7,3,8.3,0.2357,0.3283,0.3145,9.9,1,True
SHP-101817321,MSC,Dubai,Le_Havre,rail,At_Port,Raw_Materials,CNY,2023-02-04,2023-02-05,45.4,3723.0,65818.9,95.36,210607.64,10809.31,15,4,0.0,0.2667,0.1342,0.5144,,4,True
SHP-102296516,ONE,Port_Klang,Baltimore,air,On_Schedule,Machinery,SGD,2022-11-26,2022-11-27,25.0,1615.8,6859.0,12.51,57210.34,1293.06,19,4,0.0,0.3297,0.4442,0.3754,,4,True
SHP-104636491,Maersk,Tanjung_Pelepas,Singapore,sea,On_Schedule,Food_Beverage,AED,2024-04-25,2024-05-09,343.0,20468.7,564.1,1.57,269184.03,3952.35,4,4,0.0,0.3663,0.179,0.2578,,1,False
SHP-101166055,ONE,Guangzhou,Valencia,sea,Critical_Delay,Textiles,GBP,2024-08-30,2024-09-09,256.5,1996.9,51.3,0.1,12955.9,217.33,7,4,28.0,0.2858,0.0658,0.6074,14.1,3,False
SHP-103923766,ZIM,Chennai,Baltimore,rail,On_Schedule,Raw_Materials,USD,2024-05-04,2024-05-13,233.1,6689.9,17686.5,48.03,4832.35,93.28,2,2,0.0,0.068,0.1264,0.2465,,3,True
SHP-102827575,DHL,Busan,Hamburg,rail,Delayed,Textiles,GBP,2024-10-13,2024-10-17,96.3,5490.8,11648.4,17.64,63548.88,2558.08,19,0,30.9,0.0957,0.0481,0.1804,,1,False
SHP-104899095,MSC,Ningbo,Dubai,sea,On_Schedule,Chemicals,SGD,2024-03-02,2024-03-18,393.1,15766.5,5383.8,13.26,2622.01,127.16,20,0,0.0,0.0641,0.1987,0.4933,,4,False
SHP-102682396,Kuehne_Nagel,Shanghai,Los_Angeles,sea,In_Transit,Raw_Materials,CNY,2022-09-06,2022-09-24,439.5,14387.7,544.0,1.31,40351.02,1613.86,15,0,0.0,0.2338,0.0126,0.0543,14.0,1,True
SHP-100819978,Kuehne_Nagel,Melbourne,New_York,sea,At_Port,Chemicals,CNY,2022-04-25,2022-05-05,244.6,15930.2,1121.8,2.94,2992.42,24.21,14,3,0.0,0.3189,0.1581,0.4248,,4,True
SHP-103775509,COSCO,Chennai,Baltimore,air,In_Transit,Pharmaceuticals,CNY,2024-11-12,2024-11-14,60.9,11456.5,7047.4,11.37,701.11,19.56,18,1,0.0,0.2613,0.3713,0.5386,,1,True
SHP-104830846,MSC,Hamburg,Valencia,road,On_Schedule,Electronics,AED,2022-01-09,2022-01-17,209.5,2168.9,147.1,0.2,18471.2,123.03,4,0,0.0,0.2978,0.0412,0.2366,,3,True
SHP-100252151,HMM,Guangzhou,Savannah,sea,In_Transit,Machinery,USD,2023-02-04,2023-02-09,135.9,17124.2,233.0,0.29,20468.57,198.62,1,0,0.0,0.429,0.1314,0.4963,-7.2,1,True
SHP-103519180,MSC,Melbourne,Dubai,air,Critical_Delay,Electronics,CNY,2023-03-29,2023-03-31,50.3,7048.5,11356.4,16.24,1955.99,28.75,24,3,16.7,0.3258,0.122,0.5724,,2,True
SHP-101943717,Maersk,Port_Klang,Barcelona,sea,In_Transit,Raw_Materials,SGD,2023-10-29,2023-11-06,193.7,1899.2,20.3,0.03,14038.99,693.78,23,3,0.0,0.1098,0.1099,0.4701,4.3,1,False
SHP-100271285,Yang_Ming,Tokyo,Barcelona,air,On_Schedule,Textiles,SGD,2023-09-07,2023-09-08,38.4,10875.5,41888.6,149.02,284.79,10.21,4,4,0.0,0.2511,0.077,0.4334,,4,True
SHP-101835519,MSC,Mumbai,Felixstowe,sea,On_Schedule,Perishables,GBP,2022-02-20,2022-03-19,661.9,13478.3,534.4,0.86,884385.25,13366.39,19,5,0.0,0.2375,0.2326,0.2467,-1.1,2,True
SHP-100987826,MSC,Guangzhou,Genoa,sea,At_Port,Perishables,EUR,2022-09-05,2022-09-27,535.8,6681.1,3106.3,6.45,33688.33,1292.8,1,3,0.0,0.072,0.47,0.173,,4,True
SHP-103715213,Hapag-Lloyd,Guangzhou,Rotterdam,air,On_Schedule,Machinery,AED,2023-02-13,2023-02-15,65.8,7231.9,8309.9,10.79,637.98,21.08,24,5,0.0,0.2209,0.3314,0.1114,,2,True
SHP-101787524,UPS,Sydney,Sydney,air,In_Transit,Perishables,USD,2024-03-12,2024-03-13,41.8,3743.5,2385.2,3.38,752275.24,26129.97,13,0,0.0,0.2304,0.2712,0.175,,1,False
SHP-100601566,DB_Schenker,Tokyo,Le_Havre,sea,In_Transit,Chemicals,EUR,2022-07-21,2022-08-11,526.5,16355.0,922.0,1.47,31191.76,956.34,18,3,0.0,0.0802,0.0166,0.1233,7.2,3,True
SHP-102809543,MSC,Port_Klang,Rotterdam,air,In_Transit,Food_Beverage,GBP,2023-01-14,2023-01-15,29.5,9334.1,169.8,0.24,30119.5,1979.03,6,4,0.0,0.1983,0.0333,0.1938,,2,False
SHP-104471938,ZIM,Hamburg,Miami,sea,In_Transit,Consumer_Goods,AED,2023-01-06,2023-01-21,372.4,18465.6,6337.0,22.21,46836.35,727.44,17,1,0.0,0.8112,0.175,0.3439,,2,False
SHP-100594066,ONE,Tokyo,Le_Havre,sea,On_Schedule,Electronics,CNY,2023-09-04,2023-10-03,708.4,13979.4,78.0,0.16,13503.45,877.32,6,3,0.0,0.3143,0.0273,0.1215,,1,True
SHP-101309808,Evergreen,Chennai,Baltimore,sea,Delayed,Chemicals,SGD,2023-03-10,2023-03-29,458.7,1628.7,55019.9,87.41,4139.82,96.0,13,1,10.5,0.0336,0.0725,0.4133,,4,True
SHP-104312720,Maersk,Ningbo,Savannah,sea,On_Schedule,Raw_Materials,GBP,2024-08-08,2024-08-18,255.4,4529.4,7405.3,12.08,49112.56,1810.34,19,1,0.0,0.2098,0.1033,0.3792,26.1,2,False
SHP-102501422,ONE,Busan,Singapore,sea,At_Port,Chemicals,SGD,2024-03-19,2024-04-06,434.8,1146.4,5098.5,7.33,29902.89,2373.39,8,1,0.0,0.4942,0.0457,0.5382,-11.7,1,False
SHP-104704661,Hapag-Lloyd,Tanjung_Pelepas,Miami,sea,In_Transit,Automotive,AED,2023-06-24,2023-07-21,661.5,2797.3,1326.7,3.58,207897.13,9583.84,22,4,0.0,0.1741,0.3724,0.203,,3,True
SHP-102608419,ONE,Shanghai,Mumbai,sea,In_Transit,Electronics,GBP,2024-02-24,2024-03-11,387.9,12552.7,325.2,0.49,3843255.8,292881.59,16,1,0.0,0.3944,0.1645,0.3226,14.3,2,True
SHP-101626863,Kuehne_Nagel,Sydney,Miami,air,Delayed,Pharmaceuticals,CNY,2023-05-14,2023-05-16,70.6,11261.8,947.2,3.04,1812.68,17.94,19,5,5.3,0.223,0.1643,0.1554,-16.9,3,True
SHP-104686593,Hapag-Lloyd,Chennai,Valencia,sea,In_Transit,Raw_Materials,SGD,2024-03-23,2024-04-03,284.3,2476.7,2859.5,4.03,49048.03,281.41,4,1,0.0,0.0186,0.1018,0.026,,2,False
SHP-100567747,MSC,Felixstowe,Hamburg,air,In_Transit,Automotive,SGD,2023-07-09,2023-07-11,49.7,7080.1,3480.8,6.28,5199.86,195.8,11,0,0.0,0.175,0.1981,0.1,,4,True
SHP-104050664,DB_Schenker,Shanghai,Sydney,rail,Customs_Hold,Pharmaceuticals,AED,2024-03-03,2024-03-05,62.4,5630.1,210.1,0.27,8549.6,395.53,19,1,0.0,0.1818,0.1221,0.2255,25.8,2,False
SHP-102206137,Kuehne_Nagel,Melbourne,Hamburg,sea,On_Schedule,Perishables,USD,2023-11-21,2023-12-10,476.9,21426.3,7328.3,23.51,37513.82,2072.06,14,0,0.0,0.5009,0.0746,0.3013,,2,True
SHP-100836245,HMM,Sydney,Antwerp,sea,Critical_Delay,Consumer_Goods,USD,2022-07-26,2022-08-03,209.6,3397.4,1376.9,3.6,3992.15,86.69,16,1,4.3,0.3861,0.082,0.3365,,4,True
SHP-104727092,Yang_Ming,Ningbo,Dubai,air,On_Schedule,Food_Beverage,GBP,2024-12-19,2024-12-21,71.3,14012.2,2211.5,5.47,2346.51,154.19,18,1,0.0,0.3623,0.0462,0.2627,,4,True
SHP-100843097,COSCO,Colombo,Singapore,rail,In_Transit,Electronics,AED,2023-03-26,2023-04-01,149.2,2549.4,45.0,0.07,15482.24,165.13,16,5,0.0,0.331,0.0961,0.1341,,3,False
SHP-102620845,Maersk,Ningbo,Bremen,sea,In_Transit,Perishables,AED,2023-04-03,2023-04-18,368.9,9349.7,150305.4,289.96,326712.71,19555.71,13,3,0.0,0.2608,0.3675,0.1468,,4,True
SHP-101415289,DHL,Dubai,Miami,sea,On_Schedule,Pharmaceuticals,EUR,2023-02-23,2023-02-27,107.2,5228.3,2215.7,4.5,1519482.23,92526.96,10,3,0.0,0.4549,0.005,0.3324,,2,False
SHP-100385687,Yang_Ming,Rotterdam,Felixstowe,sea,At_Port,Automotive,SGD,2022-01-14,2022-02-02,476.7,11481.7,4037.5,8.16,36397.49,1547.66,5,4,0.0,0.3525,0.1855,0.4298,,3,False
SHP-101877735,UPS,Jebel_Ali,Felixstowe,sea,Customs_Hold,Pharmaceuticals,CNY,2024-09-23,2024-10-04,271.0,14052.1,3045.4,8.22,6950.35,523.96,23,5,0.0,0.1845,0.1148,0.6558,,2,True
SHP-104846523,Kuehne_Nagel,Felixstowe,Hamburg,sea,In_Transit,Perishables,USD,2023-01-05,2023-01-12,189.4,16351.8,439.9,1.11,4023.73,150.86,3,0,0.0,0.4415,0.3096,0.0611,,2,True
SHP-104365266,DHL,Ningbo,Barcelona,sea,On_Schedule,Perishables,CNY,2024-06-10,2024-07-09,702.4,16881.4,104.5,0.25,472755.61,20208.88,11,5,0.0,0.4755,0.1304,0.0769,,4,False
SHP-101547755,MSC,Busan,Piraeus,sea,At_Port,Raw_Materials,USD,2022-10-27,2022-11-20,596.3,14338.4,841.2,1.11,105672.45,5143.32,5,1,0.0,0.5855,0.1754,0.4286,,3,False
SHP-102777124,Maersk,Hamburg,Houston,air,At_Port,Consumer_Goods,GBP,2024-08-16,2024-08-17,33.1,3266.4,408.0,0.67,8981.69,296.11,2,4,0.0,0.1465,0.1434,0.3294,14.2,2,True
SHP-104881702,ONE,Antwerp,Piraeus,air,In_Transit,Chemicals,CNY,2024-01-19,2024-01-21,70.4,7402.4,2683.7,4.78,69887.17,1770.5,10,1,0.0,0.2961,0.198,0.4419,,3,False
SHP-100717828,FedEx,Guangzhou,Antwerp,road,On_Schedule,Textiles,AED,2024-10-16,2024-10-20,116.5,2268.1,12109.7,20.32,14626.23,384.71,3,1,0.0,0.5662,0.0526,0.2339,,2,True
SHP-100034557,Hapag-Lloyd,Busan,Valencia,rail,Delayed,Consumer_Goods,GBP,2024-09-25,2024-09-30,122.9,6719.6,20314.6,49.11,6811.79,512.81,14,1,36.7,0.296,0.1869,0.0626,,1,False
SHP-102277236,COSCO,Tokyo,Miami,air,At_Port,Machinery,USD,2022-01-29,2022-01-29,21.5,7257.8,13636.0,21.7,301900.4,10335.01,4,2,0.0,0.344,0.2367,0.5595,,1,False
SHP-101016376,CMA_CGM,Guangzhou,Bremen,sea,In_Transit,Machinery,CNY,2024-06-16,2024-06-30,349.0,20924.5,2294.3,4.41,589345.01,8837.98,6,0,0.0,0.1204,0.5284,0.0801,,2,True
SHP-102918796,FedEx,Dubai,Barcelona,sea,Delayed,Perishables,SGD,2023-08-31,2023-09-05,127.1,13308.5,1579.5,2.07,5073.02,377.56,24,1,22.1,0.4251,0.0871,0.2115,,3,False
SHP-102889767,HMM,Mundra,Genoa,sea,At_Port,Automotive,USD,2023-12-05,2023-12-14,238.9,15775.0,4314.5,15.86,49498.84,2787.18,7,0,0.0,0.4008,0.161,0.3547,,2,True
SHP-100298885,Evergreen,Sydney,New_York,sea,In_Transit,Consumer_Goods,AED,2023-06-26,2023-07-24,695.0,18450.3,17488.6,66.19,322245.21,3870.98,9,0,0.0,0.3014,0.4534,0.3735,,1,True
SHP-103048208,COSCO,Busan,Miami,sea,Delivered,Chemicals,EUR,2023-07-06,2023-07-31,622.1,10304.9,11755.9,28.67,51732.81,3044.25,8,5,65.8,0.3978,0.0955,0.1666,,4,True
SHP-104951118,Evergreen,Chennai,Sydney,sea,On_Schedule,Consumer_Goods,EUR,2022-09-14,2022-10-13,704.2,10461.9,86845.1,151.08,3970.04,177.5,12,1,0.0,0.1984,0.2192,0.1719,,3,True
SHP-101872998,Kuehne_Nagel,Mumbai,Baltimore,sea,In_Transit,Food_Beverage,AED,2024-08-23,2024-09-03,277.5,14529.3,199.3,0.39,57571.87,2340.45,3,0,0.0,0.3935,0.1764,0.0654,,3,False
SHP-104586024,Evergreen,Mundra,Bremen,sea,In_Transit,Perishables,SGD,2024-05-20,2024-06-15,633.0,11074.3,7349.1,21.09,4993.81,207.49,4,5,0.0,0.3017,0.1156,0.0377,,2,True
SHP-102991944,UPS,Dubai,Barcelona,sea,At_Port,Chemicals,GBP,2022-11-13,2022-12-03,488.4,19029.7,21074.5,48.64,168112.19,8945.68,23,0,0.0,0.1838,0.1259,0.0817,,1,True
SHP-104701625,CMA_CGM,Singapore,Genoa,sea,In_Transit,Perishables,USD,2022-04-18,2022-05-14,635.1,20891.8,1361.1,1.84,96533.3,2627.86,10,1,0.0,0.0664,0.3914,0.6524,,1,True
SHP-104716383,Evergreen,Tanjung_Pelepas,Valencia,rail,On_Schedule,Textiles,SGD,2023-07-02,2023-07-03,31.8,5185.1,123.9,0.17,70525.19,2863.58,15,4,0.0,0.2001,0.1503,0.5546,,2,False
SHP-101802054,COSCO,Rotterdam,Rotterdam,sea,On_Schedule,Chemicals,GBP,2024-01-26,2024-02-04,231.5,2393.9,838.2,2.23,202780.38,10832.93,2,5,0.0,0.1905,0.2554,0.1664,,4,True
SHP-102240143,Kuehne_Nagel,Singapore,Miami,rail,In_Transit,Machinery,SGD,2022-11-16,2022-11-24,208.0,2404.5,22318.4,43.69,305224.59,21381.26,4,1,0.0,0.0345,0.3351,0.3697,,2,True
SHP-102520887,COSCO,Port_Klang,Miami,sea,In_Transit,Food_Beverage,USD,2022-02-10,2022-02-19,230.3,15685.4,621.6,0.95,6328.27,488.55,17,5,0.0,0.4747,0.1023,0.446,,1,True
SHP-101377234,ONE,Chennai,Bremen,sea,Delayed,Automotive,EUR,2023-09-14,2023-10-03,476.5,16660.3,202.3,0.43,11059.82,356.44,13,3,25.8,0.3356,0.4557,0.4787,,4,True
SHP-102063954,COSCO,Tanjung_Pelepas,Baltimore,air,On_Schedule,Textiles,AED,2023-04-23,2023-04-23,20.7,13644.5,9059.5,14.85,19312.45,301.8,21,1,0.0,0.2357,0.0115,0.2301,,3,False
SHP-102405833,Kuehne_Nagel,Mundra,Le_Havre,air,At_Port,Chemicals,CNY,2024-01-25,2024-01-25,13.3,10545.5,19072.8,52.15,28656.93,1939.39,9,5,0.0,0.3808,0.225,0.3358,-14.6,1,False
SHP-100517716,Evergreen,Sydney,Le_Havre,sea,On_Schedule,Machinery,EUR,2022-03-08,2022-03-29,505.4,12812.0,17438.6,40.69,54862.07,869.93,1,5,0.0,0.5506,0.2171,0.29,,4,True
SHP-102353502,Maersk,Singapore,Baltimore,rail,Critical_Delay,Automotive,EUR,2022-01-27,2022-01-31,113.9,976.5,14150.2,32.86,99247.63,977.19,5,3,27.4,0.2162,0.1303,0.6946,,2,True
SHP-103668842,ONE,Shanghai,Le_Havre,sea,On_Schedule,Machinery,CNY,2024-09-20,2024-09-28,214.7,13784.4,52539.9,67.19,10010.27,627.58,24,0,0.0,0.2895,0.4856,0.4147,,1,False
SHP-100942065,Maersk,Shanghai,Hamburg,sea,At_Port,Consumer_Goods,SGD,2024-05-10,2024-06-05,632.5,2703.1,25063.6,77.43,6188.56,388.11,8,1,0.0,0.6749,0.0701,0.2645,28.3,4,False
SHP-104229379,ONE,Sydney,Savannah,rail,In_Transit,Pharmaceuticals,USD,2024-07-12,2024-07-21,236.7,1800.3,476.9,1.04,14173.32,178.7,6,0,0.0,0.1764,0.407,0.717,,1,True
SHP-100411531,ONE,Tanjung_Pelepas,Antwerp,road,Delayed,Consumer_Goods,USD,2023-01-09,2023-01-12,85.1,594.1,70917.4,218.49,78799.99,1819.06,13,3,3.3,0.1493,0.21,0.7661,,1,False
SHP-103422523,CMA_CGM,Mundra,Baltimore,sea,Delayed,Chemicals,USD,2023-01-18,2023-01-24,156.1,924.6,7995.6,13.16,1073.72,84.45,2,2,15.3,0.202,0.0642,0.4217,22.1,4,False
SHP-101072504,Yang_Ming,Ningbo,Miami,sea,Delayed,Automotive,SGD,2022-09-10,2022-10-08,685.3,5004.3,441.4,0.7,8726.53,346.55,14,1,35.6,0.0723,0.02,0.3339,,2,False
SHP-102370390,ONE,Jebel_Ali,Piraeus,air,On_Schedule,Chemicals,EUR,2022-02-24,2022-02-26,59.9,9181.2,1096.7,1.44,605311.09,27893.77,24,5,0.0,0.1882,0.032,0.1488,-3.8,3,True
SHP-100066203,MSC,Port_Klang,Genoa,sea,At_Port,Pharmaceuticals,AED,2023-04-28,2023-05-11,320.2,19972.9,21907.3,32.24,51003.57,2543.08,21,4,0.0,0.16,0.1378,0.2761,,2,True
SHP-100262011,CMA_CGM,Tanjung_Pelepas,Bremen,sea,In_Transit,Raw_Materials,GBP,2023-07-21,2023-08-19,710.4,4348.8,120634.9,513.14,88277.09,5029.33,21,4,0.0,0.3455,0.3987,0.0818,-1.9,3,True
SHP-103098782,Yang_Ming,Colombo,Antwerp,rail,On_Schedule,Electronics,USD,2022-08-11,2022-08-15,105.4,4873.5,247.9,1.15,7487.92,493.75,16,3,0.0,0.251,0.6479,0.3737,,4,True
SHP-101688010,ZIM,Colombo,Piraeus,air,Delayed,Perishables,AED,2023-09-06,2023-09-08,65.5,8724.7,210.2,0.39,46821.04,3155.26,4,3,37.5,0.184,0.0615,0.3595,,4,False
SHP-104099225,Evergreen,Mumbai,Genoa,air,On_Schedule,Consumer_Goods,AED,2022-10-20,2022-10-20,19.2,13569.1,153.1,0.21,92547.58,2986.71,23,3,0.0,0.3142,0.1179,0.2256,,1,True
SHP-100500832,UPS,Antwerp,Houston,sea,On_Schedule,Raw_Materials,USD,2022-07-01,2022-07-05,113.9,14253.0,3630.9,16.3,642264.66,28148.97,16,0,0.0,0.2882,0.0585,0.3562,,2,True
SHP-102532119,FedEx,Jebel_Ali,Genoa,rail,On_Schedule,Food_Beverage,EUR,2022-02-22,2022-02-24,62.3,3608.8,7651.4,25.19,124461.36,1530.27,19,4,0.0,0.4986,0.1584,0.1039,,1,False
SHP-103966026,ONE,Guangzhou,Valencia,sea,On_Schedule,Raw_Materials,SGD,2023-10-03,2023-10-28,620.0,3483.8,5870.6,8.85,64215.1,2736.75,8,2,0.0,0.4163,0.0114,0.2529,,2,False
SHP-103085287,Maersk,Colombo,Genoa,road,On_Schedule,Automotive,SGD,2022-09-05,2022-09-12,172.0,1669.0,513.6,0.76,87664.87,6932.74,15,1,0.0,0.0735,0.025,0.4437,-1.4,3,True
SHP-102364358,MSC,Melbourne,Miami,sea,Delayed,Perishables,SGD,2023-05-31,2023-06-04,113.3,1397.5,7341.3,14.17,389738.77,28939.99,2,5,19.7,0.456,0.3322,0.1463,,3,True
SHP-103620778,FedEx,Melbourne,Felixstowe,road,On_Schedule,Pharmaceuticals,CNY,2024-04-13,2024-04-15,62.7,2436.8,5789.6,24.76,1396821.28,52279.73,1,5,0.0,0.5143,0.1926,0.3825,-11.2,1,False
SHP-100670005,HMM,Colombo,Hamburg,sea,Delayed,Textiles,GBP,2023-08-24,2023-09-16,559.1,20886.1,6528.3,9.28,2032.41,76.6,23,0,30.0,0.0575,0.1777,0.2546,,3,False
SHP-100868842,Hapag-Lloyd,Felixstowe,Mumbai,rail,Delayed,Raw_Materials,AED,2023-07-16,2023-07-17,47.1,3572.2,34.9,0.05,27390.16,688.94,8,0,35.4,0.2354,0.127,0.6288,,4,False
SHP-101102616,HMM,Colombo,Dubai,road,On_Schedule,Electronics,CNY,2023-02-04,2023-02-12,203.4,7501.7,3667.3,6.91,25277.29,1221.71,4,5,0.0,0.37,0.5976,0.8711,,4,True
SHP-100689913,HMM,Guangzhou,Antwerp,sea,Delayed,Electronics,AED,2023-07-30,2023-08-25,646.9,8882.7,625.4,1.21,55335.95,1169.26,17,1,26.6,0.3037,0.4671,0.3722,,4,True
SHP-103572716,DB_Schenker,Jebel_Ali,Savannah,air,On_Schedule,Raw_Materials,EUR,2024-12-03,2024-12-05,69.3,4036.1,20598.1,76.23,6250.97,89.06,20,2,0.0,0.5561,0.122,0.3072,,2,False
SHP-104215669,DB_Schenker,Singapore,Rotterdam,air,In_Transit,Automotive,CNY,2022-08-16,2022-08-17,43.3,7610.6,2553.1,3.62,71928.64,4167.75,20,5,0.0,0.352,0.1022,0.4198,,1,False
SHP-101427968,Yang_Ming,Chennai,Mumbai,air,Delayed,Textiles,EUR,2022-04-25,2022-04-26,28.4,14539.9,4680.4,17.41,8756.44,470.2,11,0,41.5,0.4491,0.2482,0.2389,26.6,3,False
SHP-101033625,COSCO,Antwerp,Los_Angeles,air,On_Schedule,Consumer_Goods,EUR,2023-11-20,2023-11-21,30.5,11230.0,561.0,0.84,54973.73,929.41,24,3,0.0,0.1369,0.0712,0.5529,-1.2,3,False
SHP-102363930,UPS,Ningbo,Savannah,air,Delayed,Food_Beverage,AED,2022-11-04,2022-11-05,33.5,3243.1,223.9,0.37,490050.15,7771.38,2,5,12.3,0.1392,0.0492,0.408,,4,False
SHP-100623709,FedEx,Tanjung_Pelepas,Antwerp,sea,Critical_Delay,Machinery,SGD,2023-07-02,2023-07-17,380.7,13967.1,15414.8,21.8,299856.95,10911.3,5,5,23.3,0.1401,0.1216,0.5336,,2,True
SHP-104133680,ZIM,Port_Klang,Piraeus,road,In_Transit,Pharmaceuticals,CNY,2024-04-16,2024-04-20,119.6,2054.2,2511.0,4.68,5206.29,270.26,18,4,0.0,0.1877,0.3966,0.5809,,1,True
SHP-103559480,UPS,Sydney,Hamburg,road,Critical_Delay,Electronics,CNY,2024-01-09,2024-01-16,185.6,4199.7,174.9,0.29,10282.07,229.54,15,0,47.4,0.3887,0.2616,0.4561,,2,True
SHP-102661546,FedEx,Felixstowe,Barcelona,sea,On_Schedule,Food_Beverage,CNY,2023-02-04,2023-02-12,197.6,7634.7,83676.7,294.67,341243.76,10553.26,15,3,0.0,0.6795,0.3022,0.5099,,1,True
SHP-101910353,Evergreen,Shanghai,Le_Havre,rail,On_Schedule,Textiles,EUR,2022-01-07,2022-01-10,85.6,7147.0,1550.7,2.08,32071.94,176.84,9,3,0.0,0.5936,0.0745,0.1586,,1,True
SHP-103695372,Hapag-Lloyd,Busan,Miami,sea,On_Schedule,Perishables,SGD,2023-01-04,2023-01-10,148.6,10471.3,3227.4,5.53,528610.57,32789.15,15,1,0.0,0.5849,0.0389,0.4325,,2,True
SHP-104200965,Evergreen,Ningbo,Bremen,air,Critical_Delay,Electronics,USD,2023-09-28,2023-09-30,70.9,14643.8,158.7,0.41,36272.04,1431.27,19,1,9.2,0.3036,0.2352,0.0791,-13.2,3,True
SHP-102663058,DB_Schenker,Dubai,Dubai,sea,In_Transit,Machinery,SGD,2023-05-24,2023-06-07,342.1,12723.4,11581.6,21.5,50393.69,480.3,18,1,0.0,0.0744,0.2222,0.4629,,2,True
SHP-104099600,HMM,Melbourne,Rotterdam,sea,On_Schedule,Machinery,CNY,2023-01-18,2023-02-02,369.5,20749.2,3923.5,5.02,213654.63,8522.64,19,4,0.0,0.446,0.3334,0.1048,-10.3,3,False
SHP-104698071,DHL,Port_Klang,Felixstowe,sea,Customs_Hold,Electronics,SGD,2023-03-22,2023-04-01,243.2,1977.3,110.5,0.45,11646.32,332.53,24,2,0.0,0.1094,0.4834,0.6695,,1,False
SHP-101710189,DHL,Tanjung_Pelepas,Bremen,sea,In_Transit,Food_Beverage,USD,2022-07-28,2022-08-05,205.1,13181.1,7916.5,27.23,45634.24,628.09,12,4,0.0,0.3429,0.0228,0.3553,9.2,2,True
SHP-104308382,UPS,Jebel_Ali,Valencia,air,Delayed,Automotive,AED,2023-08-21,2023-08-23,62.7,7740.7,1653.0,2.93,877323.86,19244.96,22,4,18.9,0.2122,0.1623,0.1176,,4,False
SHP-100345482,Maersk,Jebel_Ali,New_York,air,Delayed,Food_Beverage,EUR,2024-02-12,2024-02-14,58.6,11271.1,839.6,3.38,237103.16,5980.52,13,5,47.6,0.2237,0.2698,0.1939,,1,True
SHP-100586619,ZIM,Sydney,Miami,sea,In_Transit,Raw_Materials,AED,2023-02-26,2023-03-26,679.4,17039.1,270.2,0.47,66081.75,3697.35,21,5,0.0,0.4793,0.3402,0.1219,,1,True
SHP-100924954,DB_Schenker,Singapore,Rotterdam,rail,In_Transit,Pharmaceuticals,SGD,2022-11-18,2022-11-23,125.0,3669.5,292.8,0.94,9938.88,259.22,2,0,0.0,0.1411,0.1732,0.6873,,1,False
SHP-103892905,Maersk,Sydney,Genoa,rail,Delayed,Consumer_Goods,AED,2023-05-17,2023-05-19,52.1,776.8,10317.7,15.88,83432.94,3259.65,17,3,0.5,0.322,0.2118,0.3082,,2,False
SHP-103341573,FedEx,Shanghai,Valencia,sea,In_Transit,Electronics,CNY,2022-03-28,2022-04-14,430.8,9688.7,22761.9,30.55,3119.77,67.61,23,4,0.0,0.2028,0.2824,0.111,27.0,2,False
SHP-103212041,CMA_CGM,Felixstowe,Los_Angeles,air,On_Schedule,Textiles,EUR,2022-11-24,2022-11-26,62.7,11164.4,115346.3,165.6,173987.22,10508.13,8,4,0.0,0.1024,0.0629,0.125,,1,True
SHP-100200969,ONE,Chennai,Piraeus,sea,On_Schedule,Consumer_Goods,CNY,2022-05-10,2022-06-08,710.7,2555.0,788.1,2.54,232510.74,5515.75,23,0,0.0,0.1543,0.0876,0.292,21.9,2,False
SHP-103745116,Maersk,Singapore,New_York,sea,In_Transit,Textiles,SGD,2023-10-03,2023-10-20,422.9,17680.0,2788.0,10.92,1515.08,71.0,14,2,0.0,0.3415,0.4453,0.6998,-0.2,4,True
SHP-104929555,Kuehne_Nagel,Felixstowe,Dubai,sea,Critical_Delay,Food_Beverage,AED,2022-04-06,2022-04-29,554.2,20150.5,918.9,2.88,15821.92,1218.85,19,1,9.3,0.3308,0.3727,0.2177,14.0,3,False
SHP-100362546,Maersk,Hamburg,Miami,sea,At_Port,Machinery,CNY,2024-01-19,2024-01-25,151.3,19626.9,24693.7,42.35,1418.04,106.14,13,0,0.0,0.1069,0.0432,0.3327,,1,False
SHP-100554093,DHL,Sydney,Piraeus,rail,On_Schedule,Chemicals,USD,2024-08-20,2024-08-29,237.2,2622.4,2365.0,5.38,22475.37,446.5,13,3,0.0,0.0386,0.1707,0.1101,,4,False
SHP-104913408,Yang_Ming,Melbourne,Barcelona,sea,Delayed,Chemicals,GBP,2022-11-08,2022-11-19,268.8,11883.9,27.9,0.04,14685.81,1014.02,5,2,23.0,0.1923,0.0809,0.4892,,2,False
SHP-104675722,Evergreen,Tokyo,Singapore,sea,Customs_Hold,Automotive,EUR,2023-12-03,2023-12-14,283.4,13486.4,194.3,0.31,155905.42,10736.68,22,0,0.0,0.1124,0.109,0.4524,,1,False
SHP-100058481,DB_Schenker,Dubai,Barcelona,air,Delayed,Machinery,EUR,2024-09-06,2024-09-07,35.2,14758.5,7550.9,26.21,54731.05,2154.97,6,4,3.6,0.0266,0.3179,0.7358,-2.7,3,False
SHP-102184167,Maersk,Antwerp,Valencia,air,On_Schedule,Consumer_Goods,GBP,2022-07-05,2022-07-07,59.4,14824.4,6683.9,23.89,48020.98,3477.94,23,0,0.0,0.3563,0.2264,0.5618,19.4,3,True
SHP-100708856,Yang_Ming,Mundra,Miami,sea,On_Schedule,Automotive,AED,2022-03-24,2022-04-17,582.9,11238.2,109.9,0.22,173584.9,9322.44,6,0,0.0,0.2732,0.2418,0.0624,,1,True
SHP-104049170,Evergreen,Hamburg,Rotterdam,rail,In_Transit,Perishables,GBP,2023-05-25,2023-06-01,175.1,7490.9,376.7,0.52,104909.24,944.59,4,4,0.0,0.0216,0.4219,0.4154,,4,True
SHP-103252730,COSCO,Colombo,New_York,road,In_Transit,Chemicals,SGD,2024-04-10,2024-04-12,53.7,1058.1,4081.0,6.01,513081.08,29707.14,11,4,0.0,0.4265,0.1305,0.5062,,1,True
SHP-104393625,DB_Schenker,Singapore,Baltimore,rail,Delayed,Automotive,SGD,2023-08-26,2023-08-28,58.5,6549.4,279.1,0.36,16925.84,862.78,16,4,23.9,0.1936,0.1426,0.6743,,3,True
SHP-101197391,HMM,Singapore,Rotterdam,sea,In_Transit,Chemicals,USD,2022-05-10,2022-05-25,368.2,5361.3,1901.3,3.36,29270.36,2143.72,17,5,0.0,0.1266,0.3201,0.1214,-11.3,2,False
SHP-103192503,UPS,Rotterdam,Felixstowe,rail,Critical_Delay,Pharmaceuticals,USD,2024-05-18,2024-05-22,111.7,1670.1,311.1,1.34,240294.41,10144.41,8,5,65.6,0.1579,0.099,0.5115,-16.3,4,False
SHP-100278536,FedEx,Tanjung_Pelepas,Piraeus,sea,Customs_Hold,Pharmaceuticals,GBP,2023-06-20,2023-07-01,275.6,12784.3,2917.7,10.8,18969.87,1225.65,13,1,0.0,0.0847,0.5067,0.3354,18.8,3,True
SHP-101883947,DB_Schenker,Jebel_Ali,Savannah,sea,On_Schedule,Food_Beverage,SGD,2024-03-14,2024-03-25,276.6,12801.6,805.4,1.47,132845.22,1404.43,21,5,0.0,0.5977,0.0251,0.4077,,2,True
SHP-101908890,DB_Schenker,Ningbo,Sydney,sea,In_Transit,Food_Beverage,GBP,2023-03-05,2023-04-03,717.2,13719.9,2477.8,3.41,532006.13,5509.95,2,5,0.0,0.6747,0.1374,0.5279,24.3,1,True
SHP-101949793,DHL,Chennai,Savannah,road,On_Schedule,Machinery,GBP,2022-11-06,2022-11-12,145.5,3119.6,1258.2,5.54,80518.38,6022.38,14,0,0.0,0.0579,0.1197,0.2879,,1,True
SHP-103567806,DB_Schenker,Ningbo,Genoa,air,Customs_Hold,Raw_Materials,USD,2022-08-21,2022-08-23,55.5,6645.6,5182.2,9.24,381.97,10.68,6,5,0.0,0.3595,0.0209,0.4399,,4,True
SHP-102475344,CMA_CGM,Mundra,Houston,sea,Delayed,Chemicals,GBP,2024-12-04,2025-01-02,715.4,1152.8,2772.6,7.85,309887.89,15832.23,2,0,1.3,0.1428,0.133,0.469,21.3,2,True
SHP-102403853,FedEx,Colombo,Singapore,air,In_Transit,Raw_Materials,USD,2024-02-22,2024-02-23,32.6,12737.3,46626.4,73.89,5521.97,439.17,23,3,0.0,0.5462,0.2074,0.2834,,3,True
SHP-101214423,UPS,Rotterdam,Le_Havre,rail,On_Schedule,Chemicals,CNY,2023-08-10,2023-08-16,154.4,5464.0,1635.1,2.98,77235.83,2722.14,8,4,0.0,0.276,0.0772,0.5699,,2,True
SHP-101124424,DB_Schenker,Rotterdam,Le_Havre,air,In_Transit,Chemicals,EUR,2023-12-13,2023-12-14,44.8,10652.9,403.1,0.95,221900.64,8064.88,9,0,0.0,0.5949,0.1058,0.1477,1.6,1,False
SHP-103198042,Kuehne_Nagel,Shanghai,Barcelona,road,On_Schedule,Raw_Materials,EUR,2024-06-25,2024-06-27,55.6,6838.5,945.0,3.36,165702.81,4350.74,24,1,0.0,0.3893,0.077,0.2773,-12.5,2,True
SHP-103699180,FedEx,Felixstowe,Genoa,sea,On_Schedule,Electronics,EUR,2022-05-14,2022-06-04,524.9,4845.1,874.9,2.5,2774206.3,206406.28,9,2,0.0,0.1094,0.1509,0.3473,,1,False
SHP-103814203,UPS,Jebel_Ali,Barcelona,sea,Delivered,Consumer_Goods,USD,2024-02-08,2024-02-21,314.7,1644.1,26.4,0.09,21576.47,730.27,12,0,39.5,0.6944,0.1756,0.1437,,2,True
SHP-103284769,MSC,Tokyo,Antwerp,rail,On_Schedule,Textiles,GBP,2023-10-06,2023-10-07,25.8,2040.1,8335.7,11.04,33949.31,2482.86,20,4,0.0,0.4515,0.0486,0.2383,15.6,2,True
SHP-104029118,CMA_CGM,Shanghai,New_York,sea,Critical_Delay,Automotive,EUR,2022-02-25,2022-03-14,409.1,20900.2,33528.7,58.86,51167.42,1775.58,5,0,19.7,0.1298,0.1499,0.4301,,2,True
SHP-102886051,MSC,Tanjung_Pelepas,Le_Havre,sea,In_Transit,Textiles,GBP,2023-04-03,2023-04-26,574.4,12688.3,172.2,0.3,2414.1,192.14,24,3,0.0,0.5508,0.2593,0.4302,,2,True
SHP-103769958,Yang_Ming,Mumbai,Le_Havre,rail,Delayed,Chemicals,GBP,2023-05-04,2023-05-10,161.1,3464.4,7360.2,11.88,16836.72,544.73,13,3,52.7,0.1994,0.1203,0.1767,,2,False
SHP-103240009,UPS,Guangzhou,Barcelona,air,On_Schedule,Pharmaceuticals,AED,2022-09-20,2022-09-22,62.2,3208.6,6635.1,12.47,22134.94,1433.49,21,5,0.0,0.1762,0.2372,0.0923,,2,False
SHP-101235796,COSCO,Melbourne,Houston,sea,At_Port,Food_Beverage,CNY,2024-05-01,2024-05-23,544.9,11817.0,66801.4,96.65,27813.95,215.61,6,2,0.0,0.5084,0.111,0.2163,,2,False
SHP-103921030,Maersk,Jebel_Ali,Piraeus,sea,Delayed,Raw_Materials,SGD,2022-06-23,2022-07-17,590.7,12810.4,13152.5,28.19,2827328.97,71910.14,6,5,6.0,0.1891,0.155,0.1028,,4,False
SHP-104030477,Kuehne_Nagel,Guangzhou,New_York,sea,At_Port,Consumer_Goods,EUR,2023-01-25,2023-02-06,291.3,20357.2,1220.7,5.57,2720257.89,52535.2,13,0,0.0,0.0793,0.4081,0.3481,,4,False
SHP-104140988,UPS,Tanjung_Pelepas,New_York,sea,Delayed,Consumer_Goods,USD,2024-06-29,2024-07-27,692.7,7040.0,15017.5,55.23,71047.24,1969.8,14,4,45.0,0.6062,0.2428,0.4518,,2,True
SHP-103916815,FedEx,Melbourne,Hamburg,rail,On_Schedule,Raw_Materials,EUR,2023-10-11,2023-10-20,224.4,403.6,167.6,0.26,19385.92,1006.54,7,1,0.0,0.1039,0.1995,0.3427,,2,True
SHP-101215755,COSCO,Hamburg,Antwerp,sea,On_Schedule,Machinery,GBP,2022-06-01,2022-06-25,587.4,14805.5,189.7,0.47,56154.6,3985.25,23,1,0.0,0.2498,0.3567,0.1911,,1,True
SHP-102234874,CMA_CGM,Colombo,New_York,road,In_Transit,Chemicals,GBP,2024-03-15,2024-03-24,228.4,4863.4,242.6,0.73,127902.83,3948.17,2,5,0.0,0.0438,0.0486,0.4142,,3,True
SHP-102545470,Hapag-Lloyd,Colombo,Genoa,sea,In_Transit,Textiles,AED,2024-05-25,2024-06-04,246.3,16777.9,4331.7,13.78,336580.36,7179.23,11,3,0.0,0.4566,0.1769,0.3608,,4,True
SHP-100762831,Evergreen,Guangzhou,Le_Havre,sea,In_Transit,Chemicals,AED,2023-06-16,2023-06-21,138.2,15053.6,200.7,0.25,21277.58,616.11,19,0,0.0,0.1346,0.24,0.2995,,4,False
SHP-103816228,DB_Schenker,Port_Klang,Singapore,sea,On_Schedule,Perishables,CNY,2024-11-01,2024-11-19,443.2,1242.4,579.6,0.79,76824.28,5207.82,19,1,0.0,0.2177,0.3545,0.0803,,4,False
SHP-101592677,Kuehne_Nagel,Tokyo,Houston,rail,Delayed,Electronics,SGD,2024-01-27,2024-01-31,118.2,2465.9,864.2,1.2,24685.32,603.11,24,0,6.8,0.3678,0.5375,0.7428,,4,False
SHP-100001748,Yang_Ming,Dubai,Mumbai,sea,In_Transit,Perishables,AED,2022-04-29,2022-05-14,369.4,3556.8,1390.5,3.87,2141.24,32.24,24,5,0.0,0.2891,0.063,0.039,,3,False
SHP-101890678,Hapag-Lloyd,Mundra,Antwerp,sea,On_Schedule,Automotive,USD,2024-12-22,2025-01-17,629.5,1344.7,2137.0,4.53,81418.58,2685.63,17,0,0.0,0.5935,0.0462,0.3026,3.3,1,True
SHP-104990103,CMA_CGM,Port_Klang,Hamburg,sea,Delivered,Perishables,SGD,2023-05-17,2023-05-26,230.7,19994.4,13487.3,19.01,26028.56,1086.05,24,0,35.0,0.4478,0.433,0.4528,,4,True
SHP-102528383,MSC,Melbourne,Houston,air,In_Transit,Raw_Materials,AED,2024-02-23,2024-02-23,21.5,1506.8,13698.8,55.85,1493.07,108.25,14,5,0.0,0.2606,0.4773,0.2985,18.9,4,False
SHP-104503202,Yang_Ming,Hamburg,Houston,sea,On_Schedule,Food_Beverage,CNY,2024-05-20,2024-06-02,316.8,16138.8,4260.6,6.38,70298.82,2450.43,21,3,0.0,0.4104,0.1014,0.0722,-17.9,1,False
SHP-104377212,Maersk,Tokyo,Miami,sea,Customs_Hold,Chemicals,SGD,2024-02-13,2024-03-13,705.8,14992.5,2466.3,3.65,1146558.99,72358.81,4,0,0.0,0.5376,0.2563,0.3762,,1,True
SHP-103877416,MSC,Mundra,Sydney,sea,Delayed,Raw_Materials,EUR,2022-01-04,2022-01-16,290.1,2179.4,9108.7,35.64,964471.18,65177.18,4,4,10.0,0.2695,0.2902,0.6164,,1,False
SHP-101923111,MSC,Dubai,Felixstowe,road,Critical_Delay,Perishables,EUR,2022-07-22,2022-07-30,194.0,1564.2,126.3,0.17,184225.15,5150.3,19,4,44.8,0.4821,0.3794,0.5168,,3,False
SHP-103007718,Kuehne_Nagel,Antwerp,Los_Angeles,road,In_Transit,Textiles,AED,2023-04-04,2023-04-13,216.8,4573.9,1236.3,1.66,19186.71,211.23,20,5,0.0,0.2091,0.4216,0.111,,4,True
SHP-102797455,UPS,Mumbai,New_York,sea,At_Port,Raw_Materials,GBP,2024-08-25,2024-09-01,169.6,21546.1,7535.6,15.25,3504.38,34.13,5,4,0.0,0.167,0.4036,0.3547,,3,False
SHP-100959396,DB_Schenker,Hamburg,Mumbai,rail,On_Schedule,Automotive,GBP,2023-11-14,2023-11-16,51.4,7161.8,682.1,0.93,82205.71,5915.44,3,1,0.0,0.5456,0.1745,0.3251,,2,True
SHP-103485801,ZIM,Colombo,Los_Angeles,rail,On_Schedule,Automotive,EUR,2024-09-24,2024-09-29,130.3,366.6,402.7,1.55,157418.52,11449.35,21,0,0.0,0.4663,0.3671,0.2704,,2,False
SHP-102252226,CMA_CGM,Rotterdam,Houston,sea,On_Schedule,Raw_Materials,GBP,2022-10-03,2022-10-19,396.8,3133.5,1610.1,2.38,320728.59,4323.54,5,4,0.0,0.6102,0.1911,0.2516,,1,False
SHP-103886791,ZIM,Dubai,Singapore,air,Customs_Hold,Machinery,AED,2023-02-01,2023-02-02,44.7,5526.3,19573.6,62.61,4033168.58,86880.45,21,4,0.0,0.2952,0.2376,0.1509,,2,False
SHP-101384540,CMA_CGM,Colombo,Bremen,sea,On_Schedule,Perishables,GBP,2024-06-17,2024-07-03,407.8,13791.4,3074.5,12.9,86808.33,2580.52,12,4,0.0,0.1082,0.5687,0.5899,,1,True
SHP-103185105,COSCO,Mumbai,Dubai,rail,On_Schedule,Chemicals,AED,2023-02-25,2023-03-03,162.4,231.8,12042.0,28.86,164555.33,12009.16,21,0,0.0,0.4902,0.0604,0.1604,-9.3,2,True
SHP-102142957,ZIM,Antwerp,Sydney,sea,In_Transit,Consumer_Goods,USD,2022-07-21,2022-08-07,422.7,18301.2,1909.0,3.4,36800.48,712.45,15,1,0.0,0.0973,0.0537,0.2925,,3,False
SHP-100645452,ZIM,Colombo,Piraeus,sea,In_Transit,Electronics,USD,2023-08-30,2023-09-28,698.0,1676.3,435.9,1.48,136352.08,3195.15,19,4,0.0,0.1881,0.3504,0.659,,1,True
SHP-102195891,HMM,Shanghai,Singapore,sea,Delivered,Consumer_Goods,SGD,2022-12-08,2022-12-14,148.6,7673.6,3938.4,5.21,11028.6,132.03,3,2,5.4,0.0859,0.1119,0.312,,3,True
SHP-101391898,CMA_CGM,Singapore,Dubai,sea,At_Port,Textiles,USD,2024-05-23,2024-06-04,289.6,14043.1,21277.9,28.82,183627.1,6508.9,8,2,0.0,0.3098,0.1068,0.24,,3,False
SHP-103477513,ZIM,Dubai,Baltimore,sea,At_Port,Electronics,AED,2022-11-25,2022-12-15,496.8,17308.9,1818.4,2.51,48878.14,858.21,19,2,0.0,0.2437,0.0598,0.2307,,1,True
SHP-104846950,HMM,Singapore,Rotterdam,air,In_Transit,Chemicals,AED,2023-09-11,2023-09-11,14.3,1461.1,172.3,0.67,853351.16,65284.36,11,2,0.0,0.1267,0.1701,0.6252,,4,False
SHP-104709024,Hapag-Lloyd,Melbourne,Le_Havre,air,Delayed,Machinery,USD,2023-05-27,2023-05-29,52.9,10346.1,6650.0,11.94,2328327.34,162604.42,24,4,67.9,0.1939,0.1004,0.5722,,4,True
SHP-101850116,Yang_Ming,Melbourne,Rotterdam,sea,Delayed,Pharmaceuticals,USD,2024-01-26,2024-02-07,303.1,11320.6,48.2,0.11,157909.74,12248.77,24,3,9.9,0.1377,0.039,0.3099,,4,False
SHP-100127413,MSC,Busan,Mumbai,air,In_Transit,Consumer_Goods,AED,2024-02-04,2024-02-04,14.0,5510.2,696.5,1.36,354133.34,21686.17,15,5,0.0,0.4563,0.1733,0.4087,,4,True
SHP-104963502,COSCO,Chennai,Singapore,sea,In_Transit,Consumer_Goods,AED,2023-09-18,2023-09-22,113.5,10172.0,1457.6,6.89,294293.25,18517.07,11,4,0.0,0.6026,0.1391,0.1875,,2,False
SHP-102749376,DHL,Shanghai,New_York,sea,Customs_Hold,Consumer_Goods,GBP,2022-01-29,2022-02-08,256.7,19608.6,9149.8,13.25,39657.23,1575.59,9,0,0.0,0.2562,0.5696,0.1709,,3,True
SHP-100631304,MSC,Mumbai,Hamburg,road,On_Schedule,Electronics,AED,2023-11-15,2023-11-16,27.3,3084.5,1798.1,3.7,250086.89,11907.56,4,0,0.0,0.6858,0.2809,0.2942,-8.9,2,False
SHP-104371607,UPS,Mumbai,Le_Havre,rail,On_Schedule,Pharmaceuticals,CNY,2023-01-31,2023-02-01,30.8,6373.6,3123.0,5.76,272.64,7.88,21,2,0.0,0.2144,0.3386,0.2935,,1,True
SHP-101461855,MSC,Mumbai,Los_Angeles,air,At_Port,Electronics,EUR,2023-01-13,2023-01-15,62.1,13484.9,40781.5,64.44,12391.75,474.15,22,2,0.0,0.348,0.3115,0.2085,22.8,1,False
SHP-103509738,ZIM,Felixstowe,Le_Havre,air,On_Schedule,Electronics,GBP,2022-12-27,2022-12-28,29.0,8065.8,3731.9,9.25,938.15,44.8,21,3,0.0,0.249,0.1169,0.3438,,4,True
SHP-101455099,Hapag-Lloyd,Chennai,Mumbai,air,In_Transit,Automotive,CNY,2023-08-06,2023-08-06,18.4,10568.7,14815.5,33.96,162444.83,2543.81,10,3,0.0,0.2367,0.0478,0.036,,4,False
SHP-103964152,FedEx,Tanjung_Pelepas,Houston,air,On_Schedule,Automotive,USD,2024-11-22,2024-11-24,59.6,10029.5,488.1,1.52,90748.92,7015.6,14,3,0.0,0.0986,0.0903,0.4094,,4,True
SHP-101573801,Hapag-Lloyd,Busan,Le_Havre,rail,On_Schedule,Consumer_Goods,AED,2023-07-04,2023-07-08,101.5,5138.0,524.2,0.66,3188.94,122.62,19,2,0.0,0.2998,0.2233,0.161,,3,False
SHP-103276392,Maersk,Colombo,Miami,sea,Customs_Hold,Food_Beverage,AED,2022-04-22,2022-05-04,298.1,16305.6,25363.4,35.15,224587.69,6433.18,9,5,0.0,0.3655,0.2653,0.3719,-14.9,4,False
SHP-100534660,COSCO,Antwerp,Baltimore,rail,On_Schedule,Electronics,GBP,2022-01-16,2022-01-17,24.8,6139.8,2058.0,6.46,520721.76,9577.38,5,4,0.0,0.4913,0.1818,0.4724,,3,True
SHP-103974786,ZIM,Antwerp,Felixstowe,air,On_Schedule,Electronics,USD,2023-10-27,2023-10-29,56.7,12100.9,3273.7,8.33,6721.92,168.77,20,2,0.0,0.4485,0.2279,0.346,,2,True
SHP-103898212,UPS,Mumbai,Dubai,sea,On_Schedule,Food_Beverage,SGD,2022-12-03,2022-12-30,658.3,10437.9,171.2,0.57,81590.78,4437.76,1,1,0.0,0.6752,0.1192,0.3546,,4,False
SHP-101703458,COSCO,Colombo,Genoa,sea,At_Port,Textiles,USD,2024-02-26,2024-03-05,208.5,17770.7,1093.6,1.51,157119.02,7572.24,2,2,0.0,0.4451,0.1735,0.4479,18.5,4,True
SHP-100402847,Maersk,Shanghai,Miami,air,At_Port,Electronics,EUR,2023-04-16,2023-04-17,31.0,4745.6,35725.6,45.87,371720.96,23807.74,24,4,0.0,0.5723,0.3492,0.3556,,2,True
SHP-100205863,Maersk,Rotterdam,Baltimore,sea,Customs_Hold,Electronics,CNY,2023-11-17,2023-11-25,205.6,7749.3,814.4,2.51,1060345.44,7088.91,21,4,0.0,0.3888,0.1319,0.3775,,4,True
SHP-103540384,ZIM,Rotterdam,Singapore,rail,At_Port,Food_Beverage,USD,2023-10-08,2023-10-12,100.5,6115.4,20453.2,71.56,33935.18,2474.86,16,0,0.0,0.4684,0.0817,0.294,,1,True
SHP-100898340,COSCO,Guangzhou,Barcelona,sea,At_Port,Electronics,CNY,2022-08-17,2022-09-04,441.0,7459.5,2468.4,9.35,5300.72,101.99,6,2,0.0,0.6103,0.2526,0.0766,,1,True
SHP-100050980,DB_Schenker,Melbourne,New_York,sea,In_Transit,Consumer_Goods,SGD,2024-04-02,2024-04-16,336.1,5414.6,512.3,0.95,53797.21,2336.77,2,5,0.0,0.2051,0.2458,0.4702,,2,False
SHP-101977309,Yang_Ming,Guangzhou,Baltimore,sea,Delayed,Consumer_Goods,USD,2022-03-12,2022-04-06,618.9,5802.5,747.2,1.2,10883.45,761.75,7,4,9.3,0.0543,0.358,0.1191,,1,True
SHP-103749947,HMM,Tokyo,Mumbai,rail,At_Port,Chemicals,AED,2022-09-03,2022-09-06,88.9,7244.3,233.9,0.98,9106.56,512.25,24,4,0.0,0.2515,0.2988,0.3602,,4,True
SHP-101056583,COSCO,Melbourne,Mumbai,sea,In_Transit,Consumer_Goods,CNY,2024-01-25,2024-02-20,640.7,8926.1,15526.5,57.83,11821.89,615.43,2,0,0.0,0.0768,0.4044,0.5411,10.2,3,True
SHP-104428016,MSC,Jebel_Ali,Valencia,rail,In_Transit,Consumer_Goods,SGD,2023-05-01,2023-05-06,140.0,798.1,2176.8,10.42,17215.21,798.87,15,5,0.0,0.2162,0.1224,0.1268,25.0,2,True
SHP-100198718,Kuehne_Nagel,Mundra,Miami,sea,In_Transit,Machinery,USD,2022-08-16,2022-09-11,636.3,12040.9,8043.1,20.13,178297.03,8585.24,7,5,0.0,0.3946,0.401,0.6239,,2,False
SHP-103204282,COSCO,Jebel_Ali,Houston,sea,Customs_Hold,Consumer_Goods,AED,2023-09-04,2023-09-11,190.6,13260.4,3164.5,7.6,1216215.29,51951.19,4,4,0.0,0.3407,0.2731,0.1135,,2,True
SHP-104992716,ONE,Mundra,Felixstowe,air,On_Schedule,Automotive,USD,2022-01-29,2022-01-30,34.2,5961.1,3965.7,5.8,3638.99,124.83,20,4,0.0,0.5896,0.3177,0.4503,,4,True
SHP-101208576,Kuehne_Nagel,Dubai,Piraeus,sea,In_Transit,Perishables,SGD,2024-07-29,2024-08-08,258.3,21240.0,30775.6,66.52,42926.95,2784.41,2,4,0.0,0.583,0.3511,0.1461,,1,False
SHP-103308544,HMM,Jebel_Ali,Valencia,road,In_Transit,Textiles,EUR,2024-06-26,2024-06-30,114.3,635.5,19610.4,79.07,258494.88,15240.03,14,0,0.0,0.1594,0.6928,0.4723,,2,False
SHP-104226750,DHL,Rotterdam,Valencia,sea,Delayed,Food_Beverage,GBP,2022-11-02,2022-11-16,342.8,20429.9,235616.8,388.78,1320428.89,20517.84,14,4,13.8,0.4267,0.1091,0.6081,22.0,1,False
SHP-103579059,Evergreen,Shanghai,Miami,sea,On_Schedule,Chemicals,GBP,2023-05-14,2023-06-12,706.1,21658.2,490.6,0.96,110161.79,4921.41,3,5,0.0,0.5028,0.1224,0.3588,-8.2,3,False
SHP-102269917,Hapag-Lloyd,Sydney,Antwerp,air,On_Schedule,Textiles,USD,2023-11-26,2023-11-28,70.0,8878.1,12097.4,35.34,155591.64,9099.44,11,2,0.0,0.1554,0.0549,0.6826,,3,True
SHP-104825038,Evergreen,Melbourne,Barcelona,rail,Customs_Hold,Food_Beverage,SGD,2023-05-08,2023-05-10,66.2,2963.5,6612.5,10.08,57299.81,506.01,22,3,0.0,0.5406,0.0347,0.3839,24.7,1,False
SHP-100578775,Kuehne_Nagel,Dubai,Valencia,sea,Delayed,Machinery,CNY,2023-06-21,2023-07-06,362.5,12684.3,1213.2,5.51,104733.45,5268.48,13,0,62.2,0.2742,0.3368,0.3996,,2,True
SHP-104855893,CMA_CGM,Ningbo,Dubai,rail,In_Transit,Electronics,CNY,2023-04-03,2023-04-04,24.1,4530.1,3681.9,13.54,23210.13,1796.17,18,0,0.0,0.0967,0.1387,0.4357,,1,False
SHP-101530414,UPS,Shanghai,New_York,sea,In_Transit,Perishables,SGD,2022-02-24,2022-03-08,293.6,5840.4,2244.3,3.66,62692.26,2741.07,11,1,0.0,0.2667,0.1135,0.4428,,4,False
SHP-100414682,ONE,Busan,Sydney,sea,Customs_Hold,Perishables,USD,2024-05-19,2024-05-31,295.9,20919.6,2397.0,3.49,3222.23,178.59,12,1,0.0,0.1129,0.0891,0.2691,,1,True
SHP-102382259,Kuehne_Nagel,Mundra,Hamburg,rail,Delayed,Food_Beverage,EUR,2024-10-10,2024-10-19,218.3,207.0,1748.6,2.42,14383.66,945.09,4,4,0.1,0.3093,0.2102,0.4479,,4,True
SHP-104180805,MSC,Tanjung_Pelepas,Antwerp,sea,In_Transit,Machinery,SGD,2023-01-12,2023-02-01,480.8,6702.0,407.3,0.96,96438.68,2433.28,21,1,0.0,0.3079,0.1981,0.1243,,4,True
SHP-102766822,UPS,Felixstowe,Baltimore,sea,On_Schedule,Raw_Materials,GBP,2022-02-19,2022-03-09,443.3,9557.8,7272.9,23.67,174904.57,1445.87,12,2,0.0,0.0445,0.3257,0.6624,10.0,4,True
SHP-101992727,MSC,Chennai,New_York,rail,At_Port,Consumer_Goods,SGD,2024-03-13,2024-03-19,160.3,7827.5,3547.0,8.13,758136.62,50782.05,13,5,0.0,0.1964,0.2008,0.294,,3,True
SHP-102703504,UPS,Mundra,Houston,sea,Delivered,Food_Beverage,CNY,2022-11-20,2022-12-06,395.8,9982.0,12012.5,25.25,31041.29,2104.31,22,2,55.8,0.1859,0.5227,0.1864,-15.1,3,True
SHP-100192482,UPS,Mundra,Houston,sea,On_Schedule,Food_Beverage,AED,2023-01-16,2023-02-07,540.1,2689.0,490.2,0.97,10106.89,578.34,7,3,0.0,0.3208,0.2542,0.3975,0.7,1,False
SHP-104052995,Yang_Ming,Colombo,Los_Angeles,air,At_Port,Perishables,GBP,2023-04-05,2023-04-06,24.3,4385.4,123.4,0.16,12203.73,328.44,1,1,0.0,0.1248,0.377,0.2725,,1,False
SHP-103704949,Maersk,Chennai,Baltimore,air,On_Schedule,Machinery,GBP,2023-02-27,2023-03-01,64.4,12527.2,1517.1,3.26,6774.28,516.61,3,0,0.0,0.15,0.0732,0.5971,,2,True
SHP-101529431,Maersk,Melbourne,Antwerp,sea,On_Schedule,Textiles,AED,2024-01-14,2024-02-12,717.4,20735.5,666.9,1.02,36037893.17,2170864.23,10,4,0.0,0.5649,0.3175,0.3876,,4,False
SHP-100759549,UPS,Melbourne,Barcelona,air,In_Transit,Chemicals,GBP,2023-09-28,2023-09-28,12.5,14880.4,7880.5,11.61,31372.86,609.27,20,1,0.0,0.2976,0.2302,0.3839,,3,True
SHP-104906497,Kuehne_Nagel,Mundra,Piraeus,sea,At_Port,Pharmaceuticals,CNY,2024-09-22,2024-10-04,297.4,12043.7,43732.2,108.89,69158.75,3031.17,2,2,0.0,0.413,0.0221,0.7614,22.0,1,True
SHP-102029534,UPS,Shanghai,Piraeus,sea,At_Port,Consumer_Goods,USD,2022-01-15,2022-01-24,238.7,2883.0,288.7,0.46,501713.99,19427.89,20,2,0.0,0.3829,0.1043,0.5001,,1,False
SHP-100444165,Yang_Ming,Singapore,Genoa,sea,On_Schedule,Perishables,GBP,2022-08-22,2022-08-28,163.3,1936.9,3670.8,7.87,1122147.87,36468.24,3,1,0.0,0.1936,0.1322,0.0501,,4,False
SHP-100520946,CMA_CGM,Dubai,Los_Angeles,rail,On_Schedule,Raw_Materials,GBP,2023-11-01,2023-11-09,192.2,7986.5,2833.4,3.85,342581.23,5696.86,5,1,0.0,0.2452,0.2032,0.4636,,1,False
SHP-100781847,Kuehne_Nagel,Hamburg,Sydney,road,Delivered,Food_Beverage,CNY,2024-07-12,2024-07-20,192.5,2435.6,3733.3,18.56,58807.05,4185.98,21,4,5.4,0.6278,0.2225,0.3017,,1,True
SHP-102224999,Kuehne_Nagel,Shanghai,Hamburg,air,On_Schedule,Automotive,CNY,2023-09-20,2023-09-22,61.3,5199.2,160262.0,214.24,73386.89,1626.8,11,2,0.0,0.5331,0.2466,0.4613,,3,False
SHP-100273919,HMM,Sydney,Bremen,sea,On_Schedule,Electronics,CNY,2022-05-13,2022-06-06,588.9,5456.2,3096.0,14.75,79452.8,5800.26,7,5,0.0,0.5809,0.4864,0.071,,1,False
SHP-104600419,Maersk,Busan,Genoa,air,In_Transit,Raw_Materials,CNY,2023-12-15,2023-12-17,62.2,12608.2,32150.9,92.47,15057.09,413.96,1,5,0.0,0.2203,0.1466,0.5559,,3,False
SHP-103601648,Maersk,Mundra,Los_Angeles,sea,Customs_Hold,Perishables,SGD,2024-05-12,2024-06-01,483.2,848.0,3299.4,10.51,65539.52,4308.81,8,4,0.0,0.7226,0.5026,0.1279,-7.8,3,True
SHP-101579212,Hapag-Lloyd,Guangzhou,Dubai,sea,In_Transit,Electronics,CNY,2023-08-09,2023-09-05,652.0,15407.7,2157.9,2.81,23636.09,495.14,14,0,0.0,0.2301,0.2386,0.1021,,3,True
SHP-102833668,FedEx,Port_Klang,Savannah,sea,In_Transit,Automotive,CNY,2024-08-01,2024-08-16,376.6,17730.8,7972.0,16.12,109160.34,2424.36,5,1,0.0,0.4213,0.4019,0.4747,7.5,2,True
SHP-104655428,HMM,Tokyo,Hamburg,sea,On_Schedule,Automotive,GBP,2023-01-25,2023-02-15,508.1,18896.6,25.6,0.04,60078.67,1165.18,7,2,0.0,0.3723,0.1348,0.2244,,3,True
SHP-101795461,FedEx,Antwerp,Mumbai,sea,In_Transit,Chemicals,CNY,2024-12-28,2025-01-19,541.3,3692.7,1762.7,2.69,20746.75,444.47,5,0,0.0,0.4475,0.0826,0.0658,,4,False
SHP-100248346,ONE,Rotterdam,Genoa,road,On_Schedule,Automotive,AED,2023-09-10,2023-09-19,226.2,4767.0,1827.2,5.02,66946.68,4319.1,24,0,0.0,0.3238,0.2565,0.582,,1,True
SHP-101508889,CMA_CGM,Guangzhou,Sydney,sea,Customs_Hold,Food_Beverage,AED,2024-01-27,2024-02-07,280.3,3236.1,1554.0,3.2,342792.32,13973.43,17,1,0.0,0.4947,0.2326,0.3756,-14.7,4,True
SHP-102757711,DHL,Jebel_Ali,Sydney,sea,Delivered,Food_Beverage,EUR,2023-11-09,2023-11-21,302.8,6296.1,2384.8,3.76,7267.41,515.58,5,0,5.1,0.2237,0.3856,0.403,,4,True
SHP-101385306,ONE,Tokyo,Genoa,road,Customs_Hold,Chemicals,SGD,2024-08-01,2024-08-02,47.8,1863.1,5083.0,6.49,852.77,8.29,23,0,0.0,0.465,0.2474,0.4067,,4,True
SHP-102006242,Maersk,Jebel_Ali,Houston,air,On_Schedule,Automotive,USD,2023-09-07,2023-09-07,16.8,5157.6,61.7,0.25,937962.33,66042.16,1,1,0.0,0.0969,0.2256,0.4883,,4,False
SHP-104333454,Kuehne_Nagel,Port_Klang,Singapore,air,On_Schedule,Electronics,USD,2024-12-07,2024-12-08,28.7,14241.7,96219.0,130.19,17527.48,143.89,6,0,0.0,0.1614,0.1039,0.0371,,4,True
SHP-100181864,DHL,Colombo,Valencia,air,On_Schedule,Raw_Materials,AED,2022-08-13,2022-08-13,18.2,13518.3,70231.6,136.15,349334.53,2320.17,3,0,0.0,0.1456,0.1069,0.169,,3,True
SHP-102766484,COSCO,Hamburg,Barcelona,road,On_Schedule,Consumer_Goods,CNY,2024-03-26,2024-03-29,76.2,4083.0,1401.7,5.95,27393.74,1070.45,15,3,0.0,0.3484,0.2716,0.4266,,3,True
SHP-100667261,DB_Schenker,Hamburg,Valencia,sea,Delivered,Machinery,CNY,2024-01-04,2024-01-10,154.1,16765.6,51561.6,132.31,5735835.93,451397.38,14,5,5.0,0.3687,0.6804,0.1653,-1.0,4,True
SHP-103899721,Maersk,Melbourne,Miami,sea,In_Transit,Machinery,CNY,2022-10-06,2022-10-21,382.5,3426.6,253762.4,414.8,5528.05,216.35,12,1,0.0,0.1879,0.347,0.6098,12.1,2,True
SHP-102893470,Hapag-Lloyd,Chennai,Le_Havre,sea,In_Transit,Chemicals,GBP,2024-05-08,2024-06-04,661.6,14555.1,4461.3,5.94,66784.02,4440.22,23,2,0.0,0.2039,0.0885,0.5823,11.4,2,True
SHP-100689369,UPS,Rotterdam,Houston,sea,Delayed,Raw_Materials,CNY,2022-10-24,2022-11-06,325.5,2046.5,300.8,0.5,39682.08,2416.28,9,2,21.9,0.1658,0.1191,0.606,,2,True
SHP-100719727,FedEx,Felixstowe,Felixstowe,sea,On_Schedule,Consumer_Goods,USD,2024-12-26,2025-01-22,653.7,9537.7,30171.9,48.39,114499.81,8789.51,12,0,0.0,0.3773,0.4567,0.46,,3,True
SHP-102613553,Yang_Ming,Jebel_Ali,Genoa,sea,At_Port,Raw_Materials,CNY,2022-10-03,2022-10-28,608.4,4709.3,2384.0,3.76,126177.48,977.71,5,1,0.0,0.2509,0.05,0.0926,17.7,1,True
SHP-100897495,ZIM,Ningbo,Bremen,rail,On_Schedule,Automotive,USD,2023-12-17,2023-12-18,43.4,5885.6,14748.6,70.39,351942.77,23717.25,18,4,0.0,0.2946,0.422,0.1268,,1,True
SHP-103996710,ZIM,Dubai,Dubai,sea,Delayed,Consumer_Goods,SGD,2023-02-23,2023-03-06,282.9,1818.3,11514.4,17.89,11379.77,760.72,9,1,7.1,0.3656,0.1853,0.4722,,2,True
SHP-104943939,Hapag-Lloyd,Port_Klang,Le_Havre,sea,Delayed,Machinery,CNY,2022-03-26,2022-04-14,463.9,16352.8,1491.4,6.3,75941.28,2144.51,17,3,1.7,0.7397,0.354,0.2629,,3,True
SHP-102944031,MSC,Guangzhou,Baltimore,road,In_Transit,Food_Beverage,AED,2024-11-21,2024-11-29,211.1,948.6,18487.6,45.34,9616.43,673.81,4,0,0.0,0.2139,0.096,0.0976,,1,False
SHP-102006236,UPS,Ningbo,Le_Havre,sea,Delivered,Textiles,GBP,2023-11-30,2023-12-15,370.8,1223.7,1876.0,5.24,27392.72,1095.02,2,3,37.8,0.2821,0.1288,0.0601,,4,True
SHP-103505574,CMA_CGM,Antwerp,New_York,sea,Delayed,Raw_Materials,SGD,2024-09-07,2024-09-20,324.1,9668.0,25779.8,89.26,172506.54,7535.31,10,1,0.4,0.356,0.2816,0.3271,,3,True
SHP-100024482,Yang_Ming,Sydney,Baltimore,air,At_Port,Raw_Materials,EUR,2023-07-07,2023-07-09,71.7,2495.4,161803.9,310.2,643498.01,43708.99,3,3,0.0,0.3892,0.2453,0.3435,,2,False
SHP-101443831,Kuehne_Nagel,Jebel_Ali,Piraeus,rail,Critical_Delay,Textiles,CNY,2024-09-19,2024-09-24,133.4,2323.0,9016.8,15.27,8239.76,540.64,8,5,1.3,0.2083,0.4406,0.2016,,1,True
SHP-100596133,Yang_Ming,Mundra,Singapore,rail,Customs_Hold,Machinery,USD,2022-10-27,2022-11-05,228.4,2579.5,2963.6,6.23,5720.53,99.36,8,2,0.0,0.1877,0.0317,0.1977,,2,True
SHP-100686605,Yang_Ming,Jebel_Ali,Los_Angeles,sea,In_Transit,Automotive,EUR,2023-04-25,2023-05-12,410.4,13903.4,5809.7,8.3,427.77,25.27,2,4,0.0,0.27,0.0803,0.4402,,4,False
SHP-102250506,Kuehne_Nagel,Colombo,Hamburg,air,Customs_Hold,Consumer_Goods,GBP,2022-04-19,2022-04-19,21.4,5353.9,102696.5,150.67,167940.99,12560.33,9,5,0.0,0.0626,0.2186,0.6098,,2,True
SHP-101555278,Yang_Ming,Ningbo,Le_Havre,sea,In_Transit,Food_Beverage,SGD,2022-12-16,2023-01-06,526.3,14209.7,9371.7,14.47,611101.75,25048.26,9,3,0.0,0.161,0.0356,0.3903,,2,True
SHP-102359580,ONE,Shanghai,Singapore,air,In_Transit,Consumer_Goods,SGD,2024-10-29,2024-10-31,54.4,4283.0,7001.3,10.38,881872.91,49674.59,20,0,0.0,0.1226,0.1046,0.2038,-16.9,4,True
SHP-102058779,ZIM,Melbourne,Miami,air,Customs_Hold,Perishables,USD,2022-02-17,2022-02-18,37.5,2022.7,952.1,1.49,9811.5,723.87,21,1,0.0,0.0806,0.299,0.039,26.3,3,True
SHP-102556811,CMA_CGM,Mumbai,Los_Angeles,rail,Critical_Delay,Machinery,EUR,2023-12-12,2023-12-16,103.6,2573.5,487.1,1.09,28578.98,1270.99,8,0,15.0,0.1623,0.5947,0.2129,,4,True
SHP-102625040,HMM,Jebel_Ali,Felixstowe,sea,In_Transit,Automotive,EUR,2022-06-12,2022-06-26,354.4,13649.2,10015.6,15.5,426269.95,13673.33,4,0,0.0,0.2539,0.0217,0.0912,,2,True
SHP-100790031,ZIM,Antwerp,Piraeus,rail,At_Port,Machinery,SGD,2022-08-24,2022-08-29,136.1,794.2,15082.9,33.28,2786.22,182.24,23,1,0.0,0.2669,0.1558,0.3044,,2,True
SHP-100498990,HMM,Mundra,Hamburg,sea,Delayed,Automotive,AED,2022-10-15,2022-10-27,296.6,15738.4,926.3,3.48,102610.03,3020.4,8,4,20.6,0.7346,0.1083,0.3855,,2,True
SHP-104170393,CMA_CGM,Shanghai,Baltimore,sea,On_Schedule,Machinery,GBP,2024-04-26,2024-05-11,361.2,20585.5,1539.9,4.42,975989.69,18825.81,22,1,0.0,0.0957,0.0253,0.3313,,1,False
SHP-100649709,FedEx,Ningbo,Baltimore,sea,On_Schedule,Food_Beverage,SGD,2024-05-09,2024-05-27,452.3,4218.0,113.9,0.3,818414.19,20047.05,20,0,0.0,0.2701,0.0743,0.4513,,2,True
SHP-100030853,DHL,Tanjung_Pelepas,Rotterdam,rail,Delayed,Textiles,AED,2024-01-16,2024-01-22,154.9,4108.3,5678.5,21.03,1084269.41,78113.9,20,5,32.1,0.424,0.1989,0.0867,,2,False
SHP-100059877,Evergreen,Antwerp,Baltimore,air,Customs_Hold,Chemicals,GBP,2024-06-10,2024-06-11,43.5,2183.5,3345.5,5.48,275073.91,7862.13,9,2,0.0,0.4639,0.0215,0.2996,-16.4,2,True
SHP-101376855,Yang_Ming,Dubai,Miami,sea,On_Schedule,Food_Beverage,EUR,2022-06-13,2022-07-07,593.3,5592.4,186.2,0.69,369755.9,17295.63,23,3,0.0,0.0921,0.0761,0.207,,2,True
SHP-102382151,Yang_Ming,Tanjung_Pelepas,Bremen,sea,Delivered,Raw_Materials,USD,2024-04-02,2024-04-17,360.2,15732.9,183.2,0.23,132007.88,6717.48,13,4,2.1,0.5154,0.403,0.2967,-0.3,4,True
SHP-101357787,COSCO,Shanghai,Hamburg,sea,On_Schedule,Machinery,GBP,2024-04-05,2024-04-12,192.0,16806.0,233.3,0.67,11072.6,652.68,18,4,0.0,0.3179,0.3204,0.1267,,1,True
SHP-104323741,Maersk,Shanghai,Baltimore,sea,In_Transit,Perishables,CNY,2023-10-15,2023-10-31,399.2,9062.4,199.2,0.26,2786.32,23.85,22,2,0.0,0.1617,0.3146,0.1227,,4,False
SHP-104735660,Evergreen,Felixstowe,Baltimore,sea,Delayed,Textiles,USD,2023-03-09,2023-03-15,159.2,15550.0,6715.7,9.89,117974.81,1031.3,24,1,29.0,0.2697,0.2045,0.2884,19.7,1,True
SHP-104763491,Evergreen,Port_Klang,Dubai,sea,On_Schedule,Automotive,USD,2024-02-29,2024-03-23,574.9,11353.8,124.7,0.21,636884.28,39296.12,15,2,0.0,0.2864,0.0317,0.5935,,2,False
SHP-103811746,Hapag-Lloyd,Hamburg,Rotterdam,sea,On_Schedule,Machinery,SGD,2023-04-20,2023-05-16,641.2,19103.8,276.3,0.41,152570.62,4828.13,9,3,0.0,0.0404,0.3124,0.1372,8.3,4,True
SHP-100715287,CMA_CGM,Chennai,Miami,sea,Delayed,Automotive,SGD,2023-06-03,2023-06-21,434.5,20786.1,1253.7,2.17,21354.58,1200.57,16,3,50.4,0.2462,0.318,0.4793,,2,True
SHP-104819263,Maersk,Melbourne,Felixstowe,sea,Delivered,Chemicals,USD,2022-10-29,2022-11-21,562.8,2996.0,68352.3,207.62,313074.2,12180.02,3,5,25.9,0.1949,0.2865,0.1379,,3,True
SHP-101857925,DB_Schenker,Port_Klang,Los_Angeles,sea,On_Schedule,Perishables,AED,2022-04-17,2022-05-13,631.4,17668.9,290.2,1.3,1297529.64,61589.14,10,5,0.0,0.3637,0.0096,0.6617,,4,True
SHP-101858546,FedEx,Felixstowe,Valencia,sea,Critical_Delay,Electronics,EUR,2023-10-22,2023-11-13,551.4,18827.8,3895.6,4.9,27248.67,1783.22,19,5,49.0,0.0943,0.0968,0.218,,3,False
SHP-100361112,Hapag-Lloyd,Sydney,Genoa,sea,On_Schedule,Perishables,USD,2022-09-01,2022-09-11,256.5,20429.9,96525.9,146.56,61755.25,3739.49,6,2,0.0,0.0562,0.4751,0.083,,2,True
SHP-104155107,Evergreen,Port_Klang,Los_Angeles,air,In_Transit,Automotive,SGD,2023-11-30,2023-12-02,70.2,13380.5,1003.1,2.01,49207.1,3437.85,17,4,0.0,0.422,0.1467,0.1805,,4,False
SHP-104753745,Hapag-Lloyd,Ningbo,Dubai,air,On_Schedule,Textiles,GBP,2024-07-03,2024-07-03,22.8,7982.0,67.5,0.1,42842.56,2289.28,3,3,0.0,0.5436,0.1419,0.3361,,1,True
SHP-100884453,Maersk,Tanjung_Pelepas,Felixstowe,air,In_Transit,Textiles,CNY,2023-01-05,2023-01-07,69.1,10231.9,265.2,0.63,5478.38,306.89,4,2,0.0,0.0644,0.1361,0.1733,,2,False
SHP-103448040,Yang_Ming,Hamburg,Rotterdam,air,Delayed,Chemicals,GBP,2024-08-06,2024-08-06,21.1,5998.0,1584.8,4.17,228316.26,8482.09,21,5,3.7,0.3983,0.0179,0.5647,,1,False
SHP-102614860,Kuehne_Nagel,Hamburg,Houston,sea,On_Schedule,Consumer_Goods,EUR,2024-12-26,2025-01-17,543.7,5145.5,16804.7,21.51,636.24,36.39,3,3,0.0,0.6069,0.4712,0.4027,,2,False
SHP-104185633,COSCO,Jebel_Ali,Sydney,sea,At_Port,Raw_Materials,GBP,2022-01-28,2022-02-02,139.9,19583.2,139947.6,186.47,435120.71,25701.82,15,3,0.0,0.3684,0.1423,0.4385,26.7,2,False
SHP-103935696,Yang_Ming,Rotterdam,Sydney,air,On_Schedule,Raw_Materials,AED,2022-03-22,2022-03-23,43.1,9587.2,1438.0,4.36,16874.64,951.14,3,3,0.0,0.3831,0.0202,0.3271,,3,False
SHP-104516405,CMA_CGM,Chennai,Houston,sea,On_Schedule,Machinery,GBP,2022-03-10,2022-04-01,550.1,19268.5,40622.6,55.41,136068.6,2944.55,12,1,0.0,0.1511,0.1989,0.3775,11.1,1,True
SHP-104941716,ONE,Busan,Baltimore,road,In_Transit,Chemicals,GBP,2023-09-10,2023-09-15,133.2,7488.4,2214.1,5.44,132310.58,10367.54,8,0,0.0,0.1157,0.1882,0.2408,,3,False
SHP-100200264,ONE,Hamburg,Le_Havre,sea,On_Schedule,Electronics,SGD,2023-12-19,2024-01-03,366.8,5308.7,183.3,0.46,23087.5,672.62,19,1,0.0,0.3333,0.1939,0.34,-17.5,3,True
SHP-103095617,UPS,Shanghai,Genoa,sea,Delivered,Raw_Materials,AED,2023-09-06,2023-09-25,461.5,11854.4,9599.2,15.82,2265564.62,159370.77,9,3,14.5,0.286,0.2068,0.3703,,3,False
SHP-104322997,Kuehne_Nagel,Ningbo,Dubai,sea,Delayed,Textiles,AED,2023-06-17,2023-07-08,522.8,13281.1,10288.2,44.9,96279.4,3127.91,19,5,5.2,0.392,0.0409,0.3136,-8.3,2,False
SHP-101871017,DB_Schenker,Guangzhou,Savannah,rail,In_Transit,Automotive,SGD,2023-07-18,2023-07-25,172.0,3755.2,20473.5,35.09,231741.39,8235.96,20,5,0.0,0.3906,0.3187,0.4044,,1,True
SHP-102942159,Kuehne_Nagel,Mumbai,Sydney,air,On_Schedule,Pharmaceuticals,GBP,2023-03-31,2023-03-31,15.6,11684.7,513.6,0.9,246771.07,18183.14,21,5,0.0,0.161,0.0899,0.293,,1,True
SHP-104727364,Hapag-Lloyd,Jebel_Ali,Mumbai,sea,In_Transit,Machinery,CNY,2022-06-13,2022-07-07,590.3,14473.2,15605.9,42.74,235273.14,16695.25,13,1,0.0,0.3547,0.0335,0.2008,,1,False
SHP-104357165,Yang_Ming,Antwerp,Bremen,sea,In_Transit,Chemicals,USD,2022-09-07,2022-10-04,658.9,4056.7,1652.1,2.54,16017.55,307.63,11,3,0.0,0.3096,0.3171,0.0988,,3,True
SHP-103910040,CMA_CGM,Shanghai,Antwerp,sea,On_Schedule,Electronics,EUR,2022-04-12,2022-04-16,107.6,8513.4,106981.5,466.61,36109.84,1173.35,16,0,0.0,0.2649,0.21,0.4668,,4,True
SHP-104057653,MSC,Felixstowe,Felixstowe,air,At_Port,Raw_Materials,USD,2024-09-11,2024-09-11,13.3,3452.4,4496.9,10.25,34826.44,2517.38,7,5,0.0,0.2891,0.0158,0.329,,2,False
SHP-101591228,HMM,Mundra,Mumbai,sea,Customs_Hold,Textiles,USD,2024-10-19,2024-10-25,166.6,5352.1,10486.6,22.08,102212.69,6123.53,5,2,0.0,0.3516,0.218,0.2698,6.8,4,False
SHP-100589498,MSC,Chennai,Dubai,sea,In_Transit,Automotive,SGD,2022-06-11,2022-06-17,160.2,20864.5,3144.0,12.14,81314.49,2817.01,14,1,0.0,0.0958,0.2018,0.689,,3,True
SHP-103941031,COSCO,Dubai,Felixstowe,road,At_Port,Automotive,SGD,2022-06-20,2022-06-28,196.8,2778.0,20739.9,56.95,3046.92,118.23,18,3,0.0,0.4177,0.3071,0.048,-4.3,1,False
SHP-104731663,DB_Schenker,Busan,Hamburg,sea,On_Schedule,Automotive,USD,2023-04-11,2023-05-05,599.6,5976.8,57.3,0.08,95029.33,4343.18,7,0,0.0,0.5472,0.034,0.6228,-19.6,1,True
SHP-103087258,ONE,Colombo,Piraeus,sea,At_Port,Textiles,USD,2022-06-15,2022-07-13,674.8,5824.6,290.3,0.91,374572.11,4126.29,12,5,0.0,0.0556,0.1342,0.3019,,1,True
SHP-101173413,Evergreen,Singapore,Antwerp,sea,In_Transit,Machinery,GBP,2024-04-25,2024-05-20,602.2,15066.7,6423.7,18.61,7280.77,274.51,7,0,0.0,0.2556,0.1363,0.1943,,2,False
SHP-101437917,HMM,Guangzhou,New_York,sea,On_Schedule,Chemicals,AED,2023-01-08,2023-01-27,458.9,14193.1,63382.3,154.84,561000.89,16907.5,16,1,0.0,0.3295,0.0122,0.1263,,2,False
SHP-103620710,Yang_Ming,Mumbai,Genoa,road,Delivered,Automotive,USD,2022-01-18,2022-01-23,120.9,279.5,5536.6,7.57,27872.45,1945.85,9,3,10.8,0.2588,0.2126,0.3856,-1.9,2,True
SHP-101719304,Yang_Ming,Mumbai,Singapore,air,In_Transit,Raw_Materials,GBP,2022-05-02,2022-05-02,20.8,8304.0,14645.5,26.23,84498.64,5711.21,5,0,0.0,0.0252,0.0571,0.2346,2.0,1,True
SHP-100969556,DHL,Hamburg,Baltimore,sea,At_Port,Machinery,AED,2024-12-16,2025-01-01,400.3,13267.6,117.2,0.24,44819.97,2308.04,21,1,0.0,0.3984,0.0292,0.198,-10.4,1,True
SHP-103607952,ONE,Jebel_Ali,Bremen,air,On_Schedule,Food_Beverage,CNY,2022-07-24,2022-07-26,50.7,5686.7,666.3,0.88,41723.09,681.95,3,3,0.0,0.1944,0.0622,0.4247,,4,True
SHP-103188527,UPS,Antwerp,Felixstowe,rail,On_Schedule,Perishables,GBP,2024-12-16,2024-12-19,86.1,5155.1,118.0,0.15,26418.01,1632.75,19,0,0.0,0.1934,0.019,0.5101,,4,True
SHP-100542593,ZIM,Mundra,Piraeus,sea,Critical_Delay,Pharmaceuticals,EUR,2024-02-19,2024-03-01,283.8,17794.1,1264.6,2.05,591654.81,17814.68,9,2,68.1,0.392,0.1825,0.6311,-1.9,4,True
SHP-100617717,COSCO,Tokyo,Valencia,sea,Delayed,Food_Beverage,AED,2023-03-20,2023-04-04,372.8,8650.9,133.9,0.19,549.63,38.37,2,2,7.4,0.3261,0.2359,0.2795,-8.2,2,False
SHP-103539284,Hapag-Lloyd,Tanjung_Pelepas,New_York,sea,In_Transit,Electronics,USD,2023-12-21,2024-01-03,334.2,14984.7,17593.3,30.12,7530.84,309.06,5,5,0.0,0.1093,0.3936,0.1146,,1,True
SHP-102947486,ONE,Guangzhou,Antwerp,road,Delayed,Pharmaceuticals,CNY,2024-08-04,2024-08-08,117.4,1448.6,75044.8,110.56,512088.2,15040.8,2,3,63.4,0.3166,0.0847,0.1273,,3,False
SHP-101654251,Evergreen,Hamburg,Hamburg,air,In_Transit,Consumer_Goods,CNY,2022-09-16,2022-09-17,33.8,7446.0,7552.2,20.49,24508.14,372.57,5,3,0.0,0.1078,0.1873,0.6043,,3,True
SHP-103442714,Maersk,Shanghai,Antwerp,air,Delayed,Pharmaceuticals,EUR,2022-05-21,2022-05-22,25.2,6712.0,325.0,0.43,165297.87,6069.52,12,1,2.5,0.5043,0.1691,0.2186,,3,True
SHP-104059957,Maersk,Colombo,Valencia,road,On_Schedule,Chemicals,AED,2024-04-03,2024-04-11,192.1,1540.9,3827.8,6.66,1063660.63,22011.11,7,5,0.0,0.5977,0.058,0.2439,,1,True
SHP-104664419,DHL,Sydney,Genoa,sea,Delivered,Textiles,CNY,2024-04-11,2024-04-16,135.7,6945.7,9648.2,17.12,22561.61,490.71,12,3,26.3,0.3103,0.2049,0.1282,,4,False
SHP-103665475,CMA_CGM,Melbourne,Houston,sea,In_Transit,Automotive,SGD,2023-07-12,2023-07-19,169.8,11873.5,540.1,1.13,93265.47,2936.13,3,5,0.0,0.3871,0.0789,0.1639,8.4,4,True
SHP-102759509,Evergreen,Rotterdam,Antwerp,sea,In_Transit,Raw_Materials,AED,2022-01-14,2022-01-21,190.4,3637.0,42.7,0.07,17841.27,362.86,7,3,0.0,0.1389,0.2142,0.5518,,2,False
SHP-100523058,Evergreen,Tokyo,Bremen,air,At_Port,Pharmaceuticals,SGD,2024-03-21,2024-03-21,14.4,5945.6,1705.8,3.28,1921.44,148.47,24,3,0.0,0.2136,0.2022,0.4603,22.0,1,True
SHP-104013207,COSCO,Busan,Le_Havre,sea,On_Schedule,Automotive,GBP,2022-12-23,2023-01-08,397.7,12538.6,891.0,1.39,11403.56,457.79,12,4,0.0,0.1565,0.1372,0.4056,-15.3,4,False
SHP-103010492,MSC,Tanjung_Pelepas,Rotterdam,road,On_Schedule,Chemicals,AED,2024-02-11,2024-02-20,226.8,5501.2,8805.6,14.65,426526.33,8231.02,16,5,0.0,0.5138,0.2536,0.5002,,1,True
SHP-104738720,FedEx,Rotterdam,Barcelona,sea,Customs_Hold,Raw_Materials,AED,2022-03-19,2022-03-28,223.5,824.9,889.4,1.31,698955.95,46869.34,6,3,0.0,0.6613,0.0707,0.1795,-16.4,2,True
SHP-100746556,Evergreen,Colombo,Sydney,rail,On_Schedule,Electronics,EUR,2022-06-20,2022-06-26,144.3,7233.0,119.2,0.19,1831.99,29.73,18,1,0.0,0.3931,0.2347,0.333,,1,True
SHP-104330750,ONE,Mundra,Barcelona,sea,On_Schedule,Textiles,EUR,2023-08-16,2023-08-20,106.2,16774.5,1344.0,3.24,15442.24,523.59,10,3,0.0,0.2346,0.3883,0.5052,,1,False
SHP-100542689,ZIM,Mundra,Hamburg,air,On_Schedule,Food_Beverage,EUR,2022-05-23,2022-05-24,36.8,4930.5,5008.4,10.61,72244.23,4636.22,24,3,0.0,0.1047,0.5353,0.1373,-0.3,1,True
SHP-100917496,Evergreen,Ningbo,Valencia,sea,Customs_Hold,Electronics,USD,2022-03-23,2022-03-28,122.1,5610.5,1333.1,4.42,28995.93,1100.65,8,3,0.0,0.2085,0.09,0.2196,13.8,2,False
SHP-103681495,Yang_Ming,Sydney,Hamburg,rail,Delayed,Raw_Materials,CNY,2023-01-02,2023-01-10,208.5,1521.2,398.9,0.55,254112.45,17685.59,18,0,0.6,0.2333,0.2725,0.5767,,2,False
SHP-100015430,CMA_CGM,Tokyo,Hamburg,air,Delayed,Machinery,EUR,2022-09-01,2022-09-03,64.9,8391.7,4467.6,9.86,554742.32,8204.65,21,5,22.3,0.2894,0.1107,0.3994,9.6,1,True
SHP-101195850,COSCO,Tokyo,Savannah,sea,Delayed,Pharmaceuticals,SGD,2023-07-05,2023-07-23,447.4,16413.6,3539.6,7.53,39908.12,1362.52,9,4,53.5,0.2918,0.1523,0.1065,-5.5,3,False
SHP-102616063,MSC,Jebel_Ali,Savannah,road,At_Port,Raw_Materials,EUR,2024-10-28,2024-11-05,201.5,3402.7,125.1,0.23,897676.41,70609.9,23,5,0.0,0.1124,0.1735,0.4656,-19.8,1,True
SHP-103288761,HMM,Busan,Savannah,sea,Delayed,Machinery,USD,2024-11-25,2024-12-22,671.8,17477.3,558.7,1.4,2608.57,91.02,19,0,54.6,0.4859,0.0267,0.4355,-12.1,1,True
SHP-100157911,Evergreen,Guangzhou,Antwerp,sea,Critical_Delay,Perishables,AED,2023-10-16,2023-11-02,412.2,15980.6,4226.0,6.25,101212.21,1588.52,12,2,20.3,0.2977,0.7043,0.4745,,4,True
SHP-101128321,ZIM,Busan,Antwerp,rail,In_Transit,Electronics,USD,2024-08-20,2024-08-24,107.4,2743.5,13561.3,26.82,25702.14,1424.31,7,3,0.0,0.2732,0.0207,0.0845,,3,True
SHP-102489361,Kuehne_Nagel,Busan,Genoa,sea,On_Schedule,Perishables,SGD,2024-08-27,2024-09-20,599.7,6844.8,117.2,0.26,119166.62,1779.56,16,0,0.0,0.2271,0.261,0.329,9.5,2,True
SHP-101905135,Maersk,Sydney,Houston,sea,Delayed,Pharmaceuticals,GBP,2022-08-15,2022-08-22,184.2,1472.6,38509.0,49.49,27751.33,1842.29,15,3,54.7,0.4324,0.3596,0.6693,,2,False
SHP-102222756,FedEx,Busan,Hamburg,rail,Customs_Hold,Chemicals,USD,2024-09-14,2024-09-22,205.8,6917.2,280738.6,1313.8,90728.96,2071.42,12,3,0.0,0.1941,0.3394,0.6863,-11.4,1,False
SHP-100747346,UPS,Melbourne,Barcelona,road,At_Port,Automotive,USD,2023-06-15,2023-06-22,182.2,6143.9,148424.8,201.94,109623.71,2817.06,8,3,0.0,0.1818,0.0669,0.1322,,4,True
SHP-102283065,Evergreen,Ningbo,Miami,sea,On_Schedule,Electronics,AED,2024-05-09,2024-05-27,453.2,6836.1,14288.2,56.6,160324.17,3244.77,15,4,0.0,0.3646,0.3418,0.338,-13.8,2,True
SHP-102743786,Hapag-Lloyd,Ningbo,Los_Angeles,sea,Customs_Hold,Pharmaceuticals,CNY,2023-08-18,2023-08-29,279.0,12953.3,3722.4,5.02,75153.03,2609.33,2,2,0.0,0.7104,0.0641,0.2364,,3,True
SHP-100593174,COSCO,Shanghai,Genoa,sea,On_Schedule,Textiles,SGD,2023-11-06,2023-12-04,684.4,1944.4,326929.2,592.16,22791.74,803.89,15,5,0.0,0.7102,0.356,0.2459,,3,True
SHP-101478134,Maersk,Busan,Valencia,rail,Customs_Hold,Textiles,AED,2023-06-09,2023-06-16,185.1,2139.2,19726.5,29.3,34793.43,2246.76,21,3,0.0,0.0689,0.328,0.3519,-3.0,2,False
SHP-101011877,Hapag-Lloyd,Mundra,Le_Havre,sea,Delayed,Perishables,GBP,2024-08-02,2024-08-14,297.6,20976.6,9633.9,20.94,190948.45,8701.84,19,1,33.9,0.1826,0.2936,0.3062,,2,True
SHP-101811484,COSCO,Melbourne,Miami,sea,In_Transit,Pharmaceuticals,CNY,2023-10-24,2023-11-20,671.7,20662.3,5764.1,8.56,1510.51,84.49,19,2,0.0,0.1278,0.0881,0.2198,,4,True
SHP-104680993,Kuehne_Nagel,Mumbai,Houston,sea,On_Schedule,Machinery,USD,2022-06-30,2022-07-16,400.8,10263.4,55910.3,105.23,12135.46,652.61,2,0,0.0,0.2496,0.0759,0.5849,1.7,4,False
SHP-104990421,CMA_CGM,Melbourne,Felixstowe,sea,On_Schedule,Machinery,CNY,2024-11-05,2024-11-16,276.7,8402.4,3331.0,12.62,1608.72,112.01,13,5,0.0,0.097,0.1001,0.5838,,3,True
SHP-100788380,Maersk,Tanjung_Pelepas,Rotterdam,sea,On_Schedule,Electronics,AED,2024-08-02,2024-08-23,521.9,9077.3,212.3,1.01,97404.88,2497.72,22,4,0.0,0.2919,0.3517,0.1407,-2.0,2,False
SHP-100942262,HMM,Jebel_Ali,Mumbai,air,Critical_Delay,Food_Beverage,SGD,2023-05-21,2023-05-22,31.6,7570.4,4956.2,8.65,59970.11,302.43,21,3,37.4,0.1453,0.0232,0.1922,-4.8,3,False
SHP-104744253,MSC,Busan,Rotterdam,rail,Delayed,Food_Beverage,SGD,2024-07-08,2024-07-13,127.7,5982.1,1153.8,1.96,40104.32,2296.64,20,2,63.3,0.2522,0.0078,0.3187,,3,True
SHP-104830181,Evergreen,Tokyo,Le_Havre,sea,On_Schedule,Machinery,SGD,2022-01-18,2022-02-04,427.5,16230.2,1063.7,3.9,123207.25,8870.56,9,1,0.0,0.3457,0.07,0.4465,,3,True
SHP-104019658,Kuehne_Nagel,Chennai,Bremen,sea,On_Schedule,Electronics,EUR,2024-11-26,2024-12-16,490.2,19684.7,382039.0,1265.21,338329.94,4106.6,12,5,0.0,0.0805,0.2055,0.3043,,3,True
SHP-103546027,COSCO,Antwerp,Genoa,air,Delayed,Raw_Materials,AED,2024-02-14,2024-02-16,58.8,10724.4,5095.2,7.11,427712.81,25766.61,24,0,33.8,0.1493,0.1124,0.4026,,3,True
SHP-101857185,Maersk,Rotterdam,Genoa,sea,In_Transit,Textiles,GBP,2024-09-07,2024-09-26,466.0,18658.6,9094.3,41.38,4715.77,220.63,24,0,0.0,0.1342,0.2575,0.2433,0.7,4,True
SHP-103209500,UPS,Dubai,Felixstowe,rail,Delayed,Perishables,GBP,2023-04-04,2023-04-08,107.0,6879.6,393.9,0.93,59492.55,3562.74,12,2,32.0,0.3601,0.4378,0.4023,-19.1,2,False
SHP-102721625,ZIM,Tanjung_Pelepas,Mumbai,sea,On_Schedule,Electronics,GBP,2024-08-17,2024-09-03,416.4,13330.5,706.8,0.88,28730.67,782.28,24,5,0.0,0.4142,0.23,0.2451,8.9,2,True
SHP-104062602,HMM,Chennai,Sydney,air,Delivered,Automotive,CNY,2024-06-07,2024-06-08,36.2,2071.6,7082.4,16.54,8149.17,545.73,23,2,59.3,0.6599,0.1737,0.626,,4,False
SHP-101101544,Kuehne_Nagel,Ningbo,Rotterdam,sea,Delayed,Raw_Materials,SGD,2023-04-12,2023-05-04,549.2,16617.2,494.3,0.68,683521.73,9514.78,1,2,6.1,0.6969,0.1152,0.0388,,1,True
SHP-101731371,Kuehne_Nagel,Chennai,Le_Havre,sea,In_Transit,Machinery,SGD,2024-08-05,2024-08-17,299.0,924.6,39880.0,62.1,62303.29,746.65,18,0,0.0,0.1607,0.0865,0.3888,8.3,3,True
SHP-101193554,DHL,Tanjung_Pelepas,Antwerp,air,On_Schedule,Chemicals,GBP,2022-04-03,2022-04-05,57.6,12581.1,11422.5,22.04,65698.17,2695.4,15,1,0.0,0.3634,0.319,0.6796,,3,False
SHP-104036341,COSCO,Chennai,Los_Angeles,sea,In_Transit,Pharmaceuticals,EUR,2023-05-02,2023-05-30,685.5,1915.6,11236.1,25.12,9382.39,478.29,7,2,0.0,0.2708,0.1536,0.0934,-2.9,1,False
SHP-100100300,Maersk,Ningbo,Le_Havre,sea,On_Schedule,Food_Beverage,GBP,2023-02-01,2023-02-18,413.6,4261.4,1945.4,6.33,207696.44,2469.2,7,5,0.0,0.2815,0.1022,0.3658,,1,True
SHP-101675796,DHL,Port_Klang,Dubai,road,On_Schedule,Food_Beverage,AED,2022-05-26,2022-06-01,152.0,3668.7,256.0,0.44,8648.47,183.07,20,1,0.0,0.4352,0.3909,0.4611,,1,True
SHP-100707858,Evergreen,Mumbai,Genoa,rail,At_Port,Perishables,GBP,2023-07-07,2023-07-09,60.6,5575.1,3782.8,13.36,279252.24,15185.24,5,3,0.0,0.2852,0.0814,0.1435,9.3,3,True
SHP-100470386,Yang_Ming,Tanjung_Pelepas,Dubai,sea,In_Transit,Consumer_Goods,SGD,2023-10-20,2023-11-14,612.2,14017.6,57.8,0.09,1269356.73,67403.05,18,1,0.0,0.1263,0.1733,0.4128,,3,False
SHP-102644372,CMA_CGM,Jebel_Ali,Rotterdam,rail,On_Schedule,Raw_Materials,SGD,2024-12-21,2024-12-28,188.2,6749.2,9520.5,18.14,713551.04,17457.97,20,2,0.0,0.4173,0.0753,0.5761,,2,False
SHP-102637464,UPS,Dubai,Dubai,rail,In_Transit,Electronics,CNY,2022-01-26,2022-02-04,233.1,983.4,1284.0,3.89,96353.13,5356.32,19,4,0.0,0.482,0.1573,0.3091,,1,True
SHP-103457864,Kuehne_Nagel,Guangzhou,New_York,sea,On_Schedule,Perishables,CNY,2024-08-12,2024-08-26,340.5,6489.0,500000.0,1016.65,53217.05,4200.05,16,5,0.0,0.1101,0.0969,0.1353,,4,False
SHP-100361502,Hapag-Lloyd,Chennai,Mumbai,road,At_Port,Consumer_Goods,EUR,2023-02-26,2023-03-07,231.7,3379.4,131.5,0.32,42510.7,508.21,10,3,0.0,0.2192,0.4028,0.0919,,1,True
SHP-101817447,ONE,Jebel_Ali,Hamburg,road,Customs_Hold,Food_Beverage,SGD,2024-03-08,2024-03-16,193.5,6386.1,6795.2,10.56,13148.53,102.13,8,5,0.0,0.5694,0.0968,0.5869,9.7,3,False
SHP-101167993,FedEx,Dubai,Savannah,sea,In_Transit,Food_Beverage,USD,2022-04-24,2022-05-22,693.5,15784.0,4529.1,21.31,27622.7,1279.76,23,1,0.0,0.1983,0.4154,0.1673,,1,True
SHP-102225227,HMM,Jebel_Ali,Hamburg,sea,In_Transit,Machinery,AED,2022-03-11,2022-03-20,237.0,13851.5,10344.7,21.11,27095.32,1765.7,2,4,0.0,0.3036,0.296,0.4263,-3.5,4,True
SHP-104979802,MSC,Shanghai,Baltimore,air,In_Transit,Consumer_Goods,AED,2023-02-20,2023-02-21,36.0,7079.1,9434.5,17.67,18241.63,1192.49,6,0,0.0,0.3295,0.3148,0.2661,,1,True
SHP-101827574,CMA_CGM,Hamburg,Savannah,sea,On_Schedule,Perishables,CNY,2024-01-18,2024-02-12,619.6,15856.1,1941.8,2.72,6404.08,54.04,22,2,0.0,0.0287,0.1795,0.3064,-16.8,3,True
SHP-102907030,UPS,Port_Klang,Dubai,road,In_Transit,Consumer_Goods,AED,2024-02-11,2024-02-13,54.5,1012.7,646.5,1.06,329662.59,10810.18,23,2,0.0,0.1791,0.4328,0.1533,,1,True
SHP-102493586,COSCO,Colombo,Hamburg,air,On_Schedule,Electronics,CNY,2022-06-14,2022-06-15,32.1,14015.5,4974.1,7.3,14173.5,150.16,6,4,0.0,0.4233,0.0854,0.4138,-10.8,4,False
SHP-101347905,HMM,Mundra,Dubai,air,Delayed,Food_Beverage,AED,2024-03-09,2024-03-10,29.9,12084.9,4715.7,7.28,35107.83,857.01,9,4,2.3,0.1047,0.1259,0.5748,-19.4,2,False
SHP-102005803,UPS,Jebel_Ali,Houston,sea,In_Transit,Electronics,GBP,2023-10-18,2023-11-09,529.2,6415.1,1435.6,3.33,15088.08,83.58,14,1,0.0,0.1449,0.0348,0.0277,,4,True
SHP-103383820,ZIM,Melbourne,Bremen,air,At_Port,Food_Beverage,USD,2023-06-02,2023-06-02,18.3,8353.7,9.7,0.02,10529.03,172.36,9,1,0.0,0.1961,0.1887,0.4434,,4,False
SHP-104622240,ONE,Rotterdam,Valencia,rail,On_Schedule,Perishables,USD,2024-07-31,2024-08-01,37.9,5339.9,18144.6,64.7,137093.3,10026.24,3,1,0.0,0.245,0.332,0.1169,,1,True
SHP-100116193,MSC,Rotterdam,Dubai,air,In_Transit,Automotive,CNY,2024-09-13,2024-09-14,26.5,7129.5,12900.6,21.01,20625.32,223.32,2,1,0.0,0.3768,0.0858,0.4902,20.2,2,False
SHP-100258582,Maersk,Felixstowe,Hamburg,sea,On_Schedule,Electronics,USD,2022-11-12,2022-11-16,98.6,14222.1,2134.7,2.77,13578.03,617.8,2,0,0.0,0.0637,0.0628,0.5173,,2,True
SHP-101389624,ONE,Tokyo,Felixstowe,air,On_Schedule,Food_Beverage,CNY,2024-04-04,2024-04-06,59.1,7220.0,8244.6,22.26,2076.65,129.33,3,3,0.0,0.3888,0.3238,0.2522,,2,True
SHP-101969651,COSCO,Colombo,Genoa,sea,At_Port,Textiles,GBP,2024-12-04,2024-12-15,269.0,3355.4,297.7,0.98,71786.49,1934.1,18,3,0.0,0.1935,0.2596,0.4752,,2,True
SHP-102964689,COSCO,Chennai,Houston,sea,In_Transit,Automotive,EUR,2024-03-19,2024-03-31,300.5,1829.6,4187.6,13.54,5872.74,238.34,22,2,0.0,0.3199,0.385,0.3358,25.8,1,True
SHP-100988753,Kuehne_Nagel,Busan,Mumbai,sea,On_Schedule,Machinery,SGD,2024-03-29,2024-04-09,272.2,16849.7,5059.3,21.13,104027.6,2851.86,1,2,0.0,0.1867,0.6398,0.4925,24.0,2,True
SHP-100021456,Hapag-Lloyd,Hamburg,Dubai,sea,At_Port,Textiles,GBP,2024-08-28,2024-09-11,350.9,8559.3,60059.7,94.83,125688.83,8150.73,2,1,0.0,0.1818,0.2088,0.3329,,1,False
SHP-104909802,UPS,Jebel_Ali,Genoa,air,On_Schedule,Food_Beverage,AED,2024-11-18,2024-11-19,34.6,3239.7,31808.5,89.52,91617.16,5737.22,18,4,0.0,0.4597,0.1989,0.48,24.6,2,True
SHP-100640982,UPS,Melbourne,New_York,sea,On_Schedule,Textiles,EUR,2022-12-16,2023-01-06,510.1,1590.6,9468.9,25.05,36659.26,2131.13,23,4,0.0,0.0608,0.0618,0.0419,,3,True
SHP-104331474,FedEx,Busan,Miami,sea,Customs_Hold,Automotive,AED,2022-02-04,2022-02-26,530.1,4032.5,10533.8,19.63,95419.36,6499.7,17,2,0.0,0.0457,0.2222,0.2091,,1,False
SHP-103090932,Maersk,Felixstowe,Sydney,sea,On_Schedule,Textiles,EUR,2024-11-18,2024-12-05,424.2,19338.1,2574.5,7.11,65743.36,345.37,12,2,0.0,0.5,0.4832,0.5735,1.6,1,True
SHP-103737438,FedEx,Shanghai,Baltimore,sea,At_Port,Perishables,CNY,2023-03-25,2023-04-15,524.9,19234.9,3239.5,6.34,8647.58,496.19,9,3,0.0,0.3527,0.0507,0.3198,11.4,1,False
SHP-102332083,ONE,Ningbo,Miami,rail,In_Transit,Machinery,CNY,2022-05-09,2022-05-12,79.9,1174.6,1456.5,2.22,51370.78,2016.76,9,5,0.0,0.1659,0.4673,0.2626,-18.9,1,True
SHP-100034344,Yang_Ming,Rotterdam,Barcelona,sea,Delayed,Automotive,EUR,2022-01-01,2022-01-25,589.2,11966.9,4339.9,13.25,86386.05,4280.98,17,0,2.9,0.2043,0.1714,0.1257,,4,True
SHP-101726506,FedEx,Rotterdam,Barcelona,sea,Delivered,Raw_Materials,EUR,2023-04-27,2023-05-25,684.6,15548.7,28746.3,101.76,177421.39,4440.71,3,2,6.5,0.1633,0.2501,0.0696,,1,True
SHP-104352760,FedEx,Rotterdam,Dubai,air,On_Schedule,Machinery,AED,2023-05-28,2023-05-29,33.6,6804.9,7.7,0.02,5676.9,209.46,9,2,0.0,0.4326,0.1363,0.0867,,1,False
SHP-103124834,Yang_Ming,Mundra,Barcelona,sea,On_Schedule,Textiles,SGD,2023-11-02,2023-11-07,130.9,9033.5,15538.4,22.15,1139120.08,32778.27,18,1,0.0,0.098,0.2315,0.5096,,1,True
SHP-100884739,Evergreen,Busan,Miami,sea,Customs_Hold,Perishables,CNY,2024-11-27,2024-12-13,401.9,15249.2,161.0,0.22,1738075.4,34257.02,20,2,0.0,0.1819,0.3892,0.3961,,1,False
SHP-103028208,Kuehne_Nagel,Jebel_Ali,Hamburg,air,In_Transit,Perishables,EUR,2022-10-04,2022-10-05,43.9,9199.1,10359.9,40.36,16353.84,470.77,13,5,0.0,0.419,0.4463,0.3313,,2,True
SHP-101265835,UPS,Hamburg,Le_Havre,road,At_Port,Consumer_Goods,SGD,2022-07-31,2022-08-01,36.7,6007.2,337.6,0.52,177763.61,11663.18,18,2,0.0,0.1429,0.085,0.0661,,2,True
SHP-103467600,COSCO,Chennai,Bremen,sea,On_Schedule,Perishables,USD,2022-04-27,2022-05-08,279.5,5461.4,7201.4,16.73,14335.0,942.51,19,1,0.0,0.2379,0.5681,0.3119,,4,True
SHP-101407201,COSCO,Hamburg,Le_Havre,sea,Critical_Delay,Pharmaceuticals,SGD,2022-08-08,2022-08-12,100.3,17915.8,672.5,2.8,871080.1,58425.04,4,4,88.7,0.2068,0.2358,0.3785,2.1,1,False
SHP-104310820,DB_Schenker,Dubai,Le_Havre,sea,In_Transit,Machinery,EUR,2024-11-22,2024-12-14,537.9,9126.3,7429.0,20.6,279453.71,8575.05,1,0,0.0,0.3178,0.3359,0.6827,,1,True
SHP-104809926,Kuehne_Nagel,Busan,Sydney,sea,In_Transit,Chemicals,SGD,2024-11-19,2024-11-26,188.1,13717.3,9189.4,12.68,14972.83,1114.41,7,3,0.0,0.1113,0.2202,0.3242,,3,False
SHP-102191389,COSCO,Tanjung_Pelepas,Miami,sea,Delayed,Electronics,GBP,2023-04-25,2023-05-19,581.2,18518.9,437.6,1.01,111425.51,2301.12,12,3,1.1,0.3456,0.3342,0.2085,,2,True
SHP-103917833,DHL,Felixstowe,Baltimore,sea,On_Schedule,Electronics,EUR,2022-03-27,2022-04-15,473.9,19353.7,1705.5,2.38,115171.86,6578.78,11,3,0.0,0.0394,0.4,0.2003,,4,True
SHP-104900873,DB_Schenker,Tanjung_Pelepas,Savannah,sea,At_Port,Food_Beverage,SGD,2024-12-18,2024-12-30,303.0,17756.0,6464.1,11.69,40310.23,484.56,19,3,0.0,0.2265,0.0731,0.4008,,4,False
SHP-102103103,CMA_CGM,Melbourne,Barcelona,sea,At_Port,Chemicals,GBP,2022-03-31,2022-04-26,638.6,4682.7,20912.6,50.04,523033.29,34433.37,4,3,0.0,0.8189,0.1821,0.3408,,4,False
SHP-102883153,Hapag-Lloyd,Singapore,Singapore,rail,On_Schedule,Automotive,GBP,2024-01-22,2024-01-27,128.1,5034.6,7579.0,34.58,311426.26,23614.75,12,5,0.0,0.1808,0.0089,0.1939,-9.5,3,False
SHP-101102091,MSC,Shanghai,Bremen,sea,Customs_Hold,Raw_Materials,AED,2024-05-16,2024-06-10,602.5,17212.7,3581.4,10.96,1171504.38,15537.33,24,5,0.0,0.4536,0.0795,0.2574,,2,False
SHP-100050554,DHL,Dubai,New_York,sea,Critical_Delay,Consumer_Goods,EUR,2022-08-03,2022-08-10,177.3,1081.6,69.5,0.11,26498.4,457.14,19,1,39.8,0.3867,0.445,0.1865,,2,False
SHP-102006806,Hapag-Lloyd,Guangzhou,Sydney,air,On_Schedule,Machinery,EUR,2024-03-23,2024-03-24,44.9,3349.1,250048.4,859.22,56955.28,4155.96,15,5,0.0,0.0797,0.4456,0.7156,,3,False
SHP-104129682,Maersk,Busan,Singapore,sea,On_Schedule,Machinery,EUR,2022-12-19,2022-12-23,99.0,8924.9,827.3,3.81,627629.17,28823.16,7,5,0.0,0.2186,0.2679,0.1588,,1,True
SHP-101197556,DB_Schenker,Guangzhou,Felixstowe,sea,Customs_Hold,Pharmaceuticals,AED,2023-07-26,2023-08-12,414.4,7594.6,1602.5,4.87,1886.66,143.24,20,4,0.0,0.7396,0.097,0.0981,12.9,2,False
SHP-104625676,Kuehne_Nagel,Shanghai,Le_Havre,sea,Delayed,Electronics,GBP,2023-01-03,2023-01-27,586.1,12002.1,9866.9,23.83,313195.59,10509.52,21,2,0.6,0.5219,0.4189,0.14,,2,True
SHP-104906139,Hapag-Lloyd,Sydney,Houston,sea,At_Port,Textiles,EUR,2024-11-05,2024-11-21,391.9,14172.5,36144.1,47.33,77976.13,1488.24,8,3,0.0,0.5233,0.2544,0.0717,,2,False
SHP-101770497,COSCO,Tokyo,Antwerp,rail,Delayed,Textiles,EUR,2023-01-21,2023-01-23,69.6,5128.5,915.5,1.6,34523.32,750.58,23,4,18.2,0.1092,0.222,0.4226,0.6,1,False
SHP-104415950,UPS,Chennai,Baltimore,air,In_Transit,Consumer_Goods,USD,2022-07-02,2022-07-03,43.5,11085.4,1040.8,1.93,10339.15,246.77,6,2,0.0,0.1703,0.3015,0.2819,,1,False
SHP-104331659,MSC,Jebel_Ali,Savannah,sea,In_Transit,Food_Beverage,SGD,2022-07-27,2022-08-20,577.6,1978.6,20462.4,43.14,44388033.74,2572663.53,8,2,0.0,0.2401,0.1977,0.3917,,2,True
SHP-104118674,UPS,Tokyo,Genoa,sea,Customs_Hold,Chemicals,USD,2023-05-14,2023-06-04,509.3,4258.0,5700.3,9.16,12147.46,794.52,22,4,0.0,0.4956,0.2994,0.3053,,1,False
SHP-100198046,COSCO,Guangzhou,New_York,sea,Customs_Hold,Electronics,EUR,2024-12-18,2024-12-24,163.2,15541.9,1714.4,2.19,10378.66,601.27,22,4,0.0,0.1833,0.0297,0.6124,,3,True
SHP-101609980,ONE,Guangzhou,Miami,sea,On_Schedule,Pharmaceuticals,GBP,2022-10-27,2022-11-23,653.6,6112.0,38001.6,48.57,128281.22,9216.81,1,2,0.0,0.4641,0.481,0.6409,-14.8,4,False
SHP-104214861,FedEx,Mundra,Singapore,sea,On_Schedule,Raw_Materials,EUR,2024-08-04,2024-08-24,483.8,12391.3,2573.2,8.35,401.1,29.3,18,1,0.0,0.1191,0.0426,0.0586,,4,True
SHP-103342372,Hapag-Lloyd,Singapore,Sydney,sea,In_Transit,Automotive,SGD,2023-01-24,2023-01-30,145.2,12110.0,2294.0,3.24,6708.37,482.13,19,2,0.0,0.0566,0.4468,0.0974,,2,True
SHP-101384375,COSCO,Busan,Dubai,sea,In_Transit,Textiles,CNY,2022-11-30,2022-12-12,293.2,9492.9,1485.4,2.71,47785.76,2843.56,14,3,0.0,0.1786,0.0683,0.3723,,3,False
SHP-100598929,MSC,Mumbai,Mumbai,sea,In_Transit,Machinery,SGD,2023-02-07,2023-03-03,590.4,4760.9,901.5,1.79,68753.06,4274.08,16,3,0.0,0.3461,0.2394,0.0591,-2.0,1,False
SHP-102634173,Hapag-Lloyd,Tokyo,Rotterdam,rail,On_Schedule,Pharmaceuticals,USD,2023-02-18,2023-02-21,88.0,6326.1,32303.3,114.57,72221.84,3095.83,23,4,0.0,0.1369,0.1935,0.4159,,3,False
SHP-100582582,Yang_Ming,Dubai,Miami,sea,In_Transit,Textiles,CNY,2024-08-27,2024-09-22,640.8,9932.9,871.3,1.25,141588.57,3476.02,18,1,0.0,0.3308,0.3207,0.6032,,1,False
SHP-102072530,Evergreen,Jebel_Ali,Genoa,sea,In_Transit,Machinery,USD,2022-12-21,2022-12-26,134.8,16445.6,123.2,0.19,77575.56,1022.51,16,1,0.0,0.1358,0.1842,0.5542,,2,True
SHP-101239192,DB_Schenker,Mumbai,Houston,sea,In_Transit,Pharmaceuticals,EUR,2024-10-10,2024-10-17,171.7,13254.2,1134.8,1.77,192339.04,14706.04,16,5,0.0,0.1202,0.0187,0.2848,,1,False
SHP-100734277,UPS,Tanjung_Pelepas,Los_Angeles,sea,On_Schedule,Pharmaceuticals,USD,2022-05-06,2022-05-14,204.7,8055.6,132611.2,204.51,45801.29,3641.03,19,1,0.0,0.3809,0.2138,0.4194,21.9,1,False
SHP-102142621,MSC,Busan,Savannah,sea,In_Transit,Automotive,SGD,2023-10-12,2023-10-17,125.2,21792.9,3452.3,9.66,563469.19,15174.95,4,3,0.0,0.0833,0.0361,0.4988,,2,False
SHP-103282339,Evergreen,Tokyo,New_York,sea,Customs_Hold,Electronics,USD,2024-05-04,2024-05-08,97.0,9187.2,159666.8,234.48,623717.7,17884.08,11,4,0.0,0.2784,0.3119,0.1339,,1,True
SHP-103955437,Maersk,Shanghai,Mumbai,road,Delayed,Raw_Materials,SGD,2023-12-02,2023-12-06,99.3,5955.7,2125.6,2.85,10095.63,438.93,14,1,15.8,0.0448,0.0869,0.3114,18.4,2,False
SHP-102209293,Kuehne_Nagel,Guangzhou,Felixstowe,rail,In_Transit,Consumer_Goods,USD,2024-08-21,2024-08-28,183.9,7550.5,72806.6,93.71,120546.8,8531.5,4,3,0.0,0.288,0.2707,0.0561,,4,True
SHP-100921041,ZIM,Colombo,New_York,air,On_Schedule,Raw_Materials,SGD,2024-03-06,2024-03-07,47.5,6712.3,2521.9,3.4,40491.47,1849.79,18,0,0.0,0.1983,0.1701,0.3921,,1,True
SHP-101223744,UPS,Ningbo,Valencia,rail,Customs_Hold,Pharmaceuticals,GBP,2023-12-10,2023-12-14,101.2,4691.0,12345.6,42.34,124301.85,989.63,1,5,0.0,0.5835,0.1435,0.2002,15.0,4,False
SHP-102087164,Kuehne_Nagel,Sydney,Valencia,rail,Delayed,Food_Beverage,AED,2022-11-18,2022-11-27,219.0,4773.1,616.4,0.8,1281.08,70.59,24,3,21.2,0.2054,0.1828,0.1442,,3,True
SHP-102565657,Evergreen,Dubai,Valencia,road,On_Schedule,Machinery,EUR,2023-10-01,2023-10-05,110.6,5299.3,190.9,0.34,116616.62,7143.17,24,5,0.0,0.2089,0.359,0.133,,1,False
SHP-101279105,FedEx,Tokyo,Miami,sea,On_Schedule,Chemicals,GBP,2022-07-23,2022-08-12,483.5,14353.8,4693.8,7.1,14575.96,804.44,14,0,0.0,0.288,0.0163,0.0857,-15.7,2,True
SHP-102471390,Kuehne_Nagel,Tokyo,Le_Havre,sea,On_Schedule,Consumer_Goods,AED,2023-03-21,2023-04-19,708.5,5549.2,961.0,1.77,241723.54,18075.2,10,0,0.0,0.1389,0.0455,0.2194,,1,True
SHP-102148553,MSC,Port_Klang,Felixstowe,air,On_Schedule,Consumer_Goods,SGD,2022-04-11,2022-04-12,25.3,13401.7,13602.2,20.13,1044333.82,9817.06,4,4,0.0,0.4214,0.0538,0.4429,,2,True
SHP-103405623,Evergreen,Port_Klang,Barcelona,rail,At_Port,Pharmaceuticals,USD,2022-05-05,2022-05-12,184.5,6675.2,613.4,0.86,16692.75,1247.97,24,0,0.0,0.2443,0.1227,0.7354,,3,True
SHP-101793318,Maersk,Mundra,Dubai,sea,On_Schedule,Food_Beverage,SGD,2022-12-08,2022-12-20,295.4,21400.3,251676.0,737.3,4200.38,297.16,9,2,0.0,0.1583,0.1142,0.3096,,2,True
SHP-104700738,CMA_CGM,Colombo,Dubai,sea,Delayed,Automotive,SGD,2024-11-28,2024-12-23,619.9,21139.8,104848.5,208.44,108562.19,2904.54,10,3,17.6,0.2755,0.322,0.1535,,3,True
SHP-103937128,CMA_CGM,Dubai,Savannah,rail,Delayed,Textiles,GBP,2024-10-27,2024-11-04,199.1,1611.7,3072.5,6.17,557.24,20.9,4,0,16.2,0.259,0.1153,0.4594,13.0,3,True
SHP-101256766,Hapag-Lloyd,Guangzhou,Valencia,rail,Delayed,Chemicals,SGD,2023-06-02,2023-06-11,234.6,7065.4,799.1,3.87,151384.36,6028.94,14,1,11.3,0.4253,0.2675,0.2118,,2,False
SHP-104724935,Kuehne_Nagel,Hamburg,Genoa,road,On_Schedule,Pharmaceuticals,GBP,2024-08-18,2024-08-19,35.8,6017.4,12809.0,16.95,1026.28,47.75,16,2,0.0,0.4129,0.3413,0.7429,,4,False
SHP-102732663,FedEx,Melbourne,Savannah,rail,Delivered,Textiles,CNY,2022-09-11,2022-09-18,179.8,310.1,11397.4,39.03,6853.38,533.25,4,4,5.2,0.0725,0.1838,0.3312,,1,True
SHP-100984471,UPS,Chennai,Mumbai,sea,Delayed,Raw_Materials,CNY,2022-05-08,2022-06-02,600.2,4197.3,4140.2,7.82,32786.87,1761.65,16,5,21.7,0.1105,0.0112,0.2886,,4,True
SHP-103943526,DB_Schenker,Tanjung_Pelepas,Sydney,sea,On_Schedule,Chemicals,SGD,2023-01-21,2023-01-29,201.1,17284.2,612.0,1.08,254396.19,18310.35,3,4,0.0,0.2922,0.1234,0.0981,21.1,1,True
SHP-101224539,HMM,Hamburg,Bremen,sea,On_Schedule,Consumer_Goods,GBP,2022-03-06,2022-03-23,411.4,5727.5,2991.8,7.87,86305.87,3946.48,4,2,0.0,0.2229,0.0353,0.4498,,3,True
SHP-102478019,ONE,Melbourne,Rotterdam,air,In_Transit,Machinery,GBP,2022-07-03,2022-07-03,17.2,12736.1,15201.8,22.17,7332.36,224.65,10,4,0.0,0.0986,0.2782,0.147,21.9,1,True
SHP-102685837,Kuehne_Nagel,Chennai,Le_Havre,rail,On_Schedule,Food_Beverage,AED,2024-10-28,2024-10-31,95.1,753.9,3520.6,5.49,15128.65,859.6,5,3,0.0,0.6929,0.4632,0.616,,4,False
SHP-104811781,FedEx,Busan,Le_Havre,sea,In_Transit,Pharmaceuticals,GBP,2024-07-27,2024-08-08,295.3,4765.8,3022.3,9.52,199376.28,15641.2,3,0,0.0,0.414,0.2898,0.5785,-0.6,4,False
SHP-104709406,Yang_Ming,Singapore,Piraeus,sea,At_Port,Automotive,EUR,2023-04-18,2023-04-30,309.6,1102.3,740.0,1.87,20619.36,948.83,1,4,0.0,0.1604,0.025,0.5827,,4,False
SHP-104256045,DHL,Felixstowe,Los_Angeles,sea,On_Schedule,Perishables,AED,2024-04-05,2024-05-02,670.3,5030.8,646.0,1.73,38307.23,1454.11,8,4,0.0,0.1705,0.0372,0.1625,,3,True
SHP-100454298,MSC,Sydney,Rotterdam,rail,On_Schedule,Perishables,SGD,2023-04-12,2023-04-19,170.8,5399.6,2868.3,4.73,118541.28,3437.37,3,4,0.0,0.101,0.1873,0.1746,,3,False
SHP-101637754,Hapag-Lloyd,Guangzhou,Hamburg,sea,Delayed,Perishables,CNY,2024-09-23,2024-10-20,654.5,8776.8,2080.9,2.93,100054.11,1200.14,24,5,13.7,0.1791,0.1073,0.0077,,2,True
SHP-101738682,MSC,Busan,Mumbai,road,Delivered,Chemicals,GBP,2023-08-17,2023-08-24,180.0,2555.1,17798.8,53.99,1322790.29,39084.86,9,5,14.6,0.2261,0.4631,0.3206,,2,False
SHP-101687249,FedEx,Tanjung_Pelepas,Singapore,sea,In_Transit,Machinery,GBP,2023-11-07,2023-11-25,443.9,16210.0,898.6,2.06,41626.0,682.73,20,3,0.0,0.0682,0.206,0.2935,,3,False
SHP-101936468,Maersk,Chennai,Felixstowe,air,In_Transit,Machinery,EUR,2024-06-09,2024-06-10,25.8,2709.4,1729.7,7.99,40793.89,1288.86,5,5,0.0,0.1644,0.0423,0.2965,,2,True
SHP-103145328,HMM,Mundra,Antwerp,sea,Delayed,Pharmaceuticals,SGD,2022-11-21,2022-11-28,177.8,3914.3,249567.2,384.77,110155.21,3472.67,18,2,15.4,0.366,0.0492,0.3128,-7.9,4,True
SHP-103573467,MSC,Chennai,Houston,road,On_Schedule,Perishables,AED,2024-09-11,2024-09-16,124.8,4389.9,14327.7,30.18,84050.78,2402.31,24,1,0.0,0.8294,0.1507,0.1252,,1,True
SHP-101265640,ZIM,Guangzhou,Singapore,sea,Customs_Hold,Consumer_Goods,CNY,2024-03-16,2024-04-13,692.8,18710.6,9514.0,12.38,1916.44,14.61,16,1,0.0,0.3273,0.1505,0.2212,,2,True
SHP-102263255,Yang_Ming,Shanghai,Barcelona,air,In_Transit,Textiles,EUR,2024-03-13,2024-03-13,21.9,3173.9,136043.6,248.72,1446.7,62.32,3,0,0.0,0.0973,0.2897,0.5954,3.2,3,False
SHP-102994882,Yang_Ming,Mundra,Antwerp,air,In_Transit,Machinery,EUR,2023-01-31,2023-02-01,27.3,13946.0,2109.9,7.08,7031.23,467.75,7,1,0.0,0.3095,0.0814,0.2657,25.5,1,True
SHP-104526943,ONE,Mumbai,Houston,sea,On_Schedule,Food_Beverage,USD,2023-11-30,2023-12-29,716.4,9676.4,740.0,1.75,6340.88,204.27,1,0,0.0,0.1263,0.3403,0.0968,,4,True
SHP-102793440,FedEx,Hamburg,Los_Angeles,sea,In_Transit,Textiles,CNY,2022-07-16,2022-07-26,263.5,2716.7,3405.9,9.05,4527.32,80.52,3,5,0.0,0.3312,0.072,0.8594,24.0,1,True
SHP-102803481,DB_Schenker,Melbourne,Rotterdam,air,In_Transit,Automotive,SGD,2024-12-15,2024-12-16,38.9,10643.9,14752.9,36.63,80010.65,3610.52,21,1,0.0,0.2329,0.0751,0.1959,12.1,3,False
SHP-102210686,DB_Schenker,Shanghai,Barcelona,air,On_Schedule,Textiles,GBP,2022-02-16,2022-02-18,68.6,627.0,700.5,2.14,18673.28,254.71,7,2,0.0,0.3064,0.1018,0.195,,1,False
SHP-102062102,ZIM,Mumbai,Rotterdam,air,On_Schedule,Consumer_Goods,EUR,2024-02-29,2024-03-01,47.1,10851.4,315.4,0.48,43297.39,671.73,4,1,0.0,0.0597,0.0414,0.8901,,1,True
SHP-104587914,MSC,Jebel_Ali,Valencia,sea,Customs_Hold,Electronics,EUR,2023-09-02,2023-09-27,612.5,806.7,223246.4,542.23,955109.83,54902.74,24,3,0.0,0.4571,0.1995,0.4789,,1,True
SHP-101496829,FedEx,Tokyo,Le_Havre,sea,In_Transit,Automotive,EUR,2022-04-29,2022-05-25,640.5,15283.0,2654.8,8.06,1248.49,90.91,18,0,0.0,0.0467,0.1654,0.2043,,1,True
SHP-102457821,Kuehne_Nagel,Port_Klang,Bremen,air,On_Schedule,Machinery,EUR,2024-08-02,2024-08-04,53.0,9293.1,1584.0,4.43,183368.57,12378.67,24,1,0.0,0.4451,0.2285,0.7402,,2,True
SHP-102760344,DB_Schenker,Chennai,Houston,road,On_Schedule,Raw_Materials,EUR,2023-11-21,2023-11-27,145.6,1831.3,193.7,0.65,170986.96,6421.26,8,3,0.0,0.0935,0.4284,0.2338,,3,True
SHP-103600385,Kuehne_Nagel,Hamburg,Rotterdam,rail,In_Transit,Food_Beverage,USD,2023-03-26,2023-03-27,36.5,4077.5,7923.2,10.47,885900.63,17517.68,12,0,0.0,0.1471,0.1868,0.299,,4,True
SHP-100949517,UPS,Mundra,Valencia,sea,On_Schedule,Perishables,EUR,2024-04-06,2024-04-10,117.5,18817.7,123.4,0.24,66511.9,4935.16,13,2,0.0,0.1768,0.0362,0.5455,0.8,4,False
SHP-103644559,COSCO,Melbourne,Hamburg,sea,On_Schedule,Electronics,GBP,2022-05-03,2022-05-07,104.4,15633.8,4688.8,6.63,19330.62,384.13,19,3,0.0,0.1916,0.009,0.2329,1.1,2,False
SHP-102949070,DHL,Mundra,New_York,sea,On_Schedule,Perishables,AED,2024-05-11,2024-05-17,163.4,11943.9,36018.5,83.03,62100.75,547.68,21,1,0.0,0.1345,0.048,0.0544,,2,True
SHP-103584210,ONE,Felixstowe,Houston,sea,In_Transit,Chemicals,AED,2022-07-02,2022-07-19,418.3,17900.0,161.3,0.65,989.92,60.85,12,1,0.0,0.316,0.5194,0.1881,,3,True
SHP-100911739,Yang_Ming,Colombo,Valencia,rail,On_Schedule,Perishables,GBP,2022-08-17,2022-08-22,135.1,6048.8,5956.1,8.55,4045147.67,153796.16,15,5,0.0,0.2296,0.4536,0.43,-7.2,2,True
SHP-104836824,DHL,Antwerp,Dubai,road,Critical_Delay,Pharmaceuticals,GBP,2023-10-08,2023-10-12,103.3,7835.1,150.9,0.2,5798.99,112.7,7,2,4.4,0.1822,0.0652,0.1176,,4,False
SHP-104952626,UPS,Guangzhou,Savannah,sea,Delivered,Electronics,USD,2022-06-05,2022-07-04,717.2,10517.9,13175.3,65.59,10550.94,189.33,7,2,31.3,0.1345,0.0394,0.4699,27.8,2,False
SHP-103086714,UPS,Guangzhou,Los_Angeles,sea,Critical_Delay,Chemicals,SGD,2022-03-31,2022-04-19,461.6,5925.4,10461.1,49.55,193997.84,12326.18,7,4,36.6,0.2058,0.0532,0.5892,,4,False
SHP-103051877,Hapag-Lloyd,Melbourne,Miami,sea,Delivered,Automotive,EUR,2024-12-10,2025-01-06,662.7,3328.3,1007.1,1.6,13095.27,1047.62,2,4,0.4,0.1998,0.466,0.5154,,3,True
SHP-102919148,MSC,Ningbo,Dubai,air,In_Transit,Chemicals,EUR,2024-07-06,2024-07-06,16.9,13029.9,1420.4,2.23,25845.74,733.64,4,0,0.0,0.1947,0.0568,0.0299,,4,False
SHP-101114968,Evergreen,Chennai,Felixstowe,sea,In_Transit,Electronics,USD,2024-04-29,2024-05-15,404.9,5754.5,43005.0,54.85,270502.05,13213.21,21,4,0.0,0.2629,0.1684,0.3795,,4,False
SHP-102214147,CMA_CGM,Antwerp,Hamburg,rail,Delivered,Consumer_Goods,GBP,2022-06-19,2022-06-23,109.9,270.4,14285.4,23.04,46052.29,1705.95,2,4,7.5,0.2876,0.1945,0.0585,-13.1,2,True
SHP-100882451,Hapag-Lloyd,Port_Klang,Antwerp,rail,Delayed,Food_Beverage,USD,2023-08-23,2023-08-26,83.9,3020.2,116.7,0.57,2103078.94,64865.7,10,2,1.9,0.5926,0.4263,0.3265,,3,True
SHP-101466313,Yang_Ming,Dubai,Hamburg,air,On_Schedule,Chemicals,USD,2024-03-21,2024-03-23,59.9,12824.7,3053.9,6.94,160886.73,6221.43,16,5,0.0,0.3031,0.1431,0.4399,,3,True
SHP-102976351,ZIM,Tanjung_Pelepas,Baltimore,sea,On_Schedule,Raw_Materials,SGD,2022-01-09,2022-02-03,615.4,7899.5,107.3,0.29,1273.62,39.92,5,0,0.0,0.4618,0.1741,0.4778,,3,True
SHP-104607809,HMM,Felixstowe,Bremen,road,Delayed,Raw_Materials,EUR,2023-01-31,2023-02-05,133.1,1141.8,2575.2,5.18,17477.69,1082.05,15,0,40.5,0.3358,0.1326,0.1939,-6.3,3,False
SHP-102669093,CMA_CGM,Mundra,Houston,air,Critical_Delay,Food_Beverage,SGD,2023-12-19,2023-12-20,39.4,7647.3,6190.3,15.31,11358.42,508.56,12,5,10.7,0.3114,0.1951,0.1455,1.2,4,False
SHP-104109208,DHL,Ningbo,Baltimore,sea,Delayed,Chemicals,USD,2023-12-15,2024-01-12,693.0,3965.8,111.1,0.24,76721.4,5699.32,10,1,54.8,0.4245,0.3441,0.244,,4,True
SHP-104342093,FedEx,Jebel_Ali,Savannah,road,In_Transit,Pharmaceuticals,EUR,2023-07-06,2023-07-08,54.7,1124.2,7839.8,17.03,25664.42,1803.94,22,0,0.0,0.2305,0.2235,0.1965,,2,True
SHP-102217097,Evergreen,Sydney,Piraeus,sea,On_Schedule,Raw_Materials,GBP,2022-07-18,2022-07-29,279.1,19198.6,111562.5,261.55,425.77,17.98,18,5,0.0,0.3882,0.3698,0.5337,,4,False
SHP-100218033,COSCO,Felixstowe,Savannah,sea,In_Transit,Chemicals,SGD,2022-03-21,2022-04-18,691.5,7126.1,16355.0,36.87,93279.33,2939.39,21,0,0.0,0.249,0.6807,0.3904,11.7,4,False
SHP-104300302,DHL,Felixstowe,Dubai,road,On_Schedule,Food_Beverage,AED,2024-05-07,2024-05-10,81.6,5185.2,11028.4,46.5,8739.51,160.84,2,3,0.0,0.2511,0.293,0.0957,,1,True
SHP-103059624,Evergreen,Hamburg,Sydney,road,On_Schedule,Food_Beverage,GBP,2024-05-01,2024-05-04,91.8,4307.0,976.4,2.02,17138.95,476.82,4,4,0.0,0.2393,0.2373,0.1511,,1,False
SHP-104525393,DHL,Chennai,Mumbai,sea,At_Port,Automotive,EUR,2024-02-15,2024-03-08,528.5,4012.4,895.0,2.76,134946.97,8532.91,22,1,0.0,0.3082,0.0225,0.1426,,3,True
SHP-103808414,COSCO,Dubai,Dubai,sea,Critical_Delay,Food_Beverage,AED,2023-03-08,2023-03-27,470.8,15975.5,295.7,0.44,33574.05,506.67,13,4,46.0,0.1105,0.0158,0.2197,,4,True
SHP-102593015,Hapag-Lloyd,Shanghai,Mumbai,road,On_Schedule,Chemicals,SGD,2023-02-22,2023-02-27,132.9,6828.3,1182.1,1.76,39496.17,3032.64,24,0,0.0,0.3416,0.3334,0.5262,,2,True
SHP-104339967,ONE,Guangzhou,Baltimore,sea,At_Port,Textiles,GBP,2023-10-03,2023-10-19,395.8,3619.6,17157.7,21.78,12187.86,315.41,8,1,0.0,0.0422,0.082,0.4164,10.9,4,True
SHP-102334051,Maersk,Felixstowe,Dubai,sea,In_Transit,Automotive,USD,2023-05-15,2023-06-12,690.4,8864.8,55321.4,272.96,138370.5,9348.56,13,0,0.0,0.1466,0.157,0.3696,-9.1,1,True
SHP-101509279,ZIM,Felixstowe,Miami,air,In_Transit,Automotive,SGD,2023-05-09,2023-05-10,44.9,9847.0,382.2,0.58,68292.11,3123.01,22,4,0.0,0.0984,0.0055,0.2715,3.7,1,True
SHP-100388286,Hapag-Lloyd,Rotterdam,Savannah,sea,On_Schedule,Perishables,AED,2023-03-25,2023-04-17,565.9,8484.9,247.9,0.47,3776238.86,132393.11,19,3,0.0,0.4916,0.1561,0.2753,,2,False
SHP-102744076,Kuehne_Nagel,Felixstowe,Piraeus,sea,Critical_Delay,Chemicals,EUR,2024-06-02,2024-06-30,685.2,21079.5,18839.3,24.84,311267.5,7842.47,19,1,19.6,0.3224,0.075,0.413,,1,True
SHP-101129958,Kuehne_Nagel,Singapore,Mumbai,sea,On_Schedule,Automotive,CNY,2023-11-30,2023-12-10,262.8,5818.6,815.0,1.29,377702.71,18359.71,9,0,0.0,0.6111,0.2585,0.1669,,3,True
SHP-101033003,UPS,Colombo,Antwerp,sea,Critical_Delay,Automotive,EUR,2023-03-01,2023-03-26,611.8,13763.4,224731.3,553.78,7650.93,82.95,23,4,4.5,0.245,0.2268,0.6278,,1,False
SHP-100657699,COSCO,Singapore,Los_Angeles,air,At_Port,Perishables,CNY,2023-03-01,2023-03-02,43.9,10444.9,2533.8,4.73,52694.14,3914.77,10,1,0.0,0.0653,0.1863,0.331,27.6,1,False
SHP-101077034,HMM,Felixstowe,New_York,road,At_Port,Pharmaceuticals,EUR,2022-12-26,2022-12-28,48.4,7485.5,6744.7,12.79,34225.04,1593.91,8,1,0.0,0.4305,0.0358,0.2301,,3,True
SHP-101252309,FedEx,Singapore,Dubai,sea,On_Schedule,Textiles,USD,2022-05-13,2022-05-21,202.0,21545.0,184.8,0.85,3191.05,24.36,18,1,0.0,0.2627,0.116,0.2797,,4,True
SHP-102958793,Evergreen,Felixstowe,Los_Angeles,air,Delayed,Pharmaceuticals,CNY,2024-08-13,2024-08-15,70.4,4780.4,305.8,1.03,142522.91,8976.85,6,1,40.5,0.2697,0.3574,0.0578,,2,True
SHP-100655910,CMA_CGM,Singapore,Los_Angeles,air,On_Schedule,Perishables,EUR,2022-09-06,2022-09-08,55.4,11976.1,994.4,1.32,61722.87,4298.27,16,5,0.0,0.1436,0.2494,0.6862,-13.3,4,False
SHP-103087364,MSC,Antwerp,Houston,rail,On_Schedule,Machinery,USD,2022-10-18,2022-10-21,95.5,3037.2,218.4,0.47,251835.05,2226.27,20,3,0.0,0.4465,0.1171,0.2203,-11.6,4,False
SHP-101462471,Evergreen,Sydney,Barcelona,sea,In_Transit,Automotive,EUR,2024-12-08,2024-12-12,106.8,18125.0,324.8,0.96,108392.97,7737.66,9,4,0.0,0.248,0.1716,0.4037,-19.0,4,True
SHP-103931917,MSC,Tanjung_Pelepas,Felixstowe,sea,At_Port,Electronics,CNY,2022-07-21,2022-07-30,239.4,12391.5,1016.7,3.63,1385.62,17.82,24,4,0.0,0.1929,0.4565,0.2671,18.3,4,True
SHP-104579485,Evergreen,Port_Klang,Felixstowe,sea,Delayed,Textiles,AED,2024-03-31,2024-04-08,206.8,17581.6,646.8,1.12,5046.35,92.23,19,0,74.6,0.2176,0.2102,0.4117,,1,False
SHP-102490697,ZIM,Rotterdam,Antwerp,air,Delayed,Perishables,SGD,2022-11-24,2022-11-25,33.6,14747.0,225.7,0.47,296130.62,19178.26,9,0,18.2,0.1945,0.5419,0.4694,-12.1,3,False
SHP-104030297,UPS,Shanghai,Bremen,sea,At_Port,Pharmaceuticals,SGD,2024-08-28,2024-09-19,550.9,7270.0,14106.9,26.3,549059.11,36364.43,21,5,0.0,0.0245,0.145,0.3579,,1,True
SHP-101145603,UPS,Melbourne,Piraeus,rail,Delayed,Machinery,GBP,2023-11-13,2023-11-16,76.7,740.0,894.7,2.66,725183.93,48390.42,22,1,0.5,0.3257,0.2642,0.5164,,3,True
SHP-103291346,Evergreen,Tokyo,Savannah,road,Customs_Hold,Pharmaceuticals,SGD,2023-06-25,2023-06-28,92.3,3414.7,1133.1,1.43,5009.93,44.05,9,0,0.0,0.5144,0.0555,0.336,,3,False
SHP-100970576,UPS,Melbourne,Miami,air,In_Transit,Electronics,GBP,2022-02-05,2022-02-05,15.0,8128.3,416.0,1.96,1638.28,46.14,18,5,0.0,0.1709,0.2914,0.2979,-16.9,3,True
SHP-102121072,Kuehne_Nagel,Felixstowe,Sydney,sea,On_Schedule,Electronics,GBP,2022-02-19,2022-03-13,528.9,6217.2,430.6,0.77,54066.2,2909.28,14,3,0.0,0.4903,0.1957,0.3716,,4,True
SHP-101013935,HMM,Tanjung_Pelepas,Sydney,road,In_Transit,Raw_Materials,CNY,2022-06-08,2022-06-15,173.8,3750.8,7673.6,20.33,128672.0,4577.44,15,1,0.0,0.4405,0.1025,0.105,29.1,4,False
SHP-103590858,DHL,Ningbo,Hamburg,sea,Critical_Delay,Electronics,AED,2024-04-01,2024-04-21,485.2,17948.4,2618.4,4.52,100.0,6.41,7,3,30.2,0.232,0.3141,0.2184,-1.7,3,True
SHP-103824989,DB_Schenker,Rotterdam,Savannah,sea,In_Transit,Machinery,EUR,2022-09-20,2022-10-07,413.9,7192.8,62946.8,252.55,5577.07,89.33,5,0,0.0,0.112,0.4101,0.101,2.4,1,True
SHP-102032798,CMA_CGM,Ningbo,New_York,sea,Critical_Delay,Chemicals,USD,2023-06-16,2023-06-28,288.4,4927.1,13534.1,20.75,217685.51,7993.92,15,5,15.0,0.1822,0.3352,0.2382,,4,False
SHP-100705517,Kuehne_Nagel,Mundra,Barcelona,sea,On_Schedule,Food_Beverage,SGD,2024-01-08,2024-01-29,521.8,8562.8,375.6,0.59,53175.48,958.89,10,0,0.0,0.221,0.119,0.6227,1.8,3,True
SHP-102114178,COSCO,Colombo,Felixstowe,sea,Critical_Delay,Electronics,AED,2024-10-23,2024-10-30,189.6,18615.7,64.5,0.15,6988.4,297.85,4,2,21.6,0.479,0.1463,0.7504,,3,True
SHP-101276483,Hapag-Lloyd,Port_Klang,Mumbai,air,In_Transit,Electronics,EUR,2022-06-02,2022-06-04,50.0,3448.9,859.4,1.55,6207.37,294.4,23,4,0.0,0.0768,0.319,0.29,-11.6,2,True
SHP-101768353,UPS,Singapore,Los_Angeles,sea,Delayed,Chemicals,GBP,2023-09-26,2023-10-09,334.1,11768.8,662.0,1.67,1027.65,72.23,22,3,20.6,0.1142,0.0528,0.3366,-17.2,1,True
SHP-101241054,UPS,Antwerp,Genoa,sea,At_Port,Food_Beverage,GBP,2023-06-01,2023-06-27,637.4,1564.9,226.7,0.56,28116.89,307.28,2,3,0.0,0.6378,0.0814,0.6596,24.9,4,True
SHP-103444450,DB_Schenker,Hamburg,Savannah,sea,In_Transit,Machinery,GBP,2024-12-05,2024-12-18,325.3,1316.0,191955.6,847.39,734632.59,33873.08,6,1,0.0,0.4073,0.5755,0.0469,-5.4,1,True
SHP-104524457,Kuehne_Nagel,Shanghai,Miami,air,On_Schedule,Automotive,AED,2024-02-02,2024-02-04,48.7,11175.7,2097.9,4.04,163585.82,9989.45,9,2,0.0,0.3967,0.2168,0.6718,,4,True
SHP-100374708,Yang_Ming,Port_Klang,Hamburg,air,On_Schedule,Machinery,EUR,2023-05-20,2023-05-20,14.6,13062.6,241.1,1.2,17581.08,588.06,17,1,0.0,0.3388,0.163,0.1625,,2,False
SHP-104936101,UPS,Jebel_Ali,Le_Havre,sea,In_Transit,Automotive,EUR,2023-08-02,2023-08-16,344.3,8642.5,459.9,0.59,97065.4,2727.43,4,5,0.0,0.3406,0.0456,0.3238,,2,False
SHP-103839312,Maersk,Ningbo,Valencia,air,On_Schedule,Raw_Materials,SGD,2022-04-30,2022-05-01,35.9,12967.6,10013.4,43.95,41667.84,3008.99,18,1,0.0,0.2652,0.2519,0.5071,-18.2,3,True
SHP-101728990,COSCO,Felixstowe,Singapore,rail,On_Schedule,Textiles,CNY,2022-12-15,2022-12-24,223.9,4698.6,584.8,0.99,15306.03,697.36,5,4,0.0,0.2668,0.095,0.2033,21.5,3,False
SHP-104544411,COSCO,Tanjung_Pelepas,Singapore,rail,Customs_Hold,Consumer_Goods,CNY,2024-01-27,2024-02-05,229.1,6639.4,20492.9,53.3,3316.66,246.04,15,3,0.0,0.4993,0.2083,0.4035,,3,True
SHP-101227137,DB_Schenker,Mumbai,Singapore,air,In_Transit,Pharmaceuticals,USD,2022-04-19,2022-04-21,68.5,1396.4,794.1,1.62,6366.4,222.93,22,3,0.0,0.1202,0.2503,0.4559,,1,True
SHP-101716775,COSCO,Sydney,Mumbai,air,On_Schedule,Electronics,GBP,2024-10-11,2024-10-11,15.5,556.3,795.7,1.66,177828.97,9900.13,19,1,0.0,0.3438,0.0861,0.8609,29.4,2,True
SHP-102207562,UPS,Colombo,Rotterdam,road,At_Port,Perishables,GBP,2022-06-04,2022-06-06,68.9,5086.1,1365.0,2.59,1048230.3,13485.99,19,5,0.0,0.2089,0.4418,0.4295,-11.0,3,True
SHP-102997583,Kuehne_Nagel,Dubai,Felixstowe,sea,In_Transit,Machinery,USD,2022-06-21,2022-07-17,646.1,17541.0,1825.1,2.32,10680.19,434.76,23,1,0.0,0.4442,0.1146,0.3057,,3,False
SHP-102249636,HMM,Rotterdam,Houston,sea,In_Transit,Perishables,CNY,2022-06-29,2022-07-08,228.0,9150.3,10122.3,28.64,2866.84,213.78,12,5,0.0,0.1638,0.0959,0.2394,,2,True
SHP-102070109,Hapag-Lloyd,Antwerp,Barcelona,sea,Customs_Hold,Machinery,CNY,2022-08-25,2022-09-16,539.5,11938.7,836.0,2.98,28916.8,2140.53,23,2,0.0,0.6166,0.5122,0.0457,1.4,1,True
SHP-103432300,UPS,Melbourne,New_York,sea,On_Schedule,Textiles,GBP,2024-04-05,2024-04-10,121.9,20713.6,36767.2,79.5,70487.89,576.61,10,3,0.0,0.1023,0.1328,0.0967,,2,True
SHP-100300028,COSCO,Jebel_Ali,Mumbai,sea,Delayed,Perishables,GBP,2023-09-02,2023-09-13,268.9,2059.4,346.4,0.69,72570.57,4200.25,4,4,21.8,0.3678,0.086,0.5875,,1,True
SHP-104920351,Maersk,Mundra,Singapore,sea,At_Port,Machinery,USD,2024-12-03,2024-12-18,371.2,5519.0,1462.0,2.01,250775.55,17589.68,22,3,0.0,0.6225,0.0493,0.5782,-12.6,1,True
SHP-104304376,MSC,Hamburg,Felixstowe,air,On_Schedule,Chemicals,AED,2023-04-18,2023-04-19,28.2,9503.3,5415.7,7.04,16579.71,918.62,7,1,0.0,0.2959,0.3276,0.4281,,3,True
SHP-100953294,ONE,Mundra,Sydney,road,At_Port,Food_Beverage,AED,2022-11-10,2022-11-17,177.8,720.0,14464.3,40.11,58946.29,4531.79,23,4,0.0,0.1146,0.02,0.2924,,4,True
SHP-103275560,Yang_Ming,Chennai,Houston,road,On_Schedule,Textiles,GBP,2023-06-06,2023-06-13,177.0,3409.1,727.8,1.54,3485804.59,217639.86,21,1,0.0,0.293,0.1545,0.3617,,3,True
SHP-102946434,DB_Schenker,Jebel_Ali,Savannah,rail,Customs_Hold,Electronics,CNY,2024-03-01,2024-03-04,90.0,5152.2,4882.7,15.88,210687.62,16842.22,4,4,0.0,0.1435,0.0555,0.468,18.9,1,False
SHP-103244866,MSC,Tanjung_Pelepas,Hamburg,rail,In_Transit,Chemicals,EUR,2023-01-16,2023-01-24,209.7,844.1,3164.2,4.91,910369.11,39604.32,10,2,0.0,0.4189,0.1498,0.4561,,3,True
SHP-102837125,Yang_Ming,Singapore,Bremen,rail,In_Transit,Consumer_Goods,GBP,2022-09-20,2022-09-22,60.8,7709.8,3579.3,13.93,37726.37,2864.88,9,3,0.0,0.1788,0.1846,0.3139,19.1,3,False
SHP-101332367,Hapag-Lloyd,Tokyo,New_York,sea,In_Transit,Perishables,CNY,2024-06-22,2024-07-03,267.9,21052.5,354.8,1.0,4800.59,70.16,13,3,0.0,0.2556,0.0552,0.7046,,4,False
SHP-100326595,HMM,Mundra,Le_Havre,sea,Customs_Hold,Consumer_Goods,USD,2023-04-15,2023-04-20,131.5,18209.9,48124.2,88.75,17778.59,344.8,20,0,0.0,0.5711,0.3955,0.0465,,1,False
SHP-104787370,Hapag-Lloyd,Ningbo,New_York,road,Delayed,Automotive,CNY,2022-04-30,2022-05-04,114.0,7844.8,888.2,3.84,341011.97,27093.76,13,4,32.3,0.3041,0.1884,0.0569,,3,True
SHP-103323744,Kuehne_Nagel,Tanjung_Pelepas,Bremen,sea,Critical_Delay,Raw_Materials,CNY,2022-01-27,2022-02-21,609.3,5209.8,424.6,0.75,77406.21,2673.02,12,2,21.5,0.0485,0.1873,0.4433,7.2,2,True
SHP-103799590,UPS,Singapore,Felixstowe,sea,Customs_Hold,Automotive,AED,2023-11-22,2023-12-16,596.8,12692.4,25077.4,37.71,6633.26,87.61,18,2,0.0,0.0935,0.2149,0.4703,,4,False
SHP-101557454,Yang_Ming,Shanghai,Los_Angeles,sea,On_Schedule,Raw_Materials,EUR,2024-05-30,2024-06-11,288.0,11647.1,1329.1,2.14,34990.73,2244.37,20,1,0.0,0.0549,0.4057,0.1878,21.6,2,False
SHP-102074737,HMM,Tanjung_Pelepas,Valencia,sea,On_Schedule,Food_Beverage,CNY,2023-07-26,2023-08-13,438.6,19339.4,19185.7,56.68,53758.62,3415.09,7,4,0.0,0.2696,0.0781,0.2014,-3.3,2,False
SHP-103465282,MSC,Jebel_Ali,Hamburg,sea,Delayed,Automotive,GBP,2024-06-02,2024-06-10,200.9,13061.4,3475.7,5.26,106530.78,6944.95,16,5,50.2,0.4407,0.2329,0.3078,,1,False
SHP-101118251,Hapag-Lloyd,Port_Klang,Miami,sea,In_Transit,Chemicals,USD,2023-08-29,2023-09-26,675.3,8504.1,194.3,0.25,3225566.07,19648.86,18,1,0.0,0.2827,0.015,0.4734,,3,False
SHP-102236763,Kuehne_Nagel,Hamburg,Dubai,sea,At_Port,Food_Beverage,USD,2022-06-15,2022-07-05,488.0,20955.7,2060.6,3.94,48756.05,944.05,2,3,0.0,0.0164,0.2535,0.1828,,4,False
SHP-100128736,Maersk,Antwerp,Singapore,rail,On_Schedule,Automotive,SGD,2023-08-12,2023-08-19,179.2,7013.7,2498.6,5.94,706.11,30.23,1,5,0.0,0.2373,0.1388,0.4054,,4,True
SHP-101413655,COSCO,Jebel_Ali,Barcelona,sea,Delayed,Machinery,AED,2023-03-08,2023-03-23,381.4,18004.3,878.3,1.85,30524.07,2339.87,17,4,11.0,0.0174,0.1521,0.753,,2,False
SHP-100404249,MSC,Dubai,Dubai,sea,Delivered,Pharmaceuticals,EUR,2023-11-18,2023-12-12,592.8,3404.9,207.5,0.29,37409.54,1283.36,5,1,4.8,0.1436,0.2275,0.4481,,3,True
SHP-103902299,DB_Schenker,Antwerp,Savannah,sea,On_Schedule,Perishables,SGD,2024-03-18,2024-04-05,440.4,5279.4,430.4,0.8,754466.37,9277.95,15,2,0.0,0.1227,0.1029,0.0533,-1.8,1,True
SHP-100769946,Evergreen,Busan,Savannah,sea,In_Transit,Pharmaceuticals,CNY,2024-08-08,2024-08-12,116.4,17051.8,2755.8,3.87,5076.57,238.78,19,0,0.0,0.1838,0.0292,0.4427,,1,True
SHP-104326874,ZIM,Rotterdam,Dubai,rail,Customs_Hold,Food_Beverage,SGD,2024-05-22,2024-05-26,119.9,7973.9,8636.0,13.82,5202.04,365.29,5,3,0.0,0.3835,0.4877,0.2422,,4,True
SHP-101400751,ZIM,Hamburg,Rotterdam,sea,In_Transit,Automotive,USD,2023-04-21,2023-04-29,206.6,7927.4,35800.7,52.65,13748.11,1081.82,6,3,0.0,0.212,0.4183,0.2392,,2,True
SHP-104525869,Hapag-Lloyd,Tanjung_Pelepas,Baltimore,sea,On_Schedule,Pharmaceuticals,GBP,2024-04-14,2024-04-28,340.4,13269.5,273.2,0.62,1769.29,53.94,9,3,0.0,0.4512,0.1977,0.3818,-3.1,1,True
SHP-102572447,DB_Schenker,Guangzhou,Baltimore,sea,On_Schedule,Food_Beverage,EUR,2024-12-23,2024-12-29,144.4,7809.1,1231.5,1.71,64705.8,3598.29,6,2,0.0,0.2599,0.2997,0.2858,,2,False
SHP-102405002,MSC,Mumbai,Antwerp,sea,On_Schedule,Chemicals,USD,2024-05-04,2024-05-14,240.4,14287.5,63901.1,106.59,140599.51,6380.3,23,4,0.0,0.2331,0.2134,0.1098,,4,False
SHP-100606105,Hapag-Lloyd,Shanghai,Houston,sea,In_Transit,Consumer_Goods,SGD,2024-07-13,2024-08-02,496.3,10108.7,116.7,0.17,66290.13,2661.29,23,1,0.0,0.0851,0.2129,0.2814,,1,False
SHP-104569832,ZIM,Port_Klang,Singapore,air,Customs_Hold,Perishables,SGD,2022-04-29,2022-05-01,50.9,8660.2,22954.0,73.16,143556.62,901.08,4,5,0.0,0.3812,0.167,0.3301,,4,True
SHP-101323826,HMM,Melbourne,Baltimore,sea,On_Schedule,Textiles,GBP,2023-10-21,2023-11-04,338.9,5958.5,48535.0,237.6,170940.53,1620.77,17,4,0.0,0.5063,0.0629,0.4988,-18.2,1,False
SHP-104340689,Yang_Ming,Hamburg,Felixstowe,sea,In_Transit,Perishables,AED,2023-02-26,2023-03-22,585.6,19242.1,13392.5,27.57,8476.4,223.85,4,3,0.0,0.2849,0.3327,0.2651,,2,True
SHP-101543185,MSC,Tokyo,Houston,sea,Critical_Delay,Automotive,EUR,2024-05-27,2024-06-20,594.1,5420.9,17382.3,32.83,9945.95,569.19,17,4,39.6,0.2036,0.4227,0.467,-11.2,1,False
SHP-100654963,DHL,Ningbo,Felixstowe,sea,On_Schedule,Automotive,USD,2023-04-19,2023-04-25,166.7,12235.5,2030.0,3.74,215041.14,11690.69,18,3,0.0,0.3884,0.3474,0.2448,,3,True
SHP-102358712,UPS,Tokyo,Rotterdam,sea,Customs_Hold,Consumer_Goods,EUR,2022-10-17,2022-11-06,492.6,4890.2,1040.4,3.02,25248.86,736.37,15,4,0.0,0.0569,0.079,0.1705,13.3,2,False
SHP-100010951,CMA_CGM,Guangzhou,New_York,sea,At_Port,Machinery,USD,2024-07-02,2024-07-23,517.6,17779.1,1976.6,6.03,118837.19,6920.52,2,4,0.0,0.0716,0.0958,0.1928,,4,False
SHP-102400404,ONE,Mumbai,Piraeus,road,On_Schedule,Textiles,USD,2023-07-09,2023-07-11,69.2,2066.4,12996.4,17.46,290560.99,1765.19,11,2,0.0,0.3376,0.263,0.4774,,4,True
SHP-101708649,Yang_Ming,Busan,Miami,sea,On_Schedule,Automotive,USD,2023-04-19,2023-04-26,188.6,7358.2,134.1,0.22,72562.99,5384.47,4,4,0.0,0.2677,0.0592,0.4537,,4,False
SHP-101393567,Kuehne_Nagel,Tokyo,Savannah,rail,On_Schedule,Pharmaceuticals,GBP,2023-12-27,2024-01-03,177.4,6092.0,218.8,0.41,599097.95,14900.18,8,3,0.0,0.3248,0.0474,0.2206,,2,False
SHP-103683276,Yang_Ming,Antwerp,Rotterdam,sea,At_Port,Machinery,EUR,2024-06-10,2024-06-28,450.9,2704.0,1440.2,2.19,123241.61,3847.48,9,5,0.0,0.2122,0.0554,0.1471,-15.5,3,False
SHP-103667127,FedEx,Felixstowe,Baltimore,sea,On_Schedule,Pharmaceuticals,GBP,2024-01-19,2024-01-27,211.7,20923.6,90.0,0.13,274684.95,3595.47,2,4,0.0,0.4155,0.1106,0.2199,,1,False
SHP-101710505,HMM,Tokyo,New_York,air,Delayed,Automotive,EUR,2023-10-18,2023-10-18,19.9,8835.5,384.0,0.87,1843.95,48.3,6,5,86.5,0.1787,0.054,0.374,5.1,4,False
SHP-102279761,UPS,Felixstowe,Rotterdam,sea,On_Schedule,Pharmaceuticals,EUR,2022-12-05,2022-12-10,138.5,11787.9,5111.7,9.71,42565.58,3342.33,9,3,0.0,0.1425,0.4175,0.4299,,1,True
SHP-100118664,DHL,Busan,Los_Angeles,sea,Customs_Hold,Automotive,USD,2024-01-05,2024-01-26,526.6,14497.0,21572.3,38.17,6150.96,249.06,10,3,0.0,0.4189,0.4101,0.3608,,1,False
SHP-103502594,Hapag-Lloyd,Tokyo,Singapore,sea,In_Transit,Electronics,SGD,2023-10-30,2023-11-07,194.5,14433.7,9865.5,38.63,431847.17,15058.07,18,3,0.0,0.2105,0.3001,0.092,-10.3,3,True
SHP-104898358,FedEx,Guangzhou,Felixstowe,sea,In_Transit,Electronics,USD,2022-05-07,2022-05-25,437.0,7528.0,5278.3,15.97,268583.49,2335.5,12,1,0.0,0.2612,0.2814,0.1751,-19.0,1,True
SHP-102775636,CMA_CGM,Ningbo,Los_Angeles,sea,On_Schedule,Electronics,GBP,2023-10-22,2023-11-13,543.0,10869.5,4.1,0.01,151940.43,1897.14,10,4,0.0,0.3489,0.0064,0.0812,25.7,1,True
SHP-101831580,ONE,Hamburg,Dubai,road,On_Schedule,Food_Beverage,USD,2023-03-10,2023-03-12,59.8,4112.7,1792.8,3.56,311223.97,22259.0,14,2,0.0,0.2826,0.121,0.4308,15.6,3,True
SHP-100183291,ONE,Singapore,Houston,rail,At_Port,Chemicals,SGD,2022-01-08,2022-01-15,168.5,7759.6,19280.9,25.84,36023.46,2733.22,6,2,0.0,0.6108,0.1568,0.3862,,4,True
SHP-103702995,DB_Schenker,Tanjung_Pelepas,Baltimore,air,Delivered,Machinery,SGD,2023-07-02,2023-07-03,36.7,3296.2,187251.2,314.96,8885.63,507.76,13,0,14.3,0.2883,0.1845,0.1521,,3,True
SHP-104804501,COSCO,Melbourne,Singapore,air,Delayed,Food_Beverage,EUR,2023-04-22,2023-04-23,40.5,4003.0,1272.1,2.88,40363.6,1354.93,13,1,5.2,0.4125,0.1319,0.1775,,3,True
SHP-104632245,Hapag-Lloyd,Jebel_Ali,Mumbai,sea,On_Schedule,Perishables,EUR,2022-09-22,2022-10-18,646.8,6598.6,2849.3,6.61,2168324.72,90027.67,18,1,0.0,0.168,0.2642,0.351,,1,True
SHP-104578086,ONE,Antwerp,Genoa,sea,Customs_Hold,Electronics,CNY,2023-12-16,2024-01-14,717.9,5932.0,129.4,0.43,57057.21,2423.55,12,4,0.0,0.4136,0.0162,0.2016,,4,True
SHP-100361461,COSCO,Antwerp,Mumbai,sea,On_Schedule,Electronics,USD,2022-09-26,2022-10-08,290.2,17186.0,924.7,1.33,63735.12,2328.82,22,3,0.0,0.1739,0.0087,0.1675,,3,True
SHP-100123171,ZIM,Mundra,Hamburg,road,Delayed,Textiles,SGD,2022-10-24,2022-10-29,140.0,5441.7,4403.0,12.06,8225.35,534.34,7,1,9.3,0.2588,0.1101,0.21,,1,True
SHP-103722423,CMA_CGM,Mumbai,Piraeus,air,At_Port,Automotive,CNY,2024-12-12,2024-12-14,57.5,5780.5,134084.6,185.23,54016.8,1717.91,1,5,0.0,0.4592,0.0274,0.3987,,2,False
SHP-102808052,HMM,Mumbai,Dubai,sea,On_Schedule,Consumer_Goods,EUR,2024-01-05,2024-01-22,427.0,17451.1,3306.9,5.05,7166.75,462.59,13,2,0.0,0.0677,0.2158,0.3917,6.7,4,False
SHP-101938786,CMA_CGM,Jebel_Ali,Valencia,sea,In_Transit,Consumer_Goods,USD,2023-09-25,2023-10-10,378.5,5034.3,332.5,0.45,494469.73,21187.9,11,2,0.0,0.1759,0.2281,0.5099,,3,False
SHP-103961878,Yang_Ming,Sydney,Miami,sea,On_Schedule,Automotive,GBP,2023-01-13,2023-01-29,407.3,12983.1,3177.7,10.79,40750.59,850.88,21,2,0.0,0.3293,0.2609,0.5584,,2,False
SHP-100490877,COSCO,Jebel_Ali,Antwerp,rail,In_Transit,Machinery,USD,2022-09-16,2022-09-21,121.0,2610.7,182013.1,278.69,512738.78,3623.35,9,4,0.0,0.3818,0.1504,0.3206,6.0,2,True
SHP-104680520,Evergreen,Dubai,Valencia,sea,On_Schedule,Raw_Materials,EUR,2022-02-03,2022-02-13,246.1,12507.1,4461.0,6.48,38462.15,1062.37,14,1,0.0,0.3336,0.1275,0.3413,24.5,2,True
SHP-100350072,CMA_CGM,Sydney,Baltimore,air,In_Transit,Textiles,GBP,2022-03-31,2022-04-01,46.0,570.4,653.2,2.63,77800.23,3031.9,24,5,0.0,0.0921,0.3182,0.359,23.2,2,True
SHP-102003367,Evergreen,Antwerp,Savannah,sea,Delivered,Chemicals,CNY,2023-07-10,2023-08-07,672.7,9253.6,8649.2,12.58,95115.49,7441.9,1,2,35.9,0.437,0.1473,0.5642,-5.9,2,False
SHP-104290468,Kuehne_Nagel,Melbourne,Antwerp,air,At_Port,Consumer_Goods,EUR,2023-12-29,2023-12-31,66.9,5119.0,66.2,0.13,26589.01,1238.96,14,1,0.0,0.4337,0.1243,0.0613,,3,True
SHP-102664765,ONE,Guangzhou,Genoa,sea,On_Schedule,Raw_Materials,CNY,2022-06-24,2022-07-16,532.8,15273.4,6892.4,19.89,9611.86,366.05,19,0,0.0,0.2823,0.2932,0.1735,,3,True
SHP-100147293,Yang_Ming,Singapore,Piraeus,sea,Customs_Hold,Automotive,SGD,2022-11-18,2022-11-23,127.7,6707.1,50470.5,153.32,124355.47,4350.85,8,0,0.0,0.5067,0.06,0.2087,25.2,4,False
SHP-104426598,COSCO,Mundra,Hamburg,sea,On_Schedule,Consumer_Goods,EUR,2022-12-16,2023-01-13,679.6,10840.6,72420.8,110.78,16727140.81,1050633.41,3,0,0.0,0.5021,0.1251,0.4104,,4,True
SHP-102193626,Maersk,Jebel_Ali,Singapore,sea,Customs_Hold,Electronics,USD,2024-10-03,2024-10-21,435.0,15614.0,150.7,0.35,141461.93,2009.36,10,3,0.0,0.1941,0.3041,0.4522,3.3,2,False
SHP-104181996,Hapag-Lloyd,Sydney,Savannah,rail,Customs_Hold,Electronics,USD,2022-10-24,2022-10-26,72.0,4974.4,30086.2,66.31,2063908.18,158567.51,5,3,0.0,0.3352,0.0517,0.2013,,1,True
SHP-104593840,Maersk,Tokyo,Bremen,rail,In_Transit,Consumer_Goods,EUR,2022-01-28,2022-01-29,43.1,6556.8,3316.1,5.93,221061.7,9548.98,1,0,0.0,0.1947,0.2221,0.2275,,1,True
SHP-101995124,DB_Schenker,Chennai,Piraeus,air,In_Transit,Food_Beverage,USD,2022-08-30,2022-09-01,71.1,9726.2,74374.3,100.6,5227.96,371.89,24,0,0.0,0.2172,0.0935,0.3416,,2,True
SHP-103985207,Evergreen,Jebel_Ali,Hamburg,air,On_Schedule,Textiles,USD,2023-06-12,2023-06-13,29.8,10744.6,50515.6,168.04,19324.35,489.01,8,5,0.0,0.3984,0.242,0.1609,,1,False
SHP-100470265,Maersk,Tokyo,Le_Havre,sea,Critical_Delay,Textiles,EUR,2022-07-13,2022-08-02,496.3,7597.5,128407.5,356.33,1083.25,80.51,3,1,19.0,0.1207,0.2319,0.523,,1,True
SHP-100293479,Hapag-Lloyd,Tokyo,Savannah,sea,In_Transit,Automotive,SGD,2022-10-23,2022-10-27,116.3,21222.6,2753.2,6.24,129749.46,7936.88,9,4,0.0,0.3448,0.4201,0.4106,,3,False
SHP-101793382,Kuehne_Nagel,Shanghai,Bremen,air,In_Transit,Consumer_Goods,AED,2023-12-07,2023-12-07,22.9,8562.5,10004.5,15.49,5329.48,184.88,11,1,0.0,0.0939,0.2098,0.3602,,1,True
SHP-103076687,HMM,Sydney,Felixstowe,sea,Delayed,Automotive,CNY,2023-03-22,2023-04-01,249.5,14628.1,3249.2,4.39,319451.65,10097.7,14,5,4.7,0.04,0.2594,0.64,17.5,3,False
SHP-104807116,ONE,Mumbai,Hamburg,sea,Delayed,Consumer_Goods,CNY,2023-07-27,2023-08-10,347.9,21834.5,7736.7,12.27,386796.52,21771.89,5,3,26.9,0.0938,0.1201,0.0743,,4,True
SHP-104231280,Evergreen,Hamburg,Bremen,sea,In_Transit,Pharmaceuticals,AED,2023-08-06,2023-08-27,526.8,16528.3,69182.9,87.17,12393070.67,846722.81,17,0,0.0,0.2084,0.0616,0.4366,,2,False
SHP-100329870,Kuehne_Nagel,Tanjung_Pelepas,Hamburg,sea,On_Schedule,Electronics,SGD,2022-07-28,2022-08-08,266.3,14048.3,500000.0,864.59,54511.35,4321.66,7,5,0.0,0.0272,0.4257,0.1628,22.5,2,True
SHP-102671237,MSC,Rotterdam,Felixstowe,sea,In_Transit,Food_Beverage,AED,2022-12-01,2022-12-15,355.1,6148.5,2327.7,6.73,1598.39,18.18,3,1,0.0,0.2097,0.0444,0.5508,,1,False
SHP-101077582,DB_Schenker,Shanghai,Baltimore,rail,In_Transit,Consumer_Goods,GBP,2024-04-11,2024-04-18,177.6,2065.1,19.8,0.06,52439.38,2289.51,22,5,0.0,0.1669,0.1148,0.3667,,1,True
SHP-102056718,Kuehne_Nagel,Mundra,Dubai,air,On_Schedule,Food_Beverage,USD,2022-05-09,2022-05-11,62.0,3233.0,14145.6,46.35,2998812.59,18492.08,15,5,0.0,0.3913,0.244,0.189,18.5,3,False
SHP-100851310,Yang_Ming,Mundra,Savannah,air,At_Port,Electronics,AED,2023-11-05,2023-11-07,58.0,1395.0,3431.4,11.3,265711.46,20334.11,7,5,0.0,0.389,0.2884,0.1553,,4,True
SHP-103070851,MSC,Mumbai,Rotterdam,sea,Delayed,Raw_Materials,USD,2024-10-03,2024-10-20,421.7,10794.2,434.4,1.01,224650.13,14555.42,1,2,11.0,0.4307,0.0387,0.5293,,4,True
SHP-100603634,Evergreen,Chennai,Piraeus,sea,Delivered,Perishables,EUR,2022-10-15,2022-10-30,377.1,11860.3,1222.0,3.05,26641.59,1536.49,24,0,37.6,0.1264,0.6424,0.4424,,1,True
SHP-102114796,Maersk,Dubai,Bremen,air,In_Transit,Textiles,GBP,2023-07-19,2023-07-21,55.8,11523.7,1151.4,1.94,248324.11,15980.34,13,2,0.0,0.2155,0.094,0.1762,,1,False
SHP-100967825,Yang_Ming,Busan,Piraeus,sea,In_Transit,Textiles,AED,2024-02-09,2024-02-16,188.2,16610.1,48612.5,66.42,117479.64,5838.22,11,0,0.0,0.0025,0.6031,0.4822,24.1,4,True
SHP-101595492,HMM,Tanjung_Pelepas,Savannah,air,On_Schedule,Food_Beverage,GBP,2024-01-29,2024-01-30,44.4,13782.2,8184.0,13.93,48832.44,2938.4,13,0,0.0,0.0673,0.0967,0.1668,-9.2,2,True
SHP-103830525,Hapag-Lloyd,Shanghai,Valencia,sea,On_Schedule,Electronics,USD,2024-01-11,2024-01-22,279.7,4695.6,1904.1,2.93,51333.85,1685.57,22,2,0.0,0.0399,0.366,0.1222,,4,True
SHP-103997317,FedEx,Ningbo,Savannah,air,In_Transit,Automotive,CNY,2022-01-22,2022-01-24,57.5,10189.9,1918.9,7.84,824407.56,44404.04,16,4,0.0,0.0667,0.0184,0.4667,,4,False
SHP-104699330,ZIM,Guangzhou,Singapore,sea,On_Schedule,Food_Beverage,EUR,2023-08-26,2023-09-07,306.3,10600.5,66401.0,92.12,59890.52,3249.41,14,0,0.0,0.3407,0.1827,0.6702,20.4,1,False
SHP-104460509,CMA_CGM,Mundra,Hamburg,sea,In_Transit,Machinery,USD,2024-06-01,2024-06-23,536.1,3926.4,4615.1,17.56,5787.63,311.23,8,3,0.0,0.5943,0.0908,0.2641,8.2,1,False
SHP-101788824,CMA_CGM,Singapore,Antwerp,sea,Delayed,Food_Beverage,SGD,2024-11-30,2024-12-25,617.5,18957.5,6193.3,8.01,214071.43,9434.89,19,2,75.4,0.2668,0.1723,0.1798,,4,True
SHP-103990744,Kuehne_Nagel,Guangzhou,Felixstowe,sea,Delayed,Electronics,USD,2022-03-22,2022-04-07,404.2,19195.4,2908.6,5.54,661855.6,15241.2,21,3,20.0,0.3898,0.1483,0.4012,,2,False
SHP-103067044,Yang_Ming,Colombo,Rotterdam,sea,Critical_Delay,Textiles,SGD,2023-10-01,2023-10-16,381.9,5598.8,1735.3,2.59,153489.79,1731.0,10,0,18.9,0.1488,0.5106,0.195,,3,False
SHP-103023633,ONE,Mumbai,Genoa,sea,On_Schedule,Textiles,CNY,2023-04-18,2023-04-30,310.3,7653.8,382.5,0.9,22357.03,261.59,23,1,0.0,0.7089,0.2653,0.7244,,2,False
SHP-102937857,COSCO,Ningbo,Los_Angeles,sea,At_Port,Food_Beverage,CNY,2024-08-29,2024-09-07,218.6,16353.0,99197.2,414.64,70680.76,5193.78,12,4,0.0,0.1927,0.1602,0.2819,,3,True
SHP-101076366,COSCO,Busan,Savannah,air,In_Transit,Perishables,GBP,2023-12-28,2023-12-29,28.9,10270.5,614.3,2.28,101928.5,2044.35,13,3,0.0,0.312,0.0584,0.3305,,1,False
SHP-101471816,COSCO,Port_Klang,Le_Havre,road,In_Transit,Consumer_Goods,USD,2022-06-21,2022-06-22,25.5,3172.2,681.1,1.34,272261.99,21642.26,9,0,0.0,0.5787,0.0726,0.2237,29.4,2,True
SHP-103748154,Yang_Ming,Dubai,Genoa,sea,In_Transit,Chemicals,SGD,2022-02-02,2022-02-12,247.6,16514.9,14437.2,19.64,61704.51,622.19,4,0,0.0,0.4214,0.3682,0.0558,-7.5,4,True
SHP-104414703,DB_Schenker,Shanghai,Barcelona,sea,On_Schedule,Textiles,CNY,2022-05-08,2022-05-22,339.4,11003.9,1642.0,5.8,11681.36,352.07,9,4,0.0,0.1544,0.2509,0.5399,,3,True
SHP-103218985,DB_Schenker,Mumbai,Houston,air,In_Transit,Raw_Materials,SGD,2022-09-15,2022-09-17,62.6,10359.3,582.0,2.47,58667.13,1829.4,7,3,0.0,0.3038,0.2553,0.0956,-8.0,3,True
SHP-101574920,Kuehne_Nagel,Ningbo,Singapore,sea,In_Transit,Perishables,GBP,2024-12-24,2025-01-18,606.8,14542.8,40494.6,60.33,91346.74,3246.12,22,2,0.0,0.1831,0.1472,0.399,,2,True
SHP-102678149,DHL,Chennai,Valencia,sea,On_Schedule,Food_Beverage,EUR,2024-02-23,2024-03-18,581.1,13528.1,2920.8,5.85,131700.02,7093.36,22,2,0.0,0.6264,0.148,0.1602,,1,False
SHP-103922640,HMM,Felixstowe,New_York,sea,Delivered,Raw_Materials,AED,2024-02-06,2024-02-22,391.2,14409.6,4966.7,6.85,79240.82,2064.29,3,1,33.7,0.6122,0.3429,0.6133,,2,True
SHP-103752856,COSCO,Hamburg,New_York,air,Delayed,Pharmaceuticals,USD,2023-11-13,2023-11-14,41.5,3679.3,6378.9,17.73,21034.15,1296.11,14,5,39.6,0.4907,0.2009,0.3725,,2,True
SHP-100761874,DB_Schenker,Shanghai,Dubai,sea,Critical_Delay,Raw_Materials,SGD,2024-01-10,2024-01-30,502.3,10538.9,416.2,1.96,12488.33,765.2,8,2,6.6,0.1068,0.5537,0.4663,,3,True
SHP-103337126,FedEx,Jebel_Ali,Genoa,air,On_Schedule,Electronics,CNY,2022-06-01,2022-06-02,38.1,4261.9,2017.0,4.18,4039.64,172.8,16,0,0.0,0.0918,0.2345,0.279,,4,False
SHP-101904867,COSCO,Dubai,Genoa,sea,At_Port,Raw_Materials,SGD,2022-02-09,2022-02-14,141.3,18481.2,3332.1,11.77,110079.11,3544.94,11,1,0.0,0.3161,0.1393,0.2429,,2,False
SHP-102357004,Yang_Ming,Colombo,Rotterdam,sea,At_Port,Raw_Materials,CNY,2022-11-25,2022-11-29,107.0,8910.4,284.4,0.59,16812.84,1108.81,14,2,0.0,0.4868,0.0869,0.1688,-7.1,1,False
SHP-104472207,Evergreen,Felixstowe,New_York,sea,In_Transit,Automotive,GBP,2023-02-20,2023-03-08,387.2,7298.1,12112.7,22.98,42627.6,1028.2,15,1,0.0,0.1167,0.0325,0.6528,-2.1,4,True
SHP-104981078,DHL,Jebel_Ali,Miami,rail,In_Transit,Perishables,EUR,2023-08-07,2023-08-11,103.0,7267.6,7162.6,11.87,272805.78,21379.21,9,5,0.0,0.4741,0.1229,0.1647,-0.1,2,True
SHP-104687123,CMA_CGM,Busan,Sydney,sea,On_Schedule,Textiles,AED,2023-01-03,2023-01-29,640.8,8021.7,1121.2,3.51,15519.2,653.63,2,3,0.0,0.2807,0.4285,0.4187,,2,True
SHP-103773613,DB_Schenker,Dubai,Savannah,sea,Customs_Hold,Consumer_Goods,CNY,2023-03-11,2023-03-25,354.8,5165.6,1402.7,2.24,9041.54,376.06,12,5,0.0,0.3785,0.086,0.0954,,2,True
SHP-103689340,HMM,Guangzhou,Mumbai,sea,On_Schedule,Consumer_Goods,EUR,2023-03-13,2023-04-03,505.1,13578.8,10739.1,26.95,1920090.15,86446.11,23,0,0.0,0.4645,0.2165,0.1464,,4,True
SHP-100588404,CMA_CGM,Antwerp,Le_Havre,sea,Delayed,Electronics,GBP,2022-01-19,2022-01-30,287.7,7332.4,39.5,0.14,142084.98,7360.22,21,5,9.6,0.073,0.1591,0.4882,-2.4,4,True
SHP-103055542,ONE,Sydney,Baltimore,air,On_Schedule,Consumer_Goods,CNY,2022-08-20,2022-08-21,48.0,1447.2,16748.7,23.02,8390.02,167.95,14,0,0.0,0.2446,0.2924,0.3696,,3,False
SHP-103685207,Hapag-Lloyd,Tokyo,Singapore,sea,Delayed,Textiles,CNY,2024-06-02,2024-06-22,483.0,2898.6,965.0,1.23,49723.28,2028.46,23,1,1.4,0.4739,0.4414,0.2147,,1,True
SHP-104491047,Evergreen,Port_Klang,Sydney,road,On_Schedule,Chemicals,GBP,2024-10-23,2024-10-24,30.3,5759.2,298024.5,936.04,453851.3,11460.98,1,3,0.0,0.2484,0.1235,0.5517,,1,True
SHP-101885606,MSC,Colombo,Savannah,air,At_Port,Electronics,SGD,2023-09-15,2023-09-15,19.5,4365.7,326.7,0.42,6350.91,410.88,9,0,0.0,0.2978,0.3886,0.7644,,1,True
SHP-103217723,Kuehne_Nagel,Sydney,Bremen,air,Delayed,Raw_Materials,SGD,2022-08-01,2022-08-03,65.9,8561.7,24.8,0.04,20697.6,932.08,21,2,13.5,0.1017,0.1072,0.1019,,4,False
SHP-102573058,COSCO,Hamburg,Genoa,sea,In_Transit,Raw_Materials,SGD,2022-10-01,2022-10-27,638.1,14430.7,189063.6,401.88,1806039.65,141963.65,2,4,0.0,0.1879,0.147,0.2209,-12.7,3,False
SHP-103147714,Maersk,Mundra,New_York,sea,Critical_Delay,Textiles,AED,2024-07-07,2024-08-04,676.9,10047.2,612.8,2.85,23481.97,464.86,14,2,4.4,0.3353,0.5538,0.1222,23.0,1,True
SHP-104511794,Yang_Ming,Felixstowe,Hamburg,sea,Customs_Hold,Textiles,SGD,2024-09-04,2024-09-08,112.9,16050.1,5847.2,24.78,6851.02,329.49,13,1,0.0,0.4039,0.0591,0.4188,-19.3,4,False
SHP-100979989,Hapag-Lloyd,Tokyo,Dubai,road,Critical_Delay,Automotive,SGD,2022-06-03,2022-06-10,178.5,5695.2,2184.7,9.67,73256.95,5401.77,1,1,18.8,0.539,0.1261,0.6871,,2,False
SHP-100995363,UPS,Melbourne,Le_Havre,sea,Delayed,Machinery,CNY,2022-08-20,2022-08-24,103.7,15249.3,1130.6,1.56,321417.67,17989.34,4,1,0.7,0.2866,0.2176,0.2046,,4,False
SHP-104925969,Kuehne_Nagel,Mumbai,Miami,sea,On_Schedule,Pharmaceuticals,AED,2022-05-28,2022-06-13,386.0,19307.5,1562.7,4.22,185115.83,3894.45,19,2,0.0,0.0331,0.165,0.6979,,3,False
SHP-101016255,Yang_Ming,Antwerp,Los_Angeles,sea,On_Schedule,Machinery,SGD,2022-07-18,2022-08-01,352.7,14458.8,114.1,0.5,126064.68,2214.96,5,5,0.0,0.3868,0.0674,0.2675,22.8,3,True
SHP-104928624,Yang_Ming,Port_Klang,Sydney,sea,At_Port,Machinery,USD,2024-05-21,2024-06-12,531.6,8292.0,10395.5,18.2,173418.41,8944.15,14,5,0.0,0.1759,0.061,0.4691,,1,True
SHP-103012253,COSCO,Chennai,Genoa,sea,In_Transit,Machinery,SGD,2024-06-26,2024-07-01,136.8,7906.9,93415.6,160.84,1376876.99,44842.39,23,0,0.0,0.3739,0.4076,0.1497,3.5,4,False
SHP-102522011,Kuehne_Nagel,Shanghai,Piraeus,sea,In_Transit,Machinery,EUR,2023-12-29,2024-01-09,278.8,12717.0,14545.2,35.01,271550.61,7875.36,18,4,0.0,0.1449,0.1418,0.3063,-17.8,4,True
SHP-103440407,Kuehne_Nagel,Colombo,Barcelona,rail,At_Port,Chemicals,GBP,2022-08-03,2022-08-06,93.9,2192.6,2621.0,4.89,150731.14,5462.32,3,5,0.0,0.2101,0.0455,0.7724,,1,True
SHP-103930469,Kuehne_Nagel,Singapore,Genoa,air,On_Schedule,Chemicals,SGD,2022-05-28,2022-05-29,28.8,14610.4,8235.0,24.12,98868.74,4951.58,10,3,0.0,0.0365,0.0787,0.2417,,4,True
SHP-102772128,HMM,Sydney,Le_Havre,sea,In_Transit,Chemicals,USD,2023-03-26,2023-04-24,711.6,869.4,58814.4,169.58,925.23,16.21,17,1,0.0,0.1458,0.2635,0.4505,-9.9,2,True
SHP-100927110,DB_Schenker,Busan,Valencia,sea,At_Port,Raw_Materials,GBP,2024-12-10,2025-01-08,704.5,13212.3,38542.8,85.83,389279.39,30555.17,4,0,0.0,0.4616,0.444,0.1235,,4,True
SHP-102456119,CMA_CGM,Jebel_Ali,Singapore,sea,Delayed,Textiles,EUR,2022-06-30,2022-07-04,106.1,1537.8,4705.7,10.4,18431.71,1317.68,3,4,65.4,0.4195,0.1337,0.4028,,2,True
SHP-102183717,FedEx,Melbourne,Los_Angeles,sea,At_Port,Machinery,GBP,2023-01-11,2023-01-15,105.5,7812.7,1348.8,2.31,27209.44,1569.64,1,1,0.0,0.2401,0.5289,0.4457,,3,True
SHP-101068525,UPS,Tokyo,Rotterdam,sea,In_Transit,Consumer_Goods,AED,2024-05-14,2024-05-30,399.1,12264.5,410.1,0.62,39156.59,1135.84,15,2,0.0,0.2704,0.4495,0.3299,-9.7,2,True
SHP-101751910,CMA_CGM,Mundra,Sydney,sea,In_Transit,Consumer_Goods,CNY,2024-10-29,2024-11-23,620.9,12107.6,131509.5,396.08,5023.21,97.42,14,4,0.0,0.1009,0.1463,0.2285,,1,True
SHP-101984411,Yang_Ming,Chennai,Valencia,rail,In_Transit,Chemicals,GBP,2024-09-13,2024-09-18,137.9,1172.9,38789.5,96.34,203866.76,14766.67,6,3,0.0,0.4197,0.1658,0.424,,2,True
SHP-100806651,Evergreen,Melbourne,Rotterdam,sea,At_Port,Pharmaceuticals,EUR,2023-12-17,2023-12-27,248.3,12452.7,3034.2,5.16,607616.0,46215.49,10,4,0.0,0.2351,0.2939,0.2805,,4,True
SHP-100074180,Evergreen,Chennai,Hamburg,sea,On_Schedule,Food_Beverage,USD,2023-04-19,2023-04-29,246.1,17361.0,8751.6,16.59,39533.92,444.87,1,0,0.0,0.2886,0.379,0.6916,29.2,1,False
SHP-103580275,MSC,Busan,Piraeus,rail,In_Transit,Textiles,GBP,2023-04-10,2023-04-12,50.5,4092.0,2042.5,7.6,49155.34,2702.58,10,3,0.0,0.2989,0.3779,0.4592,10.6,2,False
SHP-102130836,Kuehne_Nagel,Rotterdam,Miami,sea,At_Port,Textiles,AED,2024-04-13,2024-04-20,189.5,6785.2,5297.7,22.16,62196.54,574.33,21,3,0.0,0.1893,0.0794,0.2329,-13.5,4,False
SHP-100510290,Evergreen,Colombo,Antwerp,sea,Critical_Delay,Pharmaceuticals,EUR,2023-02-22,2023-02-27,125.1,17663.7,11125.9,34.92,1060858.1,49702.66,1,4,11.2,0.5096,0.1719,0.4171,,1,False
SHP-101655550,Maersk,Tokyo,Houston,sea,On_Schedule,Automotive,CNY,2022-12-14,2022-12-22,210.5,15825.3,36392.9,130.58,20758.78,532.96,21,5,0.0,0.2102,0.3504,0.4253,,2,False
SHP-102927940,MSC,Antwerp,Le_Havre,sea,On_Schedule,Food_Beverage,USD,2024-07-04,2024-07-14,262.2,18416.4,315.1,0.99,4649.17,79.53,5,5,0.0,0.4921,0.1486,0.5491,7.6,3,False
SHP-102617108,FedEx,Sydney,Barcelona,air,Customs_Hold,Consumer_Goods,SGD,2023-01-23,2023-01-24,39.9,5073.1,32930.9,63.16,5584.14,66.03,21,0,0.0,0.2656,0.1511,0.1785,,1,True
SHP-104530504,Hapag-Lloyd,Port_Klang,Hamburg,air,In_Transit,Textiles,AED,2024-11-11,2024-11-13,64.4,13083.1,483.8,0.72,13568.24,647.33,20,1,0.0,0.3722,0.514,0.1475,,4,True
SHP-104558600,Evergreen,Chennai,Felixstowe,sea,In_Transit,Automotive,GBP,2022-09-02,2022-09-29,668.6,4486.0,4050.3,11.33,32011.55,165.9,16,4,0.0,0.13,0.3332,0.3527,,3,False
SHP-101669657,Maersk,Antwerp,Savannah,sea,At_Port,Textiles,CNY,2024-04-19,2024-05-11,550.5,17475.0,329.8,0.54,15031.56,404.75,24,4,0.0,0.5239,0.3143,0.5311,,4,True
SHP-101882912,DHL,Guangzhou,Singapore,road,Delayed,Consumer_Goods,USD,2024-01-27,2024-01-31,118.9,6450.7,1907.2,5.29,4090.57,59.21,7,0,17.6,0.3351,0.3856,0.3682,-6.8,2,True
SHP-100472702,Yang_Ming,Sydney,Piraeus,sea,In_Transit,Chemicals,AED,2023-12-10,2023-12-15,134.4,4397.3,216.3,0.3,14130.03,993.75,3,3,0.0,0.4222,0.095,0.2415,-4.5,3,False
SHP-103070324,MSC,Sydney,Dubai,sea,Customs_Hold,Chemicals,USD,2024-10-21,2024-10-26,124.2,15207.4,173.5,0.32,3929003.63,233305.65,22,5,0.0,0.2812,0.1022,0.3434,20.8,3,False
SHP-102249672,ZIM,Colombo,Dubai,rail,Delayed,Automotive,USD,2022-12-05,2022-12-06,24.7,5237.1,77435.9,99.66,13390.2,988.97,2,2,5.0,0.0731,0.1548,0.3219,,4,True
SHP-103921063,Evergreen,Port_Klang,Antwerp,road,In_Transit,Food_Beverage,SGD,2022-01-05,2022-01-07,59.6,5695.6,153.4,0.31,839.18,8.6,17,3,0.0,0.2329,0.0203,0.094,6.7,4,True
SHP-102905202,Evergreen,Tokyo,Singapore,sea,Customs_Hold,Food_Beverage,GBP,2022-07-06,2022-07-23,408.9,6564.6,247.5,0.71,16958.62,454.86,9,5,0.0,0.1953,0.3113,0.3928,,1,True
SHP-101934483,COSCO,Port_Klang,Antwerp,air,Customs_Hold,Food_Beverage,GBP,2022-05-12,2022-05-13,41.7,13719.9,25248.2,34.15,1840192.05,106887.92,15,1,0.0,0.2034,0.0544,0.1909,22.9,1,True
SHP-102343750,HMM,Antwerp,Singapore,sea,On_Schedule,Raw_Materials,GBP,2022-11-14,2022-11-28,350.9,6345.4,384.6,0.72,305408.41,12556.95,10,5,0.0,0.2182,0.2439,0.1353,,3,True
SHP-102657438,COSCO,Singapore,Hamburg,sea,In_Transit,Food_Beverage,USD,2024-06-26,2024-07-18,538.4,3782.5,735.1,0.95,285943.79,21229.96,18,2,0.0,0.082,0.2341,0.4202,,4,True
SHP-102152333,Hapag-Lloyd,Ningbo,Le_Havre,air,In_Transit,Electronics,USD,2022-08-17,2022-08-19,71.8,12478.6,6541.4,8.72,288477.41,20336.05,20,0,0.0,0.1469,0.2156,0.5875,7.3,4,False
SHP-103461769,Yang_Ming,Ningbo,Le_Havre,sea,On_Schedule,Chemicals,EUR,2024-11-05,2024-11-21,403.7,17165.4,6533.5,10.62,3631.57,263.04,2,2,0.0,0.2637,0.0783,0.3473,,4,False
SHP-100875364,HMM,Singapore,Felixstowe,rail,In_Transit,Machinery,CNY,2022-01-30,2022-02-02,72.8,4021.7,19978.8,55.29,753136.85,52671.01,12,1,0.0,0.5473,0.0948,0.1031,,2,False
SHP-104234232,ONE,Hamburg,Antwerp,rail,On_Schedule,Perishables,USD,2023-12-07,2023-12-08,32.7,3328.9,1440.8,6.44,52571.26,3026.95,11,3,0.0,0.2944,0.307,0.4579,,4,True
SHP-102434320,CMA_CGM,Chennai,Singapore,road,On_Schedule,Automotive,USD,2024-09-04,2024-09-05,34.6,4559.1,3713.5,5.6,3527.37,101.36,11,5,0.0,0.0842,0.2984,0.1635,0.5,2,True
SHP-101510757,Hapag-Lloyd,Port_Klang,New_York,air,On_Schedule,Chemicals,SGD,2024-07-15,2024-07-15,17.7,3303.0,16.9,0.03,15440.96,864.24,7,5,0.0,0.43,0.4017,0.6175,,4,True
SHP-102167358,Kuehne_Nagel,Port_Klang,Miami,rail,Critical_Delay,Consumer_Goods,GBP,2024-12-04,2024-12-05,34.0,380.5,122.8,0.22,42591.87,2954.32,11,0,4.1,0.2132,0.0566,0.0607,,2,True
SHP-103955987,CMA_CGM,Tanjung_Pelepas,Felixstowe,sea,Delayed,Raw_Materials,SGD,2024-09-10,2024-10-07,648.4,6552.9,1154.7,2.63,383878.42,7516.05,23,0,1.0,0.3276,0.0803,0.2755,,2,False
SHP-104635724,ZIM,Guangzhou,Singapore,sea,Delayed,Pharmaceuticals,SGD,2022-08-19,2022-09-11,572.0,9152.4,2250.3,5.18,48491.91,2165.11,4,5,3.6,0.2691,0.1977,0.3739,,1,False
SHP-101962042,UPS,Dubai,New_York,sea,In_Transit,Food_Beverage,GBP,2024-05-06,2024-05-21,360.7,13405.2,5724.2,19.46,48571.74,3250.02,21,0,0.0,0.4993,0.4234,0.0846,-10.6,3,False
SHP-102986738,UPS,Antwerp,Dubai,sea,On_Schedule,Chemicals,USD,2023-08-20,2023-09-14,623.4,16753.9,5095.6,7.96,9505.19,605.15,9,0,0.0,0.0869,0.1064,0.2408,,1,True
SHP-103481248,UPS,Singapore,Los_Angeles,rail,On_Schedule,Machinery,GBP,2023-09-03,2023-09-04,44.9,3608.6,6627.0,8.67,53843.77,2227.81,4,4,0.0,0.2631,0.2175,0.1956,,4,True
SHP-102744150,UPS,Ningbo,Genoa,sea,At_Port,Perishables,SGD,2024-05-22,2024-06-07,406.0,4311.9,10028.3,43.66,6194.31,48.55,5,2,0.0,0.1857,0.1514,0.0229,,2,False
SHP-100190711,DHL,Busan,Sydney,sea,Delayed,Textiles,AED,2024-12-02,2024-12-24,549.5,8161.7,180.0,0.51,34683.14,1417.34,19,2,35.6,0.3867,0.2167,0.457,-19.8,2,False
SHP-103015224,Maersk,Jebel_Ali,Piraeus,rail,On_Schedule,Automotive,USD,2024-03-15,2024-03-17,64.6,7576.8,152.2,0.29,493883.55,11770.48,15,2,0.0,0.4903,0.2398,0.1402,,4,True
SHP-101292931,UPS,Tokyo,Le_Havre,sea,On_Schedule,Food_Beverage,GBP,2022-08-19,2022-08-31,310.3,18202.0,2952.2,6.22,149002.47,3869.98,4,4,0.0,0.3391,0.1992,0.3609,,2,True
SHP-100501287,Yang_Ming,Tanjung_Pelepas,Felixstowe,road,On_Schedule,Consumer_Goods,GBP,2023-07-10,2023-07-19,232.7,4648.4,1056.3,3.89,250376.69,3305.93,10,3,0.0,0.2348,0.07,0.312,,4,False
SHP-104354719,FedEx,Mundra,New_York,sea,On_Schedule,Automotive,SGD,2024-06-08,2024-06-23,382.0,7069.1,1088.3,5.2,6702.35,54.0,3,1,0.0,0.4402,0.2066,0.1731,,3,True
SHP-101624230,CMA_CGM,Rotterdam,Baltimore,road,Delayed,Pharmaceuticals,GBP,2022-10-24,2022-10-30,155.1,513.4,5998.4,9.3,13207.31,806.73,11,2,33.9,0.1416,0.0501,0.2033,-13.8,4,True
SHP-102128247,Maersk,Mumbai,Savannah,sea,In_Transit,Electronics,CNY,2022-11-25,2022-12-01,156.7,8594.9,75420.5,117.76,51027.41,3133.3,1,2,0.0,0.4171,0.3596,0.2051,,2,True
SHP-104412215,COSCO,Hamburg,Le_Havre,air,Customs_Hold,Raw_Materials,EUR,2023-02-22,2023-02-23,41.7,2228.5,32457.2,77.32,2483312.6,156444.36,17,3,0.0,0.2424,0.2502,0.3704,,1,False
SHP-102188483,ZIM,Chennai,Los_Angeles,air,In_Transit,Raw_Materials,GBP,2024-08-28,2024-08-30,66.5,4257.1,2416.7,3.3,76453.43,1030.37,5,1,0.0,0.4739,0.0303,0.3357,,3,False
SHP-103428884,ZIM,Jebel_Ali,Bremen,sea,At_Port,Textiles,SGD,2024-10-02,2024-10-20,438.8,15777.4,71889.8,97.85,1133.34,7.71,16,4,0.0,0.3325,0.2071,0.3954,,4,True
SHP-104714425,ONE,Melbourne,Miami,sea,On_Schedule,Food_Beverage,AED,2024-06-22,2024-06-28,146.0,13465.1,53685.3,108.41,451596.69,25513.22,24,3,0.0,0.2344,0.2941,0.4949,,2,True
SHP-101539420,Hapag-Lloyd,Mundra,Miami,sea,At_Port,Automotive,USD,2022-01-21,2022-02-02,288.0,1420.8,3797.0,11.76,118136.08,6794.31,9,3,0.0,0.6224,0.3248,0.382,5.2,4,True
SHP-102888108,Evergreen,Shanghai,Singapore,air,Critical_Delay,Perishables,SGD,2023-08-21,2023-08-23,65.3,12127.6,20210.5,35.55,32512.09,1778.89,19,2,0.8,0.5288,0.0623,0.4765,11.1,1,False
SHP-100631742,Kuehne_Nagel,Melbourne,New_York,sea,Critical_Delay,Electronics,EUR,2023-12-30,2024-01-03,99.3,14796.6,5120.2,10.83,1570.79,101.07,6,3,31.2,0.236,0.2889,0.2777,,4,False
SHP-103099441,Evergreen,Mumbai,Genoa,air,Customs_Hold,Electronics,EUR,2023-01-11,2023-01-13,60.9,11347.1,27227.3,135.39,22679.67,1439.25,15,2,0.0,0.3533,0.0765,0.2275,,4,True
SHP-103679829,ONE,Melbourne,Sydney,rail,Customs_Hold,Machinery,EUR,2024-10-31,2024-11-07,184.5,5329.6,39.3,0.17,3026.2,48.17,1,2,0.0,0.2745,0.2846,0.4225,0.3,2,True
SHP-104608223,COSCO,Sydney,Bremen,sea,Customs_Hold,Food_Beverage,GBP,2023-11-16,2023-11-22,149.2,11289.0,35684.9,112.24,1791.49,124.11,14,1,0.0,0.2675,0.2611,0.2533,,4,False
SHP-102796311,CMA_CGM,Port_Klang,Singapore,rail,Delayed,Food_Beverage,CNY,2022-08-06,2022-08-10,119.7,1658.0,41162.5,58.17,76019.37,3807.06,18,3,2.1,0.4162,0.1337,0.2549,,1,True
SHP-101463070,FedEx,Singapore,Sydney,sea,Customs_Hold,Machinery,SGD,2024-01-11,2024-02-05,616.4,4100.9,54243.1,89.52,112217.11,5328.19,5,1,0.0,0.4979,0.1932,0.2156,,2,True
SHP-103331098,COSCO,Felixstowe,New_York,sea,In_Transit,Food_Beverage,USD,2022-01-13,2022-02-10,684.9,13342.7,6098.5,9.06,2857.27,225.75,17,5,0.0,0.2674,0.2165,0.4781,-10.0,4,True
SHP-100613139,Hapag-Lloyd,Port_Klang,Los_Angeles,sea,In_Transit,Food_Beverage,USD,2022-11-27,2022-12-22,616.7,1358.8,1307.1,4.65,38756.64,2558.85,19,0,0.0,0.24,0.2573,0.4165,,2,True
SHP-101654412,Kuehne_Nagel,Antwerp,New_York,sea,On_Schedule,Food_Beverage,AED,2022-04-10,2022-04-14,114.0,2022.6,61460.2,134.37,22587.68,917.09,17,1,0.0,0.3771,0.1869,0.3488,0.1,1,True
SHP-103366019,HMM,Shanghai,Hamburg,air,Delayed,Machinery,SGD,2023-07-15,2023-07-17,48.5,4782.6,4350.7,10.02,379089.13,22479.96,1,0,37.5,0.1698,0.4006,0.5218,,4,False
SHP-102292040,FedEx,Mundra,Barcelona,sea,In_Transit,Chemicals,EUR,2024-07-17,2024-07-24,183.9,8981.4,3248.0,5.54,101760.57,3247.03,20,2,0.0,0.0918,0.1165,0.2398,1.1,2,True
SHP-100329509,DB_Schenker,Port_Klang,Hamburg,sea,On_Schedule,Chemicals,USD,2022-09-29,2022-10-12,325.6,15994.0,41.1,0.06,617591.05,16758.07,11,3,0.0,0.2126,0.1749,0.1783,-8.7,4,True
SHP-101999436,COSCO,Chennai,Le_Havre,sea,On_Schedule,Perishables,SGD,2023-11-17,2023-12-05,441.9,12508.7,100031.8,145.76,1259.17,38.88,11,4,0.0,0.4484,0.1738,0.3745,,1,True
SHP-104289244,Yang_Ming,Antwerp,Le_Havre,rail,Delivered,Pharmaceuticals,SGD,2022-03-11,2022-03-15,103.2,4659.7,19361.0,58.33,21101.48,406.98,3,2,23.6,0.5438,0.0844,0.2713,-11.6,3,False
SHP-100741517,Hapag-Lloyd,Shanghai,Bremen,sea,Customs_Hold,Consumer_Goods,CNY,2023-05-31,2023-06-09,230.4,9157.2,800.4,1.15,3802.06,262.87,18,4,0.0,0.1163,0.1243,0.1475,,2,False
SHP-103523726,DB_Schenker,Tanjung_Pelepas,Piraeus,sea,On_Schedule,Textiles,USD,2022-05-02,2022-05-20,432.7,6064.7,2798.6,10.57,46153.66,1923.42,3,0,0.0,0.3467,0.0056,0.0171,,4,True
SHP-104148401,DHL,Antwerp,Mumbai,rail,In_Transit,Pharmaceuticals,AED,2022-05-28,2022-06-06,224.0,7921.9,3842.3,9.28,18356.43,787.17,20,3,0.0,0.1303,0.1454,0.0913,,4,True
SHP-100016430,Kuehne_Nagel,Hamburg,Sydney,sea,On_Schedule,Raw_Materials,GBP,2024-03-13,2024-03-24,287.6,20811.2,7544.6,11.56,236521.14,12793.57,20,5,0.0,0.1945,0.0831,0.0327,,1,True
SHP-103736932,Evergreen,Hamburg,Bremen,air,Customs_Hold,Machinery,CNY,2022-07-31,2022-08-01,38.1,4706.7,2254.2,11.2,210780.14,3421.5,5,2,0.0,0.4264,0.2587,0.5259,,1,False
SHP-100537368,Yang_Ming,Mumbai,Bremen,air,On_Schedule,Perishables,GBP,2023-10-20,2023-10-20,15.3,3793.3,25942.7,36.02,34878.25,268.47,3,2,0.0,0.3279,0.0284,0.4316,,4,True
SHP-100730783,DB_Schenker,Chennai,Antwerp,sea,On_Schedule,Consumer_Goods,USD,2024-01-23,2024-02-12,494.6,15598.2,185.6,0.25,177365.02,8201.82,23,1,0.0,0.194,0.2844,0.4121,-10.6,4,True
SHP-103231955,CMA_CGM,Sydney,Piraeus,sea,On_Schedule,Food_Beverage,SGD,2024-03-03,2024-03-08,130.8,9825.1,1222.8,3.12,22441.36,250.92,3,2,0.0,0.0759,0.0705,0.2839,,3,True
SHP-101615058,COSCO,Chennai,Dubai,sea,At_Port,Electronics,USD,2024-09-27,2024-10-01,99.7,14597.5,3281.6,8.08,421618.3,14028.92,9,5,0.0,0.2353,0.3845,0.1784,,2,False
SHP-100658557,MSC,Singapore,Los_Angeles,sea,Delayed,Automotive,EUR,2022-06-24,2022-07-07,335.5,15694.7,23733.2,91.96,213551.44,15802.35,3,0,38.7,0.2368,0.0398,0.0327,,1,False
SHP-104739711,Yang_Ming,Mundra,Le_Havre,road,On_Schedule,Pharmaceuticals,SGD,2022-07-16,2022-07-17,41.0,6593.0,2369.4,3.67,18413.66,829.34,20,0,0.0,0.4627,0.1019,0.2744,,3,True
SHP-100891608,Yang_Ming,Busan,Rotterdam,air,Critical_Delay,Electronics,AED,2022-02-11,2022-02-12,42.2,5838.7,1639.7,3.52,545585.87,24006.18,23,4,46.1,0.2438,0.1027,0.2497,21.0,2,True
SHP-102927955,CMA_CGM,Rotterdam,New_York,sea,Customs_Hold,Raw_Materials,EUR,2022-11-24,2022-12-08,357.8,10485.5,356939.1,457.19,364741.8,2072.05,13,0,0.0,0.1724,0.0765,0.3334,-14.6,1,True
SHP-103659829,Kuehne_Nagel,Jebel_Ali,Felixstowe,sea,On_Schedule,Machinery,AED,2022-04-25,2022-05-18,573.8,2693.4,7057.0,11.33,10966.23,701.29,7,4,0.0,0.2993,0.3108,0.6095,,1,True
SHP-104256509,HMM,Antwerp,Singapore,rail,At_Port,Consumer_Goods,SGD,2022-03-22,2022-03-25,76.8,1338.5,158318.2,426.31,1875770.34,31924.3,18,3,0.0,0.0486,0.3148,0.2585,,2,False
SHP-101499619,COSCO,Mundra,Los_Angeles,sea,In_Transit,Food_Beverage,SGD,2022-05-25,2022-05-30,143.2,8107.7,175379.1,526.94,754289.69,31431.49,1,1,0.0,0.2322,0.412,0.3346,,4,False
SHP-101961141,Maersk,Singapore,Barcelona,sea,Customs_Hold,Automotive,USD,2022-11-02,2022-11-11,222.6,14357.4,335.1,1.2,22619.83,1802.01,19,1,0.0,0.3459,0.0785,0.3051,-19.0,4,True
SHP-104564342,HMM,Mumbai,Singapore,sea,Delivered,Pharmaceuticals,GBP,2023-05-15,2023-06-04,499.6,17070.5,7084.4,15.78,57348.72,4302.55,6,5,31.2,0.5171,0.3657,0.2261,,4,True
SHP-102142437,ONE,Singapore,Sydney,air,At_Port,Consumer_Goods,GBP,2022-01-08,2022-01-08,12.1,2662.5,19508.4,25.15,2366.77,181.14,19,3,0.0,0.1991,0.0946,0.2465,,1,False
SHP-101655495,Maersk,Singapore,Dubai,air,On_Schedule,Textiles,AED,2023-09-01,2023-09-03,66.6,5278.2,236.6,0.65,57636.67,1955.35,11,0,0.0,0.2944,0.2097,0.5634,,1,True
SHP-103461268,Hapag-Lloyd,Port_Klang,Miami,sea,In_Transit,Machinery,GBP,2022-11-07,2022-11-26,479.7,17154.4,19564.1,30.95,15237.2,713.26,16,3,0.0,0.679,0.2067,0.3486,5.2,1,True
SHP-102995869,CMA_CGM,Jebel_Ali,Barcelona,sea,In_Transit,Consumer_Goods,GBP,2023-04-18,2023-04-30,309.5,13265.3,2021.4,2.71,243848.93,6935.92,20,5,0.0,0.5792,0.2453,0.0877,,4,False
SHP-100641329,Hapag-Lloyd,Guangzhou,Barcelona,sea,On_Schedule,Automotive,GBP,2024-10-31,2024-11-28,680.7,18384.9,186.7,0.34,3796.77,288.73,6,0,0.0,0.153,0.5622,0.5012,,3,False
SHP-103414951,Evergreen,Jebel_Ali,Sydney,sea,In_Transit,Raw_Materials,CNY,2024-06-03,2024-06-17,341.4,10874.0,11426.3,17.49,585568.77,39584.21,8,3,0.0,0.6327,0.241,0.4671,,3,False
SHP-104526757,FedEx,Chennai,Le_Havre,rail,In_Transit,Consumer_Goods,CNY,2023-02-06,2023-02-09,78.6,2442.4,56049.5,93.23,661068.5,43855.42,21,2,0.0,0.1064,0.0087,0.1225,,1,True
SHP-104229354,ONE,Guangzhou,Barcelona,sea,At_Port,Perishables,SGD,2023-05-22,2023-06-09,433.6,3738.6,1723.3,3.51,27413.89,856.09,4,0,0.0,0.043,0.2088,0.538,,2,True
SHP-101780108,ONE,Ningbo,Hamburg,air,On_Schedule,Food_Beverage,CNY,2024-08-16,2024-08-17,31.0,10052.6,20.4,0.05,442960.47,28382.27,1,2,0.0,0.3232,0.1172,0.0876,,3,False
SHP-101130469,UPS,Jebel_Ali,Dubai,sea,On_Schedule,Consumer_Goods,SGD,2023-02-16,2023-02-22,166.1,13650.9,19056.7,29.36,17464.26,630.94,2,1,0.0,0.4049,0.3742,0.5451,,4,False
SHP-100671259,MSC,Mundra,Genoa,road,In_Transit,Food_Beverage,EUR,2023-06-18,2023-06-24,154.9,3883.7,1645.1,5.19,939.02,48.56,8,5,0.0,0.2569,0.2363,0.3321,,2,True
SHP-102282981,COSCO,Colombo,Los_Angeles,sea,Delayed,Textiles,USD,2024-05-15,2024-06-03,473.1,11018.6,3885.0,14.35,50395.65,3588.13,21,1,22.7,0.2149,0.4877,0.2378,-4.7,1,True
SHP-103565019,ZIM,Ningbo,Valencia,air,On_Schedule,Textiles,AED,2022-12-27,2022-12-28,25.6,14919.3,6777.5,27.18,1383.7,93.64,6,4,0.0,0.1908,0.0655,0.388,,3,False
SHP-102726397,DHL,Jebel_Ali,Felixstowe,sea,On_Schedule,Electronics,USD,2024-10-12,2024-11-01,489.4,6091.1,1514.5,4.7,49912.19,1774.96,11,1,0.0,0.223,0.528,0.5057,,2,True
SHP-102602077,DHL,Mumbai,Piraeus,sea,At_Port,Food_Beverage,AED,2022-10-07,2022-11-02,640.1,19739.1,2927.0,7.51,83304.64,6392.42,9,0,0.0,0.1306,0.6548,0.4027,-9.3,2,True
SHP-103819920,ZIM,Jebel_Ali,Mumbai,air,In_Transit,Textiles,GBP,2022-06-25,2022-06-25,23.3,10216.0,188256.9,334.49,2200.16,21.22,18,1,0.0,0.1403,0.092,0.374,,4,True
SHP-102892855,FedEx,Singapore,Rotterdam,rail,Critical_Delay,Food_Beverage,USD,2022-01-30,2022-02-07,206.5,2980.3,21845.6,64.32,14168.48,769.21,6,0,29.5,0.1962,0.091,0.4826,,1,True
SHP-100458757,HMM,Rotterdam,Barcelona,rail,Delayed,Chemicals,USD,2024-04-28,2024-05-01,86.0,1459.9,1361.3,2.15,122635.95,8083.7,3,1,14.6,0.0654,0.1535,0.3195,7.0,3,True
SHP-102144788,ZIM,Colombo,Rotterdam,rail,In_Transit,Machinery,GBP,2023-08-10,2023-08-13,80.0,4204.7,1600.4,2.94,220849.08,16209.65,20,0,0.0,0.3554,0.2054,0.1269,,1,True
SHP-104808103,Evergreen,Mumbai,Singapore,road,On_Schedule,Chemicals,AED,2023-07-24,2023-08-02,238.8,3322.3,184.7,0.37,16687.11,1315.38,8,1,0.0,0.544,0.3099,0.5774,20.7,3,True
SHP-104988096,HMM,Chennai,Singapore,sea,Delayed,Pharmaceuticals,AED,2024-08-29,2024-09-14,405.6,10770.1,1521.9,2.6,53984.5,2111.92,22,0,25.8,0.4075,0.6066,0.1736,,1,True
SHP-100328562,HMM,Melbourne,Le_Havre,sea,Critical_Delay,Electronics,AED,2022-11-27,2022-12-21,579.5,9634.6,3788.7,4.75,55626.93,1274.08,9,4,36.0,0.4468,0.1201,0.1948,,4,True
SHP-103602284,Maersk,Guangzhou,Bremen,road,Delayed,Pharmaceuticals,GBP,2023-05-06,2023-05-12,164.5,1159.0,37.8,0.11,10175.51,806.79,3,2,10.4,0.2231,0.1698,0.4051,,4,False
SHP-101662034,Evergreen,Busan,Savannah,sea,Customs_Hold,Perishables,CNY,2023-03-15,2023-04-04,501.1,2334.4,3485.4,4.64,6060.18,295.74,17,3,0.0,0.068,0.2143,0.409,28.2,2,False
SHP-104542606,COSCO,Hamburg,Miami,rail,On_Schedule,Chemicals,USD,2023-03-24,2023-03-26,63.9,2522.9,2810.0,8.33,30854.77,1636.84,14,0,0.0,0.2583,0.1379,0.1202,,2,True
SHP-101112880,Maersk,Jebel_Ali,Barcelona,sea,In_Transit,Automotive,GBP,2023-11-27,2023-12-24,671.7,11737.1,23635.4,47.81,46618.92,3242.88,10,4,0.0,0.2433,0.2979,0.3862,,1,True
SHP-103500491,Evergreen,Hamburg,Mumbai,sea,On_Schedule,Perishables,SGD,2024-07-10,2024-08-01,543.6,12359.5,87.7,0.12,60876.78,1903.22,15,2,0.0,0.0466,0.4247,0.1008,,3,False
SHP-100077296,Kuehne_Nagel,Tokyo,Antwerp,sea,Delayed,Chemicals,EUR,2023-06-11,2023-07-09,672.6,18099.3,14038.4,31.54,105750.1,1311.77,5,1,37.5,0.0284,0.0704,0.5029,,3,False
SHP-101605329,DB_Schenker,Sydney,Le_Havre,sea,In_Transit,Machinery,EUR,2023-04-27,2023-05-03,156.7,2985.7,4567.5,11.79,140171.63,4454.43,1,4,0.0,0.2358,0.0289,0.3861,23.0,4,True
SHP-101074610,COSCO,Shanghai,Le_Havre,sea,Delayed,Pharmaceuticals,SGD,2023-08-01,2023-08-06,138.6,17947.0,9912.2,15.38,882270.24,62547.19,7,0,26.3,0.3772,0.0212,0.184,,1,True
SHP-104472539,ONE,Tanjung_Pelepas,Mumbai,sea,On_Schedule,Textiles,EUR,2022-09-12,2022-10-06,578.5,12067.1,4246.0,10.02,2944.18,161.54,14,4,0.0,0.3496,0.4129,0.5593,,3,True
SHP-104730514,MSC,Mumbai,Barcelona,air,Delayed,Perishables,CNY,2022-12-08,2022-12-10,53.3,13981.3,510.1,0.87,135230.08,5098.06,14,4,4.5,0.6104,0.3841,0.2219,,2,True
SHP-104539346,ZIM,Guangzhou,Rotterdam,rail,On_Schedule,Machinery,EUR,2023-08-27,2023-09-04,204.0,5724.9,55742.5,77.01,11782.11,431.84,13,0,0.0,0.0311,0.1231,0.2986,,2,False
SHP-100374157,FedEx,Hamburg,Los_Angeles,air,In_Transit,Electronics,AED,2022-11-20,2022-11-20,14.6,2990.3,22624.8,43.16,33357.57,1163.04,3,0,0.0,0.2091,0.3025,0.789,,4,True
SHP-100864399,Evergreen,Hamburg,Le_Havre,rail,At_Port,Perishables,EUR,2022-03-12,2022-03-14,67.8,4717.5,12080.1,43.25,23629.72,1382.35,12,4,0.0,0.2141,0.1609,0.4032,,2,True
SHP-100041700,HMM,Tokyo,Dubai,sea,In_Transit,Chemicals,EUR,2023-09-05,2023-10-04,719.2,4616.9,12093.6,44.06,36711.28,2048.9,2,3,0.0,0.0564,0.1238,0.0808,20.3,1,True
SHP-104326152,MSC,Port_Klang,Singapore,sea,In_Transit,Pharmaceuticals,GBP,2024-10-05,2024-10-28,552.5,15248.6,1436.8,5.01,63607.74,1366.66,16,0,0.0,0.4775,0.3774,0.0547,6.3,1,True
SHP-104452028,MSC,Ningbo,Hamburg,sea,Customs_Hold,Automotive,USD,2024-04-26,2024-05-09,330.3,2876.3,1121.9,1.96,9101.37,373.82,13,5,0.0,0.0542,0.5058,0.3054,,3,True
SHP-103250771,UPS,Tanjung_Pelepas,Antwerp,road,On_Schedule,Pharmaceuticals,GBP,2022-08-18,2022-08-23,128.8,205.8,8904.7,15.92,61629.89,2461.76,23,2,0.0,0.4144,0.1263,0.2602,,3,True
SHP-100534663,MSC,Felixstowe,Houston,sea,In_Transit,Chemicals,CNY,2023-03-20,2023-04-01,300.3,1106.1,1766.0,7.92,1864909.51,55097.92,12,5,0.0,0.4848,0.2135,0.3637,,1,True
SHP-102744169,Kuehne_Nagel,Antwerp,Sydney,rail,In_Transit,Electronics,USD,2022-09-03,2022-09-09,151.7,1485.6,1004.9,2.42,77643.04,3961.41,9,2,0.0,0.2433,0.303,0.0623,,1,True
SHP-102708312,FedEx,Melbourne,New_York,rail,On_Schedule,Textiles,CNY,2022-02-12,2022-02-17,141.5,6427.9,8220.3,17.03,1108.82,13.77,10,1,0.0,0.3495,0.1946,0.1119,,3,True
SHP-100296643,DHL,Sydney,Valencia,sea,On_Schedule,Consumer_Goods,GBP,2024-07-31,2024-08-19,463.1,14787.2,580.0,0.91,14551.71,127.03,8,2,0.0,0.666,0.0872,0.1011,,2,False
SHP-102264782,DHL,Chennai,Dubai,air,On_Schedule,Consumer_Goods,EUR,2024-12-21,2024-12-23,62.8,13711.1,7229.2,25.86,11302.33,241.74,1,0,0.0,0.0946,0.2724,0.0758,-2.4,2,False
SHP-104620798,CMA_CGM,Rotterdam,Le_Havre,sea,Delayed,Electronics,GBP,2022-03-06,2022-04-02,653.3,5863.1,328522.4,762.52,102529.45,4425.06,1,5,31.0,0.1749,0.2021,0.1651,,3,False
SHP-104900575,ZIM,Busan,Bremen,air,In_Transit,Chemicals,CNY,2023-01-18,2023-01-19,34.9,1564.7,17800.0,24.67,390827.38,29074.75,13,1,0.0,0.0987,0.2244,0.1769,,3,True
SHP-102713339,Hapag-Lloyd,Guangzhou,Barcelona,rail,Delayed,Chemicals,EUR,2023-02-19,2023-02-24,138.8,2406.3,83330.5,199.65,19430.92,605.7,11,3,3.7,0.1325,0.6072,0.0595,,3,True
SHP-101380563,Evergreen,Antwerp,Houston,sea,At_Port,Textiles,SGD,2023-05-06,2023-05-21,376.1,16855.6,7282.2,9.27,8662.15,524.9,2,3,0.0,0.2085,0.4697,0.5372,,4,True
SHP-101179946,COSCO,Tokyo,Savannah,road,Delayed,Chemicals,SGD,2024-04-05,2024-04-14,228.4,1061.6,186.7,0.26,33919.82,834.59,19,5,68.0,0.0547,0.1914,0.5095,12.1,1,False
SHP-103910814,HMM,Port_Klang,Antwerp,road,On_Schedule,Machinery,SGD,2022-08-20,2022-08-22,65.3,1432.4,8300.7,10.77,11656.52,317.3,14,4,0.0,0.5645,0.2512,0.6818,26.2,4,True
SHP-103124220,ONE,Colombo,Genoa,sea,On_Schedule,Chemicals,CNY,2022-12-30,2023-01-12,313.6,15698.6,55.0,0.09,99922.81,4986.77,20,4,0.0,0.2204,0.0038,0.114,,4,True
SHP-104334688,UPS,Dubai,Barcelona,sea,At_Port,Pharmaceuticals,SGD,2023-05-22,2023-06-05,340.0,20764.1,3472.7,5.0,18862.33,596.43,9,0,0.0,0.2306,0.3006,0.35,,2,True
SHP-101166048,Maersk,Jebel_Ali,New_York,air,On_Schedule,Machinery,USD,2022-06-07,2022-06-09,59.2,7716.6,293.6,0.7,21932.54,920.79,5,3,0.0,0.376,0.4778,0.4744,2.3,2,False
SHP-102821460,ZIM,Colombo,Genoa,air,On_Schedule,Consumer_Goods,CNY,2022-08-10,2022-08-11,40.3,5924.1,1722.1,3.46,39609.11,294.78,12,3,0.0,0.6247,0.1846,0.1665,-7.3,1,True
SHP-103028475,FedEx,Busan,Felixstowe,road,In_Transit,Pharmaceuticals,EUR,2023-03-05,2023-03-14,236.4,6975.6,339.1,0.51,47536.88,3031.74,23,1,0.0,0.1899,0.5136,0.3923,,4,False
SHP-102204228,UPS,Sydney,Barcelona,sea,On_Schedule,Machinery,CNY,2023-02-13,2023-03-01,390.5,20208.2,16902.2,28.02,369763.4,17795.92,24,2,0.0,0.5462,0.2615,0.2549,,3,False
SHP-103399936,ONE,Ningbo,Genoa,sea,Delivered,Textiles,SGD,2023-02-20,2023-02-28,204.0,15708.2,1488.6,2.13,1516018.26,31320.35,4,3,12.4,0.216,0.2245,0.0864,,1,True
SHP-103641209,Yang_Ming,Antwerp,Antwerp,air,On_Schedule,Electronics,AED,2022-05-07,2022-05-08,33.7,1884.1,745.3,1.05,16812.37,1125.57,12,4,0.0,0.3159,0.2028,0.3359,,1,True
SHP-100881239,FedEx,Guangzhou,Genoa,sea,On_Schedule,Raw_Materials,GBP,2022-08-17,2022-09-03,423.6,16956.5,170.7,0.27,3654.24,285.1,17,0,0.0,0.1421,0.0819,0.0501,,4,True
SHP-103604638,ONE,Mundra,Hamburg,air,In_Transit,Raw_Materials,SGD,2022-07-28,2022-07-29,35.1,11568.2,6161.1,10.92,109737.22,4899.92,11,2,0.0,0.3378,0.136,0.1437,2.7,1,False
SHP-103875222,Evergreen,Melbourne,Mumbai,road,In_Transit,Textiles,SGD,2024-10-22,2024-10-24,55.6,4166.6,718.3,1.08,214077.9,2767.04,7,1,0.0,0.1052,0.1578,0.2882,,4,True
SHP-104093894,ONE,Singapore,Barcelona,road,Delivered,Food_Beverage,CNY,2023-05-25,2023-06-01,183.3,776.5,1654.8,3.35,2386.5,105.89,13,2,8.9,0.2375,0.4067,0.1829,7.1,4,True
SHP-104529630,Evergreen,Hamburg,Le_Havre,sea,At_Port,Perishables,SGD,2024-04-15,2024-05-01,402.1,12898.3,2106.5,3.03,1015189.23,31062.2,2,3,0.0,0.125,0.031,0.2009,-7.3,3,True
SHP-101797921,Maersk,Ningbo,Genoa,sea,On_Schedule,Chemicals,EUR,2022-07-18,2022-07-29,268.7,14185.5,112.9,0.54,1617124.93,82944.17,16,0,0.0,0.1334,0.0347,0.2523,26.7,1,True
SHP-101088298,Yang_Ming,Ningbo,Hamburg,road,In_Transit,Perishables,USD,2022-07-15,2022-07-24,222.0,7235.1,1467.4,2.48,19286.86,100.3,18,3,0.0,0.1483,0.3559,0.6142,,4,False
SHP-103387193,DHL,Port_Klang,Barcelona,road,In_Transit,Raw_Materials,SGD,2024-02-23,2024-02-27,96.4,3835.9,6488.2,13.61,749339.25,32503.08,21,0,0.0,0.0965,0.0957,0.5169,,3,False
SHP-103080991,UPS,Sydney,Valencia,sea,On_Schedule,Electronics,CNY,2022-02-06,2022-02-24,439.9,15445.2,3998.1,7.14,96725.96,7216.99,16,0,0.0,0.0982,0.2516,0.183,,4,False
SHP-101294353,UPS,Tokyo,Baltimore,sea,Delayed,Perishables,USD,2024-09-25,2024-10-15,480.4,18013.6,179.9,0.54,8465.44,159.68,20,5,3.1,0.3748,0.0662,0.3581,,4,True
SHP-100116622,Hapag-Lloyd,Ningbo,Mumbai,sea,On_Schedule,Food_Beverage,AED,2022-11-29,2022-12-11,297.8,12703.5,3193.6,4.24,1586.9,122.46,3,4,0.0,0.3952,0.0021,0.4822,,4,True
SHP-103551725,FedEx,Rotterdam,Rotterdam,sea,On_Schedule,Automotive,CNY,2023-06-02,2023-06-25,564.8,13340.4,2307.6,6.84,183914.73,4417.59,1,4,0.0,0.254,0.0105,0.5747,4.6,3,False
SHP-101748853,COSCO,Antwerp,Houston,air,In_Transit,Chemicals,GBP,2024-11-01,2024-11-03,61.8,13932.2,90170.5,246.47,66972.45,3245.36,3,1,0.0,0.2129,0.2061,0.5456,,2,True
SHP-104229705,Hapag-Lloyd,Shanghai,Houston,sea,At_Port,Automotive,GBP,2023-09-29,2023-10-06,178.2,12191.1,5664.7,9.75,78404.48,5336.89,9,0,0.0,0.5227,0.1349,0.3837,26.6,3,False
SHP-102831655,FedEx,Port_Klang,Hamburg,sea,In_Transit,Consumer_Goods,AED,2022-04-02,2022-04-23,516.8,16918.3,65.7,0.11,8204.52,632.51,7,5,0.0,0.3923,0.1295,0.5161,,1,True
SHP-104010821,Maersk,Colombo,Sydney,rail,In_Transit,Chemicals,EUR,2023-12-14,2023-12-19,123.6,6522.0,4269.5,9.72,326578.38,24277.02,3,1,0.0,0.6156,0.2601,0.482,,4,False
SHP-102729344,COSCO,Shanghai,Genoa,rail,On_Schedule,Pharmaceuticals,USD,2022-08-03,2022-08-09,165.8,7045.9,9549.6,13.58,7755.39,235.48,22,2,0.0,0.0831,0.2062,0.3563,,4,True
SHP-103608701,Hapag-Lloyd,Mumbai,Sydney,sea,On_Schedule,Chemicals,EUR,2023-06-24,2023-07-14,497.7,18810.2,3503.6,8.14,7328.07,195.21,16,5,0.0,0.2203,0.0885,0.0735,-11.9,3,True
SHP-102761640,Evergreen,Dubai,Genoa,rail,On_Schedule,Automotive,CNY,2022-12-22,2022-12-23,42.8,1625.3,1759.1,2.69,39263.55,1858.82,9,3,0.0,0.2629,0.0074,0.3881,,3,True
SHP-104834135,Hapag-Lloyd,Rotterdam,Le_Havre,rail,Delayed,Chemicals,USD,2023-09-08,2023-09-15,171.1,5235.9,1311.0,1.75,3438.98,260.07,6,5,8.5,0.269,0.2029,0.1395,,4,True
SHP-103593735,ZIM,Melbourne,Bremen,air,Customs_Hold,Automotive,AED,2023-04-16,2023-04-17,26.1,6808.6,14233.3,18.2,31048.74,514.25,7,5,0.0,0.0947,0.3298,0.2595,,4,False
SHP-104233641,ONE,Chennai,Savannah,sea,At_Port,Food_Beverage,SGD,2022-03-22,2022-04-13,534.1,12705.6,1624.9,3.82,66183.34,2121.24,19,1,0.0,0.3349,0.1958,0.2842,,2,True
SHP-100462425,MSC,Rotterdam,New_York,air,At_Port,Consumer_Goods,AED,2022-05-23,2022-05-25,53.3,5333.1,2168.0,3.14,383605.23,13047.34,10,5,0.0,0.3806,0.3778,0.2756,,2,True
SHP-103394916,Maersk,Tokyo,Los_Angeles,air,At_Port,Machinery,USD,2023-07-10,2023-07-12,53.4,908.3,3005.7,11.49,3628978.99,283618.63,7,5,0.0,0.208,0.0554,0.5469,0.3,1,False
SHP-103800057,DHL,Felixstowe,Los_Angeles,air,On_Schedule,Chemicals,AED,2023-04-25,2023-04-27,53.4,1923.0,1981.0,4.79,170189.98,11050.06,2,5,0.0,0.3067,0.0456,0.1528,-17.4,2,True
SHP-100379816,MSC,Singapore,Los_Angeles,sea,In_Transit,Raw_Materials,AED,2023-11-17,2023-12-13,636.5,844.3,6734.0,18.12,3675.68,175.16,1,3,0.0,0.3886,0.0422,0.3542,0.5,4,False
SHP-104487904,ZIM,Melbourne,Felixstowe,sea,Critical_Delay,Food_Beverage,EUR,2022-04-26,2022-05-06,251.2,2327.8,5949.6,13.29,6530.08,97.65,4,5,1.6,0.2005,0.3129,0.4428,,2,False
SHP-103388466,COSCO,Tokyo,Los_Angeles,sea,At_Port,Chemicals,SGD,2023-08-02,2023-08-19,416.8,20443.6,54161.0,77.56,2861.03,124.12,21,3,0.0,0.0522,0.1017,0.7583,,1,False
SHP-100392320,MSC,Rotterdam,Genoa,sea,On_Schedule,Automotive,EUR,2023-08-28,2023-09-25,685.5,13053.9,14956.1,27.91,177266.83,8533.97,20,3,0.0,0.3909,0.2072,0.3537,,1,False
SHP-101454551,Yang_Ming,Dubai,Piraeus,sea,In_Transit,Food_Beverage,CNY,2022-04-05,2022-04-13,200.1,20366.8,1908.7,3.8,335340.27,14096.92,9,2,0.0,0.2467,0.1823,0.1335,2.0,2,False
SHP-104394243,Yang_Ming,Rotterdam,Baltimore,air,In_Transit,Perishables,GBP,2023-11-02,2023-11-03,35.4,2559.8,51578.0,167.88,126384.2,1745.96,9,4,0.0,0.2187,0.3031,0.1609,17.9,4,True
SHP-101040936,COSCO,Antwerp,Genoa,sea,On_Schedule,Automotive,USD,2024-08-31,2024-09-23,553.7,5687.2,997.0,3.18,139943.48,5383.54,8,1,0.0,0.0686,0.204,0.3956,,2,True
SHP-101743562,Hapag-Lloyd,Singapore,Dubai,air,Delayed,Food_Beverage,USD,2022-04-20,2022-04-21,31.5,10483.4,2800.4,4.05,20980.99,1187.58,20,5,9.9,0.1688,0.107,0.2057,,1,True
SHP-100677099,ONE,Mundra,Bremen,rail,At_Port,Chemicals,CNY,2023-10-05,2023-10-12,176.0,2053.9,1662.0,2.47,54606.95,2852.83,11,0,0.0,0.1421,0.1351,0.0525,,2,False
SHP-101000186,MSC,Melbourne,Savannah,sea,Delayed,Food_Beverage,EUR,2022-06-29,2022-07-10,278.3,9735.0,6247.0,9.19,97445.07,1676.99,13,5,1.0,0.2267,0.1755,0.2004,-18.8,1,True
SHP-100684506,Hapag-Lloyd,Jebel_Ali,Bremen,rail,On_Schedule,Raw_Materials,CNY,2024-04-26,2024-04-29,83.0,2837.1,13188.0,41.27,820485.79,45536.36,13,1,0.0,0.5562,0.0435,0.846,7.2,3,True
SHP-103797616,Hapag-Lloyd,Mundra,Rotterdam,sea,At_Port,Pharmaceuticals,SGD,2022-07-26,2022-08-15,491.2,20285.8,5240.5,14.22,111506.66,2217.34,18,5,0.0,0.3005,0.3067,0.3644,,2,True
SHP-100725098,DB_Schenker,Antwerp,Le_Havre,sea,Delayed,Perishables,SGD,2022-01-14,2022-01-24,257.6,21333.5,1421.1,2.09,2315.3,156.35,1,1,19.0,0.3826,0.4846,0.1342,,3,False
SHP-104843590,ZIM,Sydney,Savannah,sea,In_Transit,Pharmaceuticals,CNY,2022-12-29,2023-01-24,645.8,14835.7,1038.3,1.72,166421.04,5099.04,12,1,0.0,0.0098,0.3381,0.4408,,4,False
SHP-103422290,DB_Schenker,Busan,Los_Angeles,sea,At_Port,Machinery,GBP,2023-03-15,2023-04-13,706.0,10842.1,4947.7,11.81,93867.84,680.41,11,3,0.0,0.0917,0.215,0.4854,,2,False
SHP-102092578,Evergreen,Hamburg,Los_Angeles,sea,Customs_Hold,Raw_Materials,CNY,2024-03-06,2024-03-23,425.3,10975.3,446.1,0.58,248548.73,17872.76,5,1,0.0,0.3655,0.3051,0.4699,,2,True
SHP-100362849,Yang_Ming,Dubai,Miami,sea,In_Transit,Consumer_Goods,USD,2024-04-04,2024-04-19,372.2,6995.9,448.2,1.98,339056.9,4430.77,15,5,0.0,0.3964,0.2571,0.1193,,4,True
SHP-103974087,ZIM,Ningbo,Singapore,road,In_Transit,Pharmaceuticals,EUR,2022-12-14,2022-12-16,51.5,4216.2,2547.0,4.03,1262.06,88.99,4,1,0.0,0.1768,0.0528,0.5021,,4,True
SHP-102053862,ZIM,Mumbai,Barcelona,road,On_Schedule,Raw_Materials,EUR,2024-01-14,2024-01-20,162.3,2197.4,267.4,0.45,1090.96,54.36,22,1,0.0,0.27,0.5354,0.1732,-4.0,2,True
SHP-100965458,MSC,Colombo,Hamburg,sea,Delayed,Perishables,USD,2023-11-06,2023-11-11,136.1,21000.3,3009.0,14.96,163657.3,8793.41,5,3,21.8,0.1063,0.0783,0.4525,,1,True
SHP-100253026,HMM,Dubai,Piraeus,sea,On_Schedule,Textiles,EUR,2022-10-07,2022-10-16,233.8,11686.1,6154.2,11.88,2324.72,147.47,4,4,0.0,0.4368,0.1846,0.258,,1,True
SHP-101234769,DHL,Port_Klang,Barcelona,sea,In_Transit,Textiles,USD,2022-12-28,2023-01-08,282.1,6814.9,292.7,0.8,184420.47,14291.5,17,3,0.0,0.7415,0.1231,0.0387,,2,True
SHP-102933358,Kuehne_Nagel,Guangzhou,Rotterdam,sea,Delayed,Chemicals,USD,2024-09-16,2024-09-26,251.8,12522.7,82.8,0.23,129855.01,9213.24,15,4,41.5,0.1447,0.2498,0.1885,26.6,3,True
SHP-101016279,CMA_CGM,Shanghai,Le_Havre,road,In_Transit,Food_Beverage,EUR,2022-07-08,2022-07-17,229.0,2218.4,11168.8,16.71,99262.2,2477.6,14,3,0.0,0.0374,0.2576,0.3525,,2,True
SHP-103226167,Kuehne_Nagel,Port_Klang,Baltimore,sea,In_Transit,Perishables,CNY,2024-02-21,2024-03-12,482.1,15734.7,40119.6,63.88,45600.25,3299.24,22,1,0.0,0.1731,0.4353,0.3696,-2.4,3,False
SHP-102138890,ONE,Singapore,Los_Angeles,sea,At_Port,Raw_Materials,CNY,2024-11-18,2024-12-17,709.7,21652.5,2792.1,4.99,771.55,43.59,10,5,0.0,0.2535,0.5162,0.1947,,2,True
SHP-103923842,Hapag-Lloyd,Tokyo,Valencia,rail,In_Transit,Consumer_Goods,AED,2022-03-16,2022-03-19,80.6,2962.5,37.9,0.09,627823.57,25963.83,10,4,0.0,0.1299,0.1254,0.7935,,3,True
SHP-101210595,MSC,Melbourne,Sydney,sea,Delivered,Machinery,EUR,2022-09-14,2022-09-23,227.1,4365.6,26840.5,123.98,5730.26,340.24,3,1,41.4,0.2839,0.3555,0.2039,,3,False
SHP-102004242,CMA_CGM,Port_Klang,Mumbai,sea,Delayed,Electronics,SGD,2023-09-16,2023-10-02,385.9,1449.8,994.3,2.05,58660.26,3502.86,7,0,0.5,0.1695,0.3634,0.278,,3,False
SHP-102198810,ZIM,Guangzhou,Le_Havre,sea,On_Schedule,Consumer_Goods,USD,2024-06-22,2024-07-05,313.2,21893.1,374.3,0.74,654.39,36.86,4,3,0.0,0.0817,0.2256,0.4769,,1,False
SHP-101932965,FedEx,Sydney,Mumbai,sea,On_Schedule,Machinery,AED,2022-12-15,2022-12-27,309.0,3044.6,11292.7,18.13,10615.05,725.91,24,5,0.0,0.5622,0.1825,0.5541,-8.9,3,True
SHP-103122772,Yang_Ming,Dubai,Singapore,air,At_Port,Pharmaceuticals,CNY,2024-01-10,2024-01-10,23.2,4205.8,55610.0,97.3,410624.1,12300.08,16,1,0.0,0.3436,0.2517,0.2934,,4,False
SHP-101386362,Kuehne_Nagel,Singapore,Singapore,rail,In_Transit,Perishables,SGD,2022-11-10,2022-11-15,133.9,6952.4,1252.0,3.68,46508.88,722.74,24,0,0.0,0.3675,0.0507,0.6811,7.2,2,True
SHP-104727619,DB_Schenker,Port_Klang,Miami,sea,Delayed,Automotive,USD,2024-12-30,2025-01-23,576.5,3285.4,641.1,1.01,263898.22,19158.18,5,0,46.9,0.3387,0.3067,0.1796,,4,False
SHP-101594052,Evergreen,Ningbo,New_York,sea,Customs_Hold,Textiles,AED,2023-04-23,2023-05-19,644.0,14416.5,9987.0,15.31,756520.57,39712.94,17,3,0.0,0.2693,0.0333,0.5073,,2,True
SHP-103511596,Kuehne_Nagel,Jebel_Ali,Felixstowe,sea,Customs_Hold,Raw_Materials,GBP,2023-03-05,2023-03-15,250.8,18819.1,85.2,0.14,5316.51,232.16,18,1,0.0,0.1437,0.0538,0.4423,,3,True
SHP-101288918,ZIM,Singapore,Valencia,sea,Customs_Hold,Chemicals,EUR,2022-03-25,2022-04-15,511.6,13104.9,4210.0,14.94,497312.64,24295.8,20,2,0.0,0.264,0.0898,0.1248,-16.6,3,True
SHP-102283273,FedEx,Chennai,Piraeus,road,Delayed,Chemicals,CNY,2023-04-08,2023-04-12,115.8,4103.5,2040.9,3.12,914073.82,43663.2,9,3,76.2,0.3392,0.0497,0.5706,,1,True
SHP-100732835,Kuehne_Nagel,Tanjung_Pelepas,Baltimore,sea,Delivered,Chemicals,AED,2024-12-12,2024-12-25,332.7,16425.6,3812.4,4.92,1575724.58,118585.58,5,5,25.2,0.1546,0.0747,0.5303,,2,True
SHP-102443665,DB_Schenker,Tanjung_Pelepas,Barcelona,rail,Delayed,Chemicals,EUR,2023-04-28,2023-05-04,146.2,5368.6,1190.5,5.12,297737.35,1708.1,9,0,44.8,0.2626,0.0939,0.4328,,4,False
SHP-102001387,DB_Schenker,Sydney,New_York,sea,On_Schedule,Pharmaceuticals,AED,2024-06-30,2024-07-22,543.5,20746.8,42552.4,61.59,1195612.3,73943.06,3,2,0.0,0.2348,0.1441,0.3405,,1,False
SHP-100895673,DHL,Chennai,Bremen,sea,On_Schedule,Perishables,GBP,2023-10-31,2023-11-11,285.4,20588.3,12359.9,42.63,12636.62,782.16,17,3,0.0,0.7527,0.1211,0.1603,,3,False
SHP-103869324,Hapag-Lloyd,Sydney,Miami,road,Critical_Delay,Perishables,SGD,2023-09-15,2023-09-18,89.8,4526.1,9383.9,15.91,33556.42,942.02,21,1,12.1,0.3329,0.0369,0.1465,-6.6,3,True
SHP-102923796,DB_Schenker,Jebel_Ali,Barcelona,air,Delayed,Pharmaceuticals,AED,2022-10-23,2022-10-24,27.2,921.7,18807.3,34.44,227208.23,12992.41,7,2,16.1,0.5265,0.2217,0.1593,,2,True
SHP-101529184,Hapag-Lloyd,Felixstowe,Felixstowe,sea,At_Port,Textiles,USD,2023-06-13,2023-06-19,147.0,15647.8,64762.6,125.38,38292.98,2668.39,6,1,0.0,0.3136,0.0914,0.0899,,2,True
SHP-102925475,Maersk,Guangzhou,Houston,sea,On_Schedule,Textiles,GBP,2024-03-16,2024-04-04,471.4,3587.1,830.8,2.97,4026.67,62.57,21,5,0.0,0.6532,0.0381,0.3221,,1,False
SHP-102131301,Hapag-Lloyd,Colombo,Bremen,sea,At_Port,Food_Beverage,AED,2023-08-10,2023-09-04,623.7,6636.9,12831.7,39.89,4817.31,215.55,24,3,0.0,0.4146,0.4214,0.1372,25.0,3,True
SHP-102234957,Maersk,Shanghai,Piraeus,sea,On_Schedule,Food_Beverage,AED,2022-11-22,2022-12-16,595.5,13490.2,686.4,1.12,15998.04,350.42,10,5,0.0,0.2067,0.0765,0.5203,,1,False
SHP-100166291,Kuehne_Nagel,Singapore,Piraeus,air,In_Transit,Electronics,GBP,2024-11-16,2024-11-18,58.3,3391.8,157.5,0.2,31711.52,1953.33,16,2,0.0,0.323,0.1781,0.3383,,2,True
SHP-102802773,Yang_Ming,Melbourne,Genoa,sea,On_Schedule,Electronics,AED,2024-12-01,2024-12-15,355.2,16169.2,1039.6,1.65,64294.54,4990.08,1,2,0.0,0.3118,0.2361,0.0972,,2,True
SHP-103321860,DHL,Sydney,Sydney,sea,In_Transit,Chemicals,EUR,2023-10-12,2023-10-26,345.7,4742.2,461.2,1.55,12683.4,662.14,3,2,0.0,0.4527,0.0358,0.0499,,1,True
SHP-100397549,Hapag-Lloyd,Tanjung_Pelepas,Valencia,rail,Critical_Delay,Textiles,USD,2024-11-05,2024-11-08,72.2,6410.2,48997.5,238.42,212744.72,13011.89,11,0,34.1,0.3287,0.0124,0.0982,,4,True
SHP-101409943,Maersk,Antwerp,Baltimore,air,Critical_Delay,Raw_Materials,EUR,2023-05-25,2023-05-26,42.1,3016.1,103.5,0.39,516056.03,32366.96,13,0,24.2,0.3881,0.1623,0.658,-8.8,1,True
SHP-103407978,CMA_CGM,Tokyo,Savannah,sea,At_Port,Perishables,USD,2023-07-23,2023-08-18,633.5,16392.9,78.3,0.31,37909.97,2716.86,20,3,0.0,0.3118,0.2678,0.6214,,1,True
SHP-104951784,Yang_Ming,Jebel_Ali,Mumbai,sea,On_Schedule,Pharmaceuticals,AED,2022-10-15,2022-11-08,587.8,17424.1,4357.1,6.41,1778363.87,141002.31,16,1,0.0,0.2269,0.1282,0.6125,20.2,4,True
SHP-103291811,HMM,Felixstowe,Valencia,sea,In_Transit,Machinery,AED,2024-07-29,2024-08-09,284.3,9377.1,1176.5,5.54,4152142.66,52218.89,11,3,0.0,0.4938,0.0628,0.0137,,3,False
SHP-102925683,Yang_Ming,Shanghai,Dubai,rail,On_Schedule,Perishables,GBP,2023-05-28,2023-06-06,220.3,3773.2,13443.7,30.43,161965.89,6324.64,11,5,0.0,0.0433,0.2992,0.2448,-6.6,3,False
SHP-101116190,DHL,Melbourne,Hamburg,sea,At_Port,Raw_Materials,AED,2024-03-26,2024-03-30,111.9,1702.4,439.7,1.27,128960.16,4587.71,2,1,0.0,0.2475,0.4845,0.5455,16.3,2,True
SHP-103798641,CMA_CGM,Port_Klang,Felixstowe,air,Customs_Hold,Perishables,USD,2023-10-15,2023-10-17,51.4,7647.0,57156.3,87.44,191828.75,11044.24,7,5,0.0,0.38,0.3891,0.155,-1.7,2,False
SHP-101113253,UPS,Singapore,Barcelona,sea,At_Port,Machinery,SGD,2024-09-02,2024-09-23,518.5,21967.5,69271.3,312.6,60547.05,4749.63,2,2,0.0,0.2963,0.0673,0.1649,,2,True
SHP-102269312,ZIM,Shanghai,Houston,sea,Delayed,Chemicals,SGD,2024-04-25,2024-05-05,251.1,3752.4,3106.5,6.44,13256.61,796.11,6,2,63.3,0.2067,0.286,0.333,-6.1,4,False
SHP-103990224,FedEx,Felixstowe,Piraeus,road,In_Transit,Automotive,EUR,2022-03-01,2022-03-08,179.3,7784.1,16.0,0.03,51089.89,2583.74,17,0,0.0,0.5494,0.1399,0.451,-19.4,3,True
SHP-104630757,Yang_Ming,Guangzhou,Valencia,sea,In_Transit,Pharmaceuticals,USD,2023-04-04,2023-05-01,652.7,1969.7,520.6,1.19,1449576.07,59397.4,20,5,0.0,0.1952,0.4968,0.4008,-16.4,4,False
SHP-104864818,FedEx,Chennai,Miami,sea,Delayed,Textiles,GBP,2024-03-27,2024-04-09,333.3,9772.4,2388.1,3.33,35793.98,1868.25,19,3,19.1,0.2597,0.0432,0.3544,,3,True
SHP-102987151,ONE,Hamburg,Felixstowe,air,Delivered,Electronics,USD,2024-03-25,2024-03-26,31.5,757.9,2466.7,3.72,1520782.65,109934.2,14,0,4.1,0.2897,0.1888,0.211,,1,True
SHP-100942864,Kuehne_Nagel,Chennai,Hamburg,sea,Delayed,Consumer_Goods,SGD,2022-02-22,2022-03-16,531.0,7086.1,5682.7,8.16,1954.31,57.3,17,5,14.2,0.4556,0.4949,0.1772,,3,True
SHP-104688214,COSCO,Rotterdam,Felixstowe,sea,In_Transit,Perishables,USD,2024-08-18,2024-08-27,221.6,10919.6,1561.7,2.74,6239.92,453.45,19,2,0.0,0.2537,0.3294,0.2592,,3,False
SHP-102679786,MSC,Guangzhou,Miami,sea,On_Schedule,Chemicals,USD,2024-01-25,2024-02-20,644.4,20016.2,3617.5,8.98,101834.8,2614.15,3,0,0.0,0.3943,0.3925,0.2335,,1,False
SHP-100772442,DB_Schenker,Shanghai,Dubai,road,On_Schedule,Consumer_Goods,GBP,2022-03-02,2022-03-09,174.3,3535.6,423.6,0.64,149245.6,6323.76,21,1,0.0,0.1373,0.6303,0.4381,8.8,2,True
SHP-100421449,CMA_CGM,Port_Klang,Baltimore,road,In_Transit,Consumer_Goods,AED,2024-04-24,2024-04-28,97.6,1122.1,2937.5,4.54,157399.19,5470.7,17,4,0.0,0.6183,0.1134,0.3354,-15.7,3,True
SHP-101119019,Hapag-Lloyd,Sydney,Piraeus,air,On_Schedule,Food_Beverage,EUR,2022-01-18,2022-01-18,21.1,10177.0,4137.7,5.26,302750.14,10941.43,22,5,0.0,0.2861,0.1935,0.4209,-2.5,1,False
SHP-101299729,CMA_CGM,Antwerp,Bremen,rail,Delayed,Machinery,SGD,2022-03-28,2022-04-06,218.7,3950.0,12305.6,18.02,4835.15,37.94,4,1,49.7,0.5357,0.0799,0.4123,-10.7,4,False
SHP-104368914,DB_Schenker,Melbourne,Valencia,road,Delayed,Consumer_Goods,SGD,2023-03-07,2023-03-14,180.3,5494.1,23832.2,50.97,3590.45,219.16,22,0,11.9,0.5681,0.034,0.2224,,4,False
SHP-102233023,Evergreen,Guangzhou,Houston,sea,Delayed,Food_Beverage,EUR,2024-01-06,2024-01-13,171.8,15210.0,929.3,1.69,923.9,69.17,22,1,11.1,0.0956,0.0708,0.1538,27.7,3,True
SHP-100766149,Kuehne_Nagel,Jebel_Ali,Savannah,rail,At_Port,Food_Beverage,EUR,2024-07-07,2024-07-12,134.9,1183.5,1781.7,2.93,108120.03,8022.01,12,5,0.0,0.1559,0.6081,0.216,,4,True
SHP-101090697,MSC,Hamburg,Dubai,air,On_Schedule,Food_Beverage,USD,2024-12-04,2024-12-06,65.9,1526.9,838.0,1.75,103238.6,4101.38,4,2,0.0,0.2122,0.1194,0.2414,-14.1,2,True
SHP-100717727,CMA_CGM,Tokyo,Felixstowe,sea,Delayed,Consumer_Goods,USD,2023-01-07,2023-01-30,573.1,14915.2,24649.3,39.81,132661.02,5207.59,17,4,56.6,0.3014,0.3132,0.383,,4,True
SHP-102830262,HMM,Sydney,Sydney,sea,On_Schedule,Chemicals,GBP,2023-11-26,2023-12-19,572.2,14948.1,24284.0,35.28,21282.86,1076.45,14,2,0.0,0.3039,0.4418,0.3198,10.6,1,True
SHP-101822001,DHL,Mundra,Sydney,sea,On_Schedule,Machinery,AED,2022-03-28,2022-04-02,137.0,14902.5,48503.9,210.06,20551480.88,450038.95,1,5,0.0,0.3868,0.232,0.4136,10.9,1,False
SHP-103904789,ONE,Melbourne,Baltimore,sea,In_Transit,Perishables,EUR,2023-11-19,2023-11-25,147.6,12363.7,23689.1,34.03,232608.95,10605.68,2,4,0.0,0.3077,0.0343,0.7861,-18.9,2,True
SHP-103744053,COSCO,Chennai,Singapore,sea,Customs_Hold,Pharmaceuticals,CNY,2022-10-15,2022-10-22,179.2,16352.2,42606.8,130.2,24042.42,173.53,12,0,0.0,0.1928,0.1365,0.0594,,3,True
SHP-102043336,Yang_Ming,Melbourne,Rotterdam,road,In_Transit,Chemicals,AED,2024-07-22,2024-07-25,75.1,1765.8,3893.5,8.58,57443.29,3667.56,12,2,0.0,0.0774,0.1158,0.4082,,3,True
SHP-103526150,FedEx,Rotterdam,Valencia,sea,On_Schedule,Textiles,AED,2024-04-23,2024-05-12,461.1,2622.7,18039.5,42.76,6264.32,182.93,8,4,0.0,0.3245,0.1286,0.1318,-2.4,1,True
SHP-103208500,ONE,Guangzhou,Antwerp,sea,At_Port,Raw_Materials,AED,2022-08-30,2022-09-28,720.0,7646.1,1046.9,2.31,859.6,50.51,9,5,0.0,0.3118,0.0315,0.0594,28.4,4,False
SHP-102556171,HMM,Sydney,Singapore,sea,On_Schedule,Perishables,AED,2023-03-31,2023-04-18,435.8,9931.2,13770.5,24.06,164663.78,9758.38,11,1,0.0,0.1751,0.25,0.4908,,2,True
SHP-104560175,COSCO,Ningbo,Los_Angeles,air,In_Transit,Perishables,CNY,2022-12-05,2022-12-06,47.7,5552.3,2803.0,4.1,194179.59,6282.79,7,0,0.0,0.2427,0.1738,0.1115,,1,True
SHP-102333674,Kuehne_Nagel,Guangzhou,Los_Angeles,sea,In_Transit,Machinery,GBP,2024-10-27,2024-11-05,236.3,17439.8,5620.1,7.55,697.22,13.52,23,1,0.0,0.3336,0.1489,0.5005,,1,True
SHP-103250655,DB_Schenker,Singapore,Mumbai,rail,At_Port,Perishables,SGD,2023-12-21,2023-12-26,122.8,6142.6,4098.4,5.27,21344.86,1451.01,2,2,0.0,0.1442,0.2675,0.1954,20.1,4,False
SHP-100367700,MSC,Antwerp,Los_Angeles,sea,Delayed,Machinery,AED,2024-08-06,2024-08-31,608.3,9759.3,4738.4,7.87,208238.63,6114.99,20,4,22.8,0.3462,0.0166,0.3939,-11.8,3,False
SHP-103295573,FedEx,Jebel_Ali,Piraeus,sea,Delayed,Food_Beverage,CNY,2024-03-04,2024-04-01,678.2,12521.2,1368.0,3.23,22465.98,1328.37,17,1,25.1,0.4684,0.0654,0.06,,4,True
SHP-101244561,Evergreen,Mumbai,Antwerp,sea,In_Transit,Perishables,SGD,2022-09-17,2022-09-27,241.2,12434.2,5162.4,21.33,12490.6,909.16,3,2,0.0,0.0973,0.4247,0.6122,1.0,3,True
SHP-103337929,HMM,Shanghai,Barcelona,air,On_Schedule,Chemicals,EUR,2023-06-04,2023-06-05,27.4,13373.4,94099.2,328.1,3112.09,200.64,8,3,0.0,0.4285,0.1342,0.2007,-10.8,2,True
SHP-101883914,Yang_Ming,Rotterdam,Sydney,sea,In_Transit,Electronics,SGD,2023-05-20,2023-05-27,181.3,13529.2,1374.4,1.9,1152164.86,86888.43,1,4,0.0,0.5538,0.0863,0.161,,2,True
SHP-102371786,MSC,Mumbai,Bremen,sea,On_Schedule,Perishables,CNY,2022-08-28,2022-09-11,339.9,3818.2,118599.6,199.38,101272.51,1746.35,15,3,0.0,0.0108,0.254,0.267,26.8,1,False
SHP-101664289,ONE,Ningbo,Sydney,sea,Delivered,Chemicals,CNY,2024-08-18,2024-09-10,560.7,9873.3,1287.1,2.62,318147.56,4806.71,5,3,2.8,0.0468,0.1157,0.3601,,3,True
SHP-100019667,CMA_CGM,Dubai,New_York,sea,Customs_Hold,Automotive,SGD,2022-03-30,2022-04-08,220.5,15582.8,2386.4,7.07,51219.04,392.91,14,3,0.0,0.1928,0.0959,0.2666,,3,True
SHP-101291707,Kuehne_Nagel,Shanghai,Mumbai,sea,On_Schedule,Electronics,EUR,2022-06-11,2022-06-24,320.3,11342.5,63330.8,214.14,95008.81,6437.55,5,3,0.0,0.5362,0.3926,0.1533,,2,False
SHP-102535902,CMA_CGM,Guangzhou,Antwerp,sea,In_Transit,Electronics,EUR,2023-03-14,2023-04-04,522.6,11350.2,109090.7,397.21,1222.29,78.73,15,0,0.0,0.392,0.1428,0.4505,,1,True
SHP-102736659,Maersk,Antwerp,Savannah,sea,On_Schedule,Food_Beverage,CNY,2023-10-13,2023-11-11,708.7,5145.7,727.8,1.16,21530.7,734.17,19,0,0.0,0.2211,0.3541,0.8027,,2,True
SHP-101124780,DB_Schenker,Mundra,Mumbai,air,In_Transit,Raw_Materials,EUR,2023-07-13,2023-07-15,54.7,10537.7,961.9,1.45,441562.38,19283.85,23,0,0.0,0.2984,0.3354,0.2842,,3,False
SHP-100421178,FedEx,Hamburg,Sydney,sea,Critical_Delay,Textiles,CNY,2024-02-24,2024-02-28,100.2,6926.8,20680.1,32.08,212207.69,16666.47,16,2,51.9,0.1933,0.3579,0.4707,,3,True
SHP-104158655,DB_Schenker,Chennai,Houston,sea,Critical_Delay,Consumer_Goods,GBP,2024-03-06,2024-03-21,373.6,9048.0,715.3,1.3,59982.03,3820.97,1,2,19.1,0.3857,0.1975,0.5857,,4,False
SHP-100229731,Hapag-Lloyd,Busan,Piraeus,sea,In_Transit,Electronics,USD,2024-06-08,2024-06-13,135.9,17711.1,219.1,0.29,403907.02,17149.66,9,0,0.0,0.1055,0.0204,0.3799,,2,True
SHP-102816578,FedEx,Mundra,Piraeus,air,On_Schedule,Pharmaceuticals,GBP,2023-12-31,2024-01-01,40.2,7416.4,11987.1,25.92,49813.46,1090.18,15,4,0.0,0.1423,0.2418,0.3264,-18.8,2,True
SHP-101520714,HMM,Antwerp,New_York,sea,On_Schedule,Machinery,CNY,2024-08-10,2024-08-27,417.8,16827.0,3559.5,4.96,6059.74,184.11,13,5,0.0,0.1503,0.0828,0.4877,,4,True
SHP-103792197,Maersk,Felixstowe,Baltimore,air,On_Schedule,Textiles,SGD,2023-01-29,2023-01-29,12.0,10767.0,5181.9,11.25,3373.58,198.84,21,0,0.0,0.7256,0.0926,0.4745,,1,True
SHP-104825411,CMA_CGM,Chennai,Valencia,sea,Customs_Hold,Perishables,SGD,2024-07-17,2024-07-26,233.1,13424.4,23834.8,43.73,127030.82,2898.72,9,3,0.0,0.289,0.2616,0.3828,,3,False
SHP-102622754,MSC,Tanjung_Pelepas,Rotterdam,sea,At_Port,Perishables,CNY,2023-11-26,2023-12-15,473.0,6199.8,687.2,2.29,15077.14,754.37,16,5,0.0,0.3509,0.0726,0.2892,,3,True
SHP-104011943,CMA_CGM,Felixstowe,Rotterdam,sea,On_Schedule,Pharmaceuticals,EUR,2022-05-04,2022-05-18,353.9,2820.2,1164.9,1.49,124508.27,4711.84,17,1,0.0,0.3614,0.1634,0.2385,,3,False
SHP-100395907,DHL,Rotterdam,Bremen,road,Customs_Hold,Perishables,USD,2024-01-31,2024-02-05,125.6,5281.4,292.8,0.85,17365.22,1172.38,20,1,0.0,0.1655,0.1784,0.1847,,3,False
SHP-104707089,MSC,Antwerp,Savannah,sea,Critical_Delay,Automotive,GBP,2022-06-09,2022-07-03,592.5,18160.8,2684.3,4.04,5695.95,375.01,14,5,2.6,0.0321,0.0672,0.2271,11.6,2,True
SHP-101664975,MSC,Rotterdam,New_York,road,Delayed,Textiles,EUR,2023-08-07,2023-08-14,185.4,7355.3,1997.5,3.02,27313.0,1361.84,16,5,28.9,0.2664,0.606,0.0524,,1,True
SHP-101954205,HMM,Busan,Miami,sea,On_Schedule,Raw_Materials,GBP,2024-01-08,2024-01-21,318.6,3310.1,285.5,0.39,698354.89,44522.25,10,0,0.0,0.1747,0.1141,0.4738,-5.8,4,True
SHP-100179472,DB_Schenker,Jebel_Ali,Dubai,sea,On_Schedule,Raw_Materials,AED,2024-12-28,2025-01-11,338.4,18326.4,4663.7,12.05,863289.94,61947.56,8,3,0.0,0.2791,0.1147,0.2424,,2,False
SHP-102140453,MSC,Mumbai,Hamburg,sea,On_Schedule,Electronics,EUR,2023-09-28,2023-10-06,204.5,14632.2,8773.1,11.16,68274.71,892.43,1,3,0.0,0.3528,0.1989,0.1792,,2,False
SHP-104033626,Yang_Ming,Chennai,New_York,sea,On_Schedule,Consumer_Goods,AED,2022-08-20,2022-09-03,358.5,10883.0,882.5,1.15,199848.68,11077.82,16,3,0.0,0.3852,0.0333,0.5367,,2,False
SHP-102658458,UPS,Shanghai,Houston,rail,At_Port,Raw_Materials,GBP,2022-05-14,2022-05-18,96.6,5624.0,8043.5,10.54,5198.52,387.93,2,2,0.0,0.2648,0.0246,0.3448,,4,True
SHP-103180845,Evergreen,Tokyo,New_York,rail,On_Schedule,Automotive,GBP,2023-11-03,2023-11-05,68.0,3217.5,10609.9,19.72,22978.62,812.07,22,4,0.0,0.2225,0.1832,0.2449,,3,True
SHP-100213798,FedEx,Guangzhou,Felixstowe,rail,On_Schedule,Machinery,GBP,2022-02-20,2022-02-22,57.3,3420.1,110.6,0.18,194675.45,10838.46,18,2,0.0,0.3913,0.3788,0.5432,,2,False
SHP-100265178,ZIM,Tanjung_Pelepas,Los_Angeles,sea,Critical_Delay,Textiles,SGD,2024-10-18,2024-11-16,711.6,17747.6,23462.0,31.0,282214.65,8751.19,22,4,48.4,0.2135,0.1526,0.3333,,3,True
SHP-100268002,DB_Schenker,Rotterdam,Los_Angeles,air,On_Schedule,Chemicals,GBP,2022-12-19,2022-12-19,19.6,8591.4,410.0,0.62,202186.35,5165.7,3,2,0.0,0.3057,0.3203,0.3246,20.5,2,True
SHP-104504139,COSCO,Antwerp,Genoa,rail,Delayed,Perishables,USD,2022-04-14,2022-04-19,132.9,7357.0,2037.7,3.13,7015.69,98.14,17,1,3.2,0.2494,0.6054,0.3966,,3,False
SHP-104647521,DHL,Hamburg,Bremen,sea,On_Schedule,Machinery,AED,2023-12-24,2024-01-05,296.9,20065.6,31704.2,55.69,85541.89,1201.53,22,3,0.0,0.0991,0.036,0.4809,,1,True
SHP-100494892,Hapag-Lloyd,Colombo,Sydney,sea,In_Transit,Perishables,EUR,2024-04-15,2024-05-09,595.2,20611.5,196.2,0.84,1530496.54,83152.52,9,3,0.0,0.0816,0.3958,0.1802,4.7,3,True
SHP-104847941,COSCO,Felixstowe,Valencia,sea,On_Schedule,Consumer_Goods,GBP,2024-04-11,2024-05-02,524.3,8624.7,7710.6,11.31,2015316.76,144070.7,13,3,0.0,0.0087,0.1819,0.58,,4,False
SHP-102596674,MSC,Shanghai,Sydney,sea,Delayed,Food_Beverage,SGD,2024-07-18,2024-08-11,595.4,16665.1,10358.2,14.26,24583.69,1398.75,3,0,7.3,0.1883,0.1367,0.591,6.5,4,False
SHP-104024957,ZIM,Melbourne,Antwerp,sea,In_Transit,Perishables,SGD,2024-01-08,2024-01-31,568.7,16311.6,251501.2,622.94,984625.28,11145.98,23,5,0.0,0.3799,0.2851,0.2738,,3,False
SHP-103374832,FedEx,Ningbo,New_York,sea,On_Schedule,Food_Beverage,USD,2023-12-28,2024-01-11,342.2,5391.2,8783.2,14.3,998013.77,68703.69,20,0,0.0,0.4589,0.2939,0.3847,15.1,2,True
SHP-103240941,ONE,Antwerp,Barcelona,sea,At_Port,Raw_Materials,EUR,2024-08-07,2024-08-11,100.8,9018.6,1010.8,1.31,32455.46,1949.45,22,5,0.0,0.1612,0.0784,0.1734,,3,True
SHP-103320205,Evergreen,Melbourne,Miami,sea,On_Schedule,Automotive,CNY,2024-04-30,2024-05-05,144.0,4501.7,12740.2,52.45,431938.24,27690.47,10,2,0.0,0.1743,0.0697,0.1553,,4,True
SHP-101160766,Hapag-Lloyd,Port_Klang,Valencia,rail,In_Transit,Raw_Materials,AED,2024-07-08,2024-07-12,111.5,4715.1,19657.1,47.04,42272.12,1548.02,20,1,0.0,0.1559,0.2965,0.2892,,4,True
SHP-104590271,MSC,Singapore,Le_Havre,sea,Delayed,Raw_Materials,USD,2023-11-06,2023-11-26,482.6,15131.1,318.7,0.57,444377.66,12031.7,11,0,4.2,0.0841,0.307,0.1007,,2,False
SHP-104524540,Hapag-Lloyd,Tokyo,New_York,sea,In_Transit,Machinery,AED,2023-10-14,2023-11-08,619.6,7053.2,737.2,2.31,23390.78,1031.3,15,5,0.0,0.2217,0.0894,0.4552,,2,False
SHP-100456712,ONE,Felixstowe,Genoa,road,Critical_Delay,Perishables,EUR,2022-12-23,2022-12-25,52.3,4940.5,667.0,2.63,59959.07,2021.43,17,4,37.2,0.4296,0.0624,0.253,19.5,2,True
SHP-100347995,MSC,Sydney,Piraeus,sea,In_Transit,Chemicals,USD,2024-10-02,2024-10-11,225.1,21543.6,8978.0,13.09,372711.43,13950.55,17,4,0.0,0.1386,0.1812,0.2516,,1,True
SHP-103958698,MSC,Port_Klang,Savannah,air,On_Schedule,Automotive,AED,2022-09-04,2022-09-05,29.1,14328.2,2201.3,8.54,27442.06,626.58,3,4,0.0,0.3602,0.1152,0.2742,,2,True
SHP-100902328,Yang_Ming,Melbourne,Barcelona,sea,On_Schedule,Machinery,SGD,2022-08-19,2022-08-26,171.0,5056.9,197.2,0.95,113768.44,2686.06,24,4,0.0,0.0693,0.3463,0.1598,,2,True
SHP-100875813,DHL,Mumbai,Piraeus,air,In_Transit,Textiles,AED,2024-09-16,2024-09-17,33.5,2252.9,7835.8,27.01,80549.09,1377.66,11,1,0.0,0.4601,0.119,0.1463,29.1,1,True
SHP-103999968,Maersk,Chennai,Singapore,road,On_Schedule,Electronics,EUR,2022-10-03,2022-10-11,195.4,7877.3,164.6,0.43,14138.08,705.53,20,3,0.0,0.1325,0.2034,0.4343,,4,True
SHP-102979200,MSC,Guangzhou,Baltimore,sea,On_Schedule,Textiles,CNY,2023-09-09,2023-09-15,147.7,20115.3,316.7,0.74,106529.99,3048.61,10,1,0.0,0.2957,0.1803,0.2687,,3,True
SHP-100573963,CMA_CGM,Tanjung_Pelepas,Piraeus,sea,On_Schedule,Raw_Materials,AED,2024-08-06,2024-08-19,312.0,17334.2,24631.0,33.91,29827.18,1551.0,3,3,0.0,0.1555,0.2959,0.6089,,1,False
SHP-101225823,ZIM,Ningbo,Valencia,sea,Delivered,Automotive,SGD,2023-11-09,2023-12-07,676.5,11855.9,11782.3,43.14,1000104.26,20423.26,16,5,60.0,0.0956,0.1264,0.4083,-15.0,4,True
SHP-100855316,DB_Schenker,Busan,Bremen,air,On_Schedule,Pharmaceuticals,EUR,2023-10-17,2023-10-18,42.7,11920.1,4445.8,7.37,72965.05,3105.07,20,4,0.0,0.411,0.3761,0.2313,21.3,4,False
SHP-100272948,Hapag-Lloyd,Mumbai,Valencia,air,At_Port,Chemicals,CNY,2024-12-12,2024-12-14,71.5,12710.8,2462.1,3.5,446613.52,23337.5,7,0,0.0,0.5448,0.2123,0.0804,,4,False
SHP-102142940,FedEx,Port_Klang,Miami,sea,At_Port,Chemicals,USD,2024-01-29,2024-02-08,250.5,12638.7,894.5,1.19,50652.0,3270.67,2,0,0.0,0.2499,0.1148,0.2025,,2,False
SHP-103624173,MSC,Hamburg,Baltimore,sea,Delayed,Perishables,USD,2023-01-08,2023-01-12,97.9,15097.0,2086.6,3.36,578214.38,19627.4,13,1,3.9,0.1176,0.161,0.1984,,1,False
SHP-100675563,ONE,Felixstowe,Savannah,sea,At_Port,Automotive,GBP,2022-04-18,2022-04-29,278.1,21668.9,7471.8,26.97,443408.96,24436.87,3,0,0.0,0.1927,0.0312,0.5426,,1,True
SHP-101800881,UPS,Tokyo,Sydney,air,At_Port,Electronics,SGD,2023-04-20,2023-04-22,62.5,2963.6,5602.2,10.61,1340156.81,66418.39,15,1,0.0,0.6223,0.3136,0.3651,10.6,2,True
SHP-100295456,Yang_Ming,Rotterdam,Sydney,rail,At_Port,Perishables,EUR,2022-08-12,2022-08-20,196.4,3783.4,622.6,2.38,560692.38,26527.75,4,4,0.0,0.0384,0.1234,0.1459,,2,True
SHP-103117927,ZIM,Singapore,New_York,sea,On_Schedule,Consumer_Goods,USD,2024-01-02,2024-01-17,361.8,13253.0,706.1,1.41,413100.64,29018.81,4,0,0.0,0.2344,0.3113,0.5764,18.0,4,True
SHP-102898850,HMM,Shanghai,New_York,air,Delivered,Textiles,EUR,2024-12-05,2024-12-07,56.1,4227.7,8317.7,18.79,636.23,14.32,7,1,23.4,0.2936,0.1289,0.3321,,3,True
SHP-104283859,COSCO,Port_Klang,Baltimore,sea,In_Transit,Electronics,USD,2024-09-27,2024-10-21,592.3,20435.7,50355.7,76.94,70404.23,1962.59,2,5,0.0,0.128,0.4703,0.1751,,4,True
SHP-103351783,UPS,Antwerp,Hamburg,air,At_Port,Textiles,EUR,2024-02-11,2024-02-13,66.2,1911.3,1127.3,2.54,73207.81,5377.08,18,1,0.0,0.3262,0.2883,0.439,,4,True
SHP-101959267,HMM,Mumbai,New_York,road,Critical_Delay,Electronics,GBP,2022-10-08,2022-10-17,227.4,7602.2,17503.8,26.89,16707.94,731.72,7,1,17.5,0.3771,0.2084,0.5271,,4,False
SHP-101370655,ZIM,Melbourne,Los_Angeles,rail,At_Port,Pharmaceuticals,EUR,2024-09-26,2024-09-29,91.5,4745.5,15679.0,19.62,10188.32,374.45,22,1,0.0,0.0795,0.3359,0.0626,,1,True
SHP-101071898,UPS,Port_Klang,Sydney,air,On_Schedule,Chemicals,CNY,2022-08-23,2022-08-24,36.7,8387.3,8643.6,34.49,19319.35,1225.94,10,2,0.0,0.1338,0.3004,0.3198,17.1,4,True
SHP-101972511,Evergreen,Melbourne,Los_Angeles,sea,At_Port,Food_Beverage,GBP,2022-10-12,2022-11-07,626.0,8232.5,5585.5,8.99,558.44,34.13,22,5,0.0,0.0368,0.1314,0.1661,,2,True
SHP-104001515,ZIM,Dubai,Mumbai,sea,On_Schedule,Raw_Materials,AED,2022-06-09,2022-07-03,596.8,1918.6,13884.6,49.92,207689.23,1457.17,18,3,0.0,0.2966,0.4094,0.2742,,1,True
SHP-102179894,ONE,Shanghai,Rotterdam,sea,Delayed,Textiles,USD,2023-11-27,2023-12-17,488.1,15144.6,27899.5,106.6,1707816.3,88607.56,1,5,30.4,0.2368,0.2604,0.3708,10.1,3,True
SHP-102045904,Yang_Ming,Tanjung_Pelepas,New_York,road,Customs_Hold,Food_Beverage,SGD,2024-08-31,2024-09-08,213.3,7568.1,121.7,0.37,67661.23,3164.65,14,3,0.0,0.6118,0.1197,0.1323,,3,False
SHP-100784750,ZIM,Rotterdam,Houston,air,Critical_Delay,Raw_Materials,GBP,2024-07-05,2024-07-05,20.8,5342.8,6481.7,8.46,17620.42,1011.81,4,2,40.5,0.2747,0.0801,0.453,,1,False
SHP-103287721,UPS,Mumbai,Genoa,sea,At_Port,Machinery,USD,2022-08-25,2022-09-16,533.7,11660.9,1135.4,4.19,639408.96,39465.7,15,0,0.0,0.5235,0.3063,0.3123,,4,False
SHP-104351715,MSC,Mundra,Los_Angeles,sea,Critical_Delay,Electronics,CNY,2023-03-03,2023-03-21,451.2,20911.7,3118.4,4.4,46761.49,317.29,21,0,17.6,0.53,0.2617,0.1829,,3,False
SHP-103353467,DB_Schenker,Guangzhou,Rotterdam,sea,Delayed,Electronics,USD,2023-05-18,2023-05-22,98.9,19738.7,13401.0,25.19,55627.17,4227.53,1,1,30.2,0.1109,0.1535,0.1246,,2,True
SHP-103010906,DHL,Busan,Mumbai,sea,On_Schedule,Textiles,USD,2023-07-12,2023-07-21,239.2,16039.4,12356.0,34.14,595050.83,34523.83,12,1,0.0,0.2726,0.292,0.3382,,2,True
SHP-103570795,Maersk,Mundra,Rotterdam,sea,In_Transit,Chemicals,SGD,2024-12-07,2024-12-20,318.0,14630.0,7566.8,9.47,160395.61,12037.01,21,5,0.0,0.0669,0.1859,0.0739,16.5,2,True
SHP-100052115,Hapag-Lloyd,Singapore,Barcelona,rail,Delivered,Textiles,USD,2022-10-22,2022-10-29,189.2,5356.7,945.4,1.45,219800.08,14442.13,16,1,20.9,0.1084,0.27,0.5642,,3,True
SHP-104831994,ZIM,Singapore,Los_Angeles,sea,At_Port,Electronics,AED,2024-09-21,2024-10-18,660.0,7335.3,129775.3,392.45,115582.05,5359.03,20,2,0.0,0.268,0.2882,0.1217,,4,False
SHP-101868023,CMA_CGM,Guangzhou,Antwerp,sea,On_Schedule,Perishables,CNY,2024-07-07,2024-07-29,542.3,3425.5,2830.5,4.11,2754811.68,206355.28,4,3,0.0,0.2783,0.3122,0.2173,,4,True
SHP-101185252,UPS,Busan,Bremen,sea,In_Transit,Machinery,USD,2023-08-03,2023-08-23,496.5,6494.3,13553.7,54.84,86010.71,6480.52,17,5,0.0,0.448,0.1465,0.0707,,1,False
SHP-100733525,Evergreen,Tanjung_Pelepas,Houston,rail,On_Schedule,Electronics,SGD,2024-02-19,2024-02-20,46.4,580.7,11503.4,20.02,15542.64,634.21,24,3,0.0,0.2384,0.109,0.4531,17.6,3,True
SHP-104413464,DB_Schenker,Busan,Mumbai,sea,At_Port,Electronics,EUR,2022-09-27,2022-10-25,677.8,2040.5,20.9,0.04,436557.58,7961.07,5,4,0.0,0.114,0.0639,0.4834,16.3,3,False
SHP-100147049,ONE,Jebel_Ali,Bremen,sea,In_Transit,Perishables,AED,2023-05-24,2023-06-16,558.7,8071.2,15957.4,27.63,10503.3,148.54,9,0,0.0,0.2716,0.5141,0.6421,,1,False
SHP-101003991,Evergreen,Shanghai,Baltimore,rail,On_Schedule,Automotive,SGD,2024-12-19,2024-12-23,104.3,4385.5,6969.9,26.56,77160.66,3029.66,18,0,0.0,0.2651,0.0547,0.4431,,4,True
SHP-100915592,UPS,Ningbo,Dubai,sea,Delivered,Automotive,EUR,2024-03-16,2024-04-04,456.5,18926.5,1008.9,2.19,39095.16,1149.35,3,5,49.3,0.0348,0.1897,0.5406,,1,False
SHP-102788549,Kuehne_Nagel,Antwerp,Bremen,rail,In_Transit,Raw_Materials,AED,2024-04-27,2024-05-02,121.9,6606.5,243.9,1.02,164163.01,9074.47,3,3,0.0,0.1986,0.2023,0.0942,,1,True
SHP-104815710,ONE,Singapore,Le_Havre,sea,At_Port,Perishables,AED,2023-01-03,2023-01-21,442.7,13292.2,24.7,0.07,21498.17,503.97,5,3,0.0,0.3234,0.0999,0.2825,,3,False
SHP-101924055,Kuehne_Nagel,Guangzhou,Felixstowe,rail,In_Transit,Textiles,USD,2024-06-23,2024-06-26,90.4,1662.3,711.8,1.09,147080.73,1306.52,21,1,0.0,0.2191,0.3317,0.177,-1.4,1,True
SHP-100327055,CMA_CGM,Antwerp,Felixstowe,sea,Delivered,Pharmaceuticals,CNY,2022-09-02,2022-09-18,407.9,8195.7,1499.3,3.96,97632.39,854.49,15,5,75.0,0.2932,0.3507,0.5571,,1,False
SHP-102772514,Yang_Ming,Melbourne,Savannah,sea,In_Transit,Consumer_Goods,GBP,2024-03-13,2024-03-20,171.7,20296.9,3926.7,8.27,4651.34,286.64,22,2,0.0,0.3224,0.2688,0.1769,,3,True
SHP-104890085,ZIM,Antwerp,Singapore,sea,At_Port,Food_Beverage,GBP,2022-05-17,2022-05-24,181.9,2251.1,9593.5,17.0,3930.65,140.9,9,3,0.0,0.5357,0.1945,0.3564,,2,True
SHP-102057876,UPS,Chennai,Miami,sea,At_Port,Consumer_Goods,CNY,2024-07-27,2024-08-13,419.6,870.6,471.6,1.61,449604.06,23763.17,10,2,0.0,0.7123,0.022,0.3892,-0.6,3,False
SHP-100777559,MSC,Busan,Bremen,rail,On_Schedule,Pharmaceuticals,AED,2023-04-01,2023-04-03,67.0,6420.2,6153.0,10.09,347805.04,3283.16,4,4,0.0,0.6965,0.0154,0.2066,,2,False
SHP-103177801,CMA_CGM,Shanghai,Houston,air,On_Schedule,Consumer_Goods,GBP,2024-07-23,2024-07-24,47.5,6394.8,226477.1,361.65,18228.24,1338.49,20,5,0.0,0.2272,0.3449,0.2303,,2,True
SHP-104461807,Yang_Ming,Melbourne,Felixstowe,sea,On_Schedule,Consumer_Goods,AED,2024-09-25,2024-10-23,693.6,9857.2,5794.9,11.01,234936.89,3658.58,8,5,0.0,0.1025,0.2445,0.2545,,4,True
SHP-104626757,ONE,Dubai,Bremen,sea,On_Schedule,Automotive,AED,2024-03-07,2024-03-27,491.6,800.4,481.2,0.83,383071.97,20503.09,15,2,0.0,0.4903,0.1673,0.4963,,4,False
SHP-100488859,HMM,Guangzhou,Singapore,sea,In_Transit,Pharmaceuticals,SGD,2024-12-25,2025-01-07,334.6,17907.9,119412.8,432.35,61211.91,2082.03,6,2,0.0,0.2239,0.4829,0.0755,,3,True
SHP-103111548,COSCO,Jebel_Ali,Houston,sea,On_Schedule,Electronics,GBP,2024-05-14,2024-06-12,698.5,19777.5,1032.5,1.89,6509.47,430.01,7,2,0.0,0.1505,0.1863,0.6394,,2,True
SHP-103919205,COSCO,Mumbai,Piraeus,sea,In_Transit,Food_Beverage,GBP,2023-08-23,2023-09-01,223.1,14138.4,1456.1,6.35,1865.34,120.01,4,1,0.0,0.1637,0.1226,0.3345,,1,False
SHP-104096091,Yang_Ming,Port_Klang,Valencia,rail,On_Schedule,Perishables,EUR,2022-01-22,2022-01-24,54.1,3785.6,9890.1,16.11,172303.13,2757.13,21,3,0.0,0.5637,0.3188,0.3274,,2,False
SHP-104914961,ZIM,Chennai,Houston,rail,Delayed,Machinery,GBP,2023-02-24,2023-02-27,72.3,5130.2,7153.4,16.85,106591.07,5211.7,17,2,0.1,0.0639,0.489,0.6486,,3,False
SHP-102474073,FedEx,Rotterdam,New_York,sea,On_Schedule,Electronics,AED,2024-02-13,2024-02-25,309.1,13739.8,7370.7,12.0,26565.78,379.13,10,3,0.0,0.0693,0.2795,0.1968,,4,True
SHP-101650331,DB_Schenker,Sydney,Baltimore,air,On_Schedule,Pharmaceuticals,SGD,2024-03-13,2024-03-14,33.4,3738.9,2054.3,3.45,28313.9,320.58,20,2,0.0,0.197,0.199,0.4668,,4,True
SHP-103921358,CMA_CGM,Busan,Mumbai,sea,At_Port,Food_Beverage,USD,2023-01-16,2023-02-02,419.3,12361.3,4991.9,13.56,27591.75,1163.49,2,4,0.0,0.1137,0.1545,0.5606,,2,False
SHP-103544371,Evergreen,Felixstowe,Antwerp,road,In_Transit,Food_Beverage,GBP,2023-03-27,2023-04-04,205.5,7180.2,17234.1,29.23,9025.03,208.22,15,0,0.0,0.1174,0.2775,0.4888,,4,False
SHP-103635773,CMA_CGM,Tokyo,Valencia,sea,On_Schedule,Food_Beverage,SGD,2024-06-04,2024-06-09,135.0,16717.8,353.7,1.07,1138950.74,87964.98,3,0,0.0,0.4433,0.2375,0.274,,2,True
SHP-104734837,HMM,Mundra,Los_Angeles,sea,Delayed,Consumer_Goods,USD,2022-04-16,2022-05-05,467.7,3723.7,244.3,0.48,49934.49,2904.23,10,1,0.9,0.33,0.0557,0.0234,,1,False
SHP-100080890,CMA_CGM,Sydney,Piraeus,sea,Customs_Hold,Machinery,GBP,2023-11-16,2023-12-07,508.8,2523.9,35647.0,83.26,11027.33,278.02,24,0,0.0,0.2567,0.5112,0.2803,8.2,1,True
SHP-101379341,ONE,Dubai,Singapore,road,In_Transit,Pharmaceuticals,SGD,2022-09-16,2022-09-20,102.1,3874.5,2448.6,6.99,97296.36,3353.24,24,5,0.0,0.3189,0.095,0.1539,,3,True
SHP-102454438,MSC,Sydney,Sydney,rail,On_Schedule,Food_Beverage,SGD,2024-11-19,2024-11-22,83.2,4061.6,1940.4,5.22,3197.73,120.29,20,5,0.0,0.2788,0.3828,0.2738,,3,False
SHP-104585258,CMA_CGM,Busan,Le_Havre,sea,Critical_Delay,Raw_Materials,EUR,2024-01-14,2024-02-09,639.1,4029.7,11212.9,23.54,19316.19,1137.64,6,4,26.8,0.1763,0.4023,0.1751,,1,True
SHP-103411790,Evergreen,Dubai,Mumbai,road,Delayed,Electronics,AED,2022-10-01,2022-10-07,146.3,5793.7,1302.9,2.51,40620.89,1421.8,21,0,74.8,0.5979,0.1695,0.5447,,4,False
SHP-100035433,ZIM,Dubai,Le_Havre,rail,Customs_Hold,Electronics,CNY,2022-09-24,2022-10-01,190.4,522.0,3680.0,8.84,9725.81,768.7,15,4,0.0,0.1814,0.2752,0.1351,,2,False
SHP-100993114,HMM,Antwerp,Dubai,air,Delayed,Machinery,USD,2024-03-02,2024-03-03,32.1,2350.4,128.2,0.18,57055.63,2730.94,15,1,30.3,0.2979,0.2011,0.3868,19.4,2,True
SHP-101215091,Yang_Ming,Tanjung_Pelepas,Bremen,rail,At_Port,Automotive,AED,2022-12-04,2022-12-05,24.1,5204.8,27448.5,47.82,74767.49,5365.72,1,0,0.0,0.366,0.1863,0.4257,14.0,3,False
SHP-101078860,DHL,Ningbo,Antwerp,air,Delayed,Perishables,USD,2024-12-17,2024-12-18,32.2,10604.0,18217.1,37.66,63613.84,3081.88,20,5,32.9,0.2048,0.1167,0.2983,29.0,3,False
SHP-101449286,DHL,Mundra,Los_Angeles,sea,In_Transit,Food_Beverage,AED,2024-07-15,2024-07-29,350.5,16127.0,617.0,0.81,113880.42,6514.43,16,1,0.0,0.2617,0.0713,0.6158,,3,True
SHP-100463822,CMA_CGM,Rotterdam,Dubai,air,In_Transit,Pharmaceuticals,USD,2024-01-21,2024-01-21,13.7,14496.8,61611.1,90.72,10301.38,799.81,16,5,0.0,0.0869,0.2788,0.1827,,4,False
SHP-103792786,Evergreen,Colombo,Dubai,sea,On_Schedule,Food_Beverage,CNY,2024-03-01,2024-03-30,702.5,17927.5,2975.4,6.24,13366.16,273.45,14,5,0.0,0.5057,0.5686,0.143,,4,False
SHP-104818848,FedEx,Felixstowe,Miami,air,On_Schedule,Automotive,CNY,2024-07-12,2024-07-14,61.2,11467.5,16356.0,22.36,194662.49,11904.6,22,5,0.0,0.2217,0.4431,0.162,,1,True
SHP-103962141,Kuehne_Nagel,Sydney,New_York,road,On_Schedule,Chemicals,CNY,2024-08-22,2024-08-23,25.5,5725.4,12417.7,32.56,566363.11,28759.41,6,0,0.0,0.3375,0.1213,0.1802,,4,False
SHP-103920917,HMM,Sydney,Sydney,sea,Delayed,Raw_Materials,EUR,2024-11-29,2024-12-25,638.2,18168.2,59240.9,117.19,11975.0,112.48,24,5,67.7,0.2943,0.101,0.5993,,2,True
SHP-101246387,FedEx,Melbourne,Le_Havre,sea,Delayed,Textiles,EUR,2023-02-17,2023-02-26,221.9,7827.8,118926.6,351.6,272497.42,2726.74,10,0,38.3,0.2904,0.0921,0.4587,,3,False
SHP-100137103,ZIM,Chennai,Houston,air,On_Schedule,Pharmaceuticals,EUR,2022-03-09,2022-03-09,20.7,10057.6,594.1,1.03,8615.44,677.49,23,2,0.0,0.2223,0.0423,0.1557,,1,True
SHP-103356028,DB_Schenker,Ningbo,Rotterdam,rail,On_Schedule,Pharmaceuticals,AED,2022-04-25,2022-04-30,137.9,4696.2,977.2,2.71,58241.01,2458.07,3,5,0.0,0.3427,0.1514,0.4957,11.1,1,False
SHP-104803159,COSCO,Singapore,Valencia,sea,Delayed,Consumer_Goods,AED,2024-01-16,2024-01-25,236.7,13903.6,107.4,0.25,89662.0,826.93,18,3,44.7,0.4271,0.2171,0.1662,,3,True
SHP-101641188,Yang_Ming,Dubai,Mumbai,sea,On_Schedule,Food_Beverage,CNY,2024-03-31,2024-04-28,687.1,6847.0,550.0,0.84,13656.29,940.87,5,4,0.0,0.108,0.3339,0.2154,,2,True
SHP-100835259,COSCO,Sydney,Singapore,rail,On_Schedule,Raw_Materials,EUR,2023-11-21,2023-11-30,223.2,1723.7,5295.5,11.2,349178.33,18015.77,22,5,0.0,0.4732,0.1895,0.0641,,1,False
SHP-100922431,ZIM,Hamburg,Antwerp,sea,On_Schedule,Food_Beverage,EUR,2022-12-25,2023-01-17,555.3,10842.4,1674.3,2.21,7681.26,47.48,9,2,0.0,0.4241,0.0394,0.6472,,1,False
SHP-103413514,DB_Schenker,Shanghai,Savannah,sea,In_Transit,Perishables,EUR,2022-11-22,2022-12-16,579.4,4206.8,28559.4,97.91,813647.87,43687.78,9,1,0.0,0.2864,0.1329,0.1734,,2,True
SHP-102253157,ZIM,Guangzhou,Hamburg,rail,In_Transit,Perishables,AED,2022-10-22,2022-10-27,123.8,3472.2,15701.3,55.64,74981.5,2564.12,20,0,0.0,0.2751,0.1446,0.3692,10.8,4,False
SHP-103053425,ONE,Guangzhou,Mumbai,rail,Delayed,Food_Beverage,SGD,2022-08-13,2022-08-15,62.9,3889.7,52303.6,80.45,32000.88,879.73,16,3,21.3,0.1358,0.2693,0.4523,,3,False
SHP-100567090,ONE,Shanghai,Dubai,sea,At_Port,Automotive,AED,2023-09-20,2023-10-13,556.1,15324.4,425.2,0.84,63951.25,3938.3,16,5,0.0,0.136,0.2522,0.748,-14.2,2,False
SHP-100560816,CMA_CGM,Rotterdam,New_York,rail,In_Transit,Textiles,CNY,2022-03-08,2022-03-14,155.6,3880.0,34332.0,55.45,96400.98,3481.38,14,1,0.0,0.0807,0.0489,0.5431,,1,True
SHP-101303747,Evergreen,Singapore,Sydney,sea,On_Schedule,Chemicals,SGD,2023-10-20,2023-11-16,660.0,17051.8,114.0,0.16,22518.46,1040.2,9,2,0.0,0.1584,0.1229,0.5552,,1,True
SHP-102097642,DHL,Busan,Le_Havre,sea,On_Schedule,Chemicals,AED,2024-03-31,2024-04-08,210.2,18466.4,215.6,0.27,1539945.99,51687.53,13,5,0.0,0.2767,0.4926,0.3875,,4,True
SHP-100045962,Kuehne_Nagel,Singapore,Genoa,sea,In_Transit,Food_Beverage,AED,2022-11-03,2022-11-13,243.5,17559.2,984.1,2.69,158723.67,3778.65,16,1,0.0,0.185,0.0736,0.0631,,2,True
SHP-102307246,DHL,Mundra,Antwerp,sea,On_Schedule,Chemicals,EUR,2024-10-08,2024-10-26,435.5,5170.1,233.7,0.34,4632.44,80.53,23,0,0.0,0.5314,0.3877,0.2536,17.7,2,False
SHP-103397592,COSCO,Ningbo,New_York,air,At_Port,Pharmaceuticals,CNY,2022-09-13,2022-09-14,30.4,14210.6,157.9,0.28,85713.5,6243.72,4,1,0.0,0.2739,0.2449,0.3267,,4,True
SHP-104327449,Evergreen,Hamburg,Miami,road,In_Transit,Machinery,GBP,2022-02-14,2022-02-20,150.3,3920.1,258.6,1.06,218360.08,13119.36,2,4,0.0,0.6068,0.2487,0.0693,,3,True
SHP-100173206,ONE,Shanghai,Genoa,sea,On_Schedule,Consumer_Goods,SGD,2023-07-04,2023-07-17,313.3,18415.5,426.0,0.74,26568.66,1298.01,6,4,0.0,0.1346,0.252,0.3469,24.4,1,False
SHP-103977761,COSCO,Mumbai,Houston,road,Delivered,Raw_Materials,SGD,2023-09-11,2023-09-15,101.9,6009.7,3451.8,4.37,8891.32,344.08,1,5,11.9,0.2611,0.0664,0.6131,,3,False
SHP-103252324,DHL,Mumbai,Sydney,air,Delayed,Automotive,USD,2022-11-18,2022-11-19,41.9,14146.8,365.6,0.48,19409.35,147.98,19,4,70.2,0.3066,0.249,0.1167,,1,True
SHP-101996951,ZIM,Tanjung_Pelepas,Genoa,sea,On_Schedule,Raw_Materials,CNY,2024-08-22,2024-09-06,383.6,4363.0,3407.6,12.42,962177.49,50095.47,6,1,0.0,0.1215,0.1913,0.2203,,4,True
SHP-104145412,Kuehne_Nagel,Jebel_Ali,Felixstowe,road,Delayed,Raw_Materials,USD,2024-02-13,2024-02-19,165.7,4001.0,6008.6,8.47,1331933.64,33609.35,22,1,4.2,0.1051,0.1739,0.1793,,2,True
SHP-103483353,UPS,Singapore,Le_Havre,sea,Customs_Hold,Textiles,GBP,2023-09-04,2023-09-23,470.4,1126.6,913.5,1.64,2843.38,189.6,1,0,0.0,0.644,0.0484,0.4626,6.8,2,False
SHP-103473462,Hapag-Lloyd,Dubai,Valencia,rail,In_Transit,Automotive,EUR,2022-02-13,2022-02-22,218.4,3785.1,453.7,2.18,52227.89,1338.2,9,4,0.0,0.5183,0.3489,0.1609,,1,True
SHP-100599759,UPS,Rotterdam,Felixstowe,sea,On_Schedule,Machinery,USD,2024-01-07,2024-01-22,383.4,5803.9,560.5,1.51,334577.76,16551.5,14,3,0.0,0.2999,0.1206,0.248,-4.5,3,True
SHP-100700130,CMA_CGM,Mumbai,New_York,sea,Customs_Hold,Textiles,EUR,2024-07-23,2024-08-12,485.0,6480.2,340.5,1.32,1465084.99,62947.05,22,4,0.0,0.4614,0.4144,0.2704,,2,False
SHP-101860169,MSC,Hamburg,Dubai,air,On_Schedule,Raw_Materials,AED,2022-05-25,2022-05-26,47.4,14593.0,1020.8,1.59,51592.3,1514.55,8,5,0.0,0.6165,0.2851,0.0413,,4,True
SHP-101239091,UPS,Mundra,Le_Havre,rail,On_Schedule,Pharmaceuticals,SGD,2023-05-26,2023-05-29,94.7,4527.7,933.5,1.17,14661.74,964.29,5,5,0.0,0.0901,0.4266,0.0977,,3,True
SHP-100803527,DHL,Antwerp,Barcelona,sea,At_Port,Textiles,EUR,2023-06-20,2023-07-11,517.0,15831.2,8176.9,12.47,23448787.86,1013068.85,8,1,0.0,0.2105,0.4817,0.2127,,2,False
SHP-101030134,Kuehne_Nagel,Hamburg,Dubai,air,Customs_Hold,Food_Beverage,USD,2022-12-15,2022-12-17,67.1,2030.7,2440.5,7.1,12930.56,424.35,1,4,0.0,0.0073,0.2292,0.8439,,4,True
SHP-102001383,Hapag-Lloyd,Mumbai,Le_Havre,rail,In_Transit,Food_Beverage,CNY,2024-10-30,2024-11-02,95.2,1383.5,7426.4,18.12,28734.86,341.34,4,5,0.0,0.3635,0.1041,0.3902,,3,True
SHP-101093000,Yang_Ming,Port_Klang,Houston,sea,Customs_Hold,Chemicals,SGD,2022-12-14,2022-12-30,389.1,21654.1,702.0,1.0,7054.14,176.44,15,2,0.0,0.7122,0.1575,0.6565,,2,True
SHP-103195921,DHL,Tanjung_Pelepas,Houston,road,In_Transit,Perishables,SGD,2023-05-17,2023-05-18,45.9,4866.8,228.5,0.47,25733.37,154.94,3,0,0.0,0.2592,0.1406,0.8216,-7.2,4,True
SHP-101213330,ONE,Guangzhou,Miami,sea,Delayed,Electronics,USD,2024-04-19,2024-05-03,337.5,12028.9,36408.4,64.58,62103.32,1981.67,4,4,41.7,0.4769,0.197,0.3531,,2,True
SHP-104916430,CMA_CGM,Rotterdam,Valencia,sea,Customs_Hold,Perishables,SGD,2022-04-27,2022-05-04,178.1,4075.4,1429.5,4.35,537172.1,5689.85,2,4,0.0,0.368,0.0145,0.0774,,1,True
SHP-102536696,Hapag-Lloyd,Antwerp,Los_Angeles,sea,In_Transit,Perishables,GBP,2023-05-31,2023-06-15,383.7,8736.4,40829.7,111.93,434432.47,7504.75,16,5,0.0,0.2923,0.2992,0.087,,2,False
SHP-100585328,FedEx,Tanjung_Pelepas,Piraeus,road,In_Transit,Automotive,GBP,2023-12-04,2023-12-12,197.5,5701.0,682.9,1.14,27912.61,925.37,5,5,0.0,0.4009,0.2156,0.2624,,2,False
SHP-104721419,HMM,Dubai,Genoa,sea,On_Schedule,Textiles,GBP,2023-12-16,2024-01-10,619.4,9339.1,6987.1,13.92,8694.03,397.15,16,5,0.0,0.3848,0.2357,0.2796,,3,False
SHP-104343140,ONE,Shanghai,Piraeus,sea,Delayed,Consumer_Goods,EUR,2024-01-15,2024-02-08,576.7,18923.3,125102.1,581.09,78402.9,5282.94,7,1,15.8,0.0736,0.2162,0.3589,,4,True
SHP-104389441,DHL,Tanjung_Pelepas,Sydney,sea,In_Transit,Pharmaceuticals,USD,2024-02-22,2024-03-22,699.7,21593.1,272269.1,390.42,36904.21,719.55,21,3,0.0,0.2879,0.0886,0.5028,24.6,3,True
SHP-103373319,ONE,Mumbai,Los_Angeles,rail,In_Transit,Perishables,USD,2022-09-08,2022-09-11,72.5,1001.6,10164.9,12.88,1221251.13,82530.71,16,4,0.0,0.1502,0.3454,0.2117,,2,True
SHP-100801607,Kuehne_Nagel,Shanghai,Dubai,rail,In_Transit,Automotive,AED,2022-08-02,2022-08-07,142.1,2136.0,5935.4,7.82,90866.9,4697.24,9,3,0.0,0.2108,0.1834,0.2507,,2,True
SHP-102442678,Hapag-Lloyd,Melbourne,Rotterdam,sea,At_Port,Food_Beverage,EUR,2023-07-31,2023-08-24,577.7,5097.4,500000.0,2495.24,903644.45,37424.3,5,5,0.0,0.1871,0.0467,0.6851,,3,True
SHP-103992094,Hapag-Lloyd,Port_Klang,Houston,road,At_Port,Raw_Materials,SGD,2023-11-07,2023-11-12,139.1,7509.0,103.0,0.35,46903.25,2987.69,4,4,0.0,0.1785,0.3326,0.2783,,1,True
SHP-103362055,CMA_CGM,Ningbo,Houston,rail,Customs_Hold,Machinery,AED,2023-11-21,2023-11-25,97.7,6987.0,3795.6,5.92,41469.88,839.42,1,0,0.0,0.3106,0.1686,0.5391,,3,True
SHP-103378441,Yang_Ming,Colombo,Genoa,air,On_Schedule,Electronics,EUR,2024-06-14,2024-06-16,61.1,8790.3,1624.0,2.2,6362.6,457.32,15,3,0.0,0.1188,0.1966,0.5033,,3,False
SHP-103929875,Evergreen,Port_Klang,Barcelona,sea,In_Transit,Automotive,EUR,2023-01-25,2023-02-03,217.4,20976.4,2862.5,4.43,5309.18,147.7,10,4,0.0,0.1017,0.1168,0.1629,,3,True
SHP-100331817,Maersk,Shanghai,Houston,sea,Delayed,Consumer_Goods,GBP,2023-08-18,2023-08-30,299.1,14722.5,2172.6,3.08,279959.69,2319.13,21,3,41.9,0.4725,0.1865,0.0541,15.3,2,False
SHP-101090998,CMA_CGM,Guangzhou,Singapore,air,Delayed,Pharmaceuticals,EUR,2024-01-25,2024-01-27,56.8,4562.2,5565.2,14.18,20190.66,558.5,11,1,6.0,0.5375,0.5364,0.3311,25.5,4,True
SHP-104167010,FedEx,Tokyo,Miami,air,In_Transit,Perishables,GBP,2023-01-18,2023-01-19,28.9,3560.4,3985.4,7.82,270.11,18.74,22,3,0.0,0.2019,0.087,0.5502,,1,True
SHP-102255308,ZIM,Busan,Miami,rail,Delayed,Electronics,AED,2023-03-16,2023-03-22,146.1,6111.6,2202.5,2.83,57974.19,2462.52,9,4,15.5,0.3448,0.0697,0.053,,3,True
SHP-101168267,DHL,Busan,Antwerp,sea,On_Schedule,Consumer_Goods,EUR,2023-10-02,2023-10-19,411.3,12988.9,996.8,2.93,34463.34,1830.83,15,4,0.0,0.3255,0.1075,0.5985,,4,True
SHP-104556775,Yang_Ming,Antwerp,Le_Havre,air,Delivered,Chemicals,AED,2022-04-10,2022-04-11,33.1,9321.2,6296.5,7.88,2937.48,221.48,4,3,4.6,0.2443,0.0441,0.1116,21.7,2,False
SHP-101948306,DHL,Guangzhou,Piraeus,sea,In_Transit,Raw_Materials,SGD,2023-08-16,2023-08-21,136.9,15825.8,60.2,0.13,16379.32,401.12,2,1,0.0,0.311,0.0636,0.585,-18.0,4,True
SHP-101574475,DB_Schenker,Tokyo,Miami,air,Customs_Hold,Pharmaceuticals,EUR,2022-11-27,2022-11-28,39.9,8303.2,271.1,0.4,87766.02,4501.78,17,5,0.0,0.1853,0.2638,0.299,,1,False
SHP-101251789,FedEx,Tokyo,Genoa,rail,Delayed,Electronics,GBP,2023-06-06,2023-06-09,82.9,2059.3,2566.3,3.26,509903.34,37957.88,15,4,2.6,0.3816,0.2211,0.1416,,3,True
SHP-101683925,Hapag-Lloyd,Mundra,Dubai,sea,On_Schedule,Perishables,EUR,2024-04-03,2024-04-19,394.1,4399.9,12061.2,17.84,62680.01,4277.29,2,4,0.0,0.3112,0.2467,0.2147,-19.9,2,True
SHP-103919591,ZIM,Felixstowe,Singapore,sea,Delayed,Food_Beverage,GBP,2023-05-03,2023-05-15,289.7,21494.3,1522.2,3.83,126143.19,2492.2,16,5,14.3,0.025,0.1092,0.0778,,3,True
SHP-104846234,Yang_Ming,Mundra,Felixstowe,air,On_Schedule,Machinery,CNY,2023-07-20,2023-07-21,46.0,11718.3,443.4,0.71,1566.17,75.29,7,4,0.0,0.0496,0.0875,0.3349,21.5,4,True
SHP-102908581,Kuehne_Nagel,Rotterdam,Mumbai,sea,In_Transit,Raw_Materials,EUR,2022-12-17,2023-01-13,671.1,8407.1,11408.3,21.2,232545.77,12114.96,10,2,0.0,0.3691,0.0819,0.4906,,4,True
SHP-101575845,ZIM,Tanjung_Pelepas,Los_Angeles,sea,In_Transit,Raw_Materials,GBP,2023-05-11,2023-05-23,308.5,4060.3,26966.0,41.37,28142.71,1820.58,2,5,0.0,0.294,0.2412,0.1434,,4,False
SHP-100307001,Evergreen,Sydney,Antwerp,rail,On_Schedule,Automotive,GBP,2022-02-27,2022-03-08,233.0,6458.4,2997.6,3.95,6596.45,110.6,20,4,0.0,0.1508,0.5709,0.1197,,4,False
SHP-104565048,Hapag-Lloyd,Sydney,Houston,rail,At_Port,Perishables,SGD,2024-04-22,2024-05-01,217.6,1428.4,3010.7,3.97,39763.04,2392.18,9,4,0.0,0.3899,0.1217,0.1022,9.7,3,False
SHP-101064230,CMA_CGM,Singapore,Miami,sea,On_Schedule,Automotive,AED,2023-03-03,2023-03-24,523.7,2703.6,4298.9,5.42,7355511.0,85450.47,4,3,0.0,0.152,0.4183,0.5935,-7.0,3,True
SHP-100244756,MSC,Tokyo,Antwerp,sea,In_Transit,Chemicals,SGD,2023-01-12,2023-02-09,687.6,7870.9,29.6,0.04,2573734.67,61305.56,4,4,0.0,0.4796,0.3339,0.1655,,3,False
SHP-104653409,MSC,Shanghai,Miami,air,In_Transit,Chemicals,EUR,2022-06-05,2022-06-05,21.3,10557.4,68412.9,187.15,2483.99,80.55,9,0,0.0,0.1962,0.1115,0.3644,,2,False
SHP-104579614,Maersk,Rotterdam,Felixstowe,sea,Customs_Hold,Food_Beverage,USD,2023-09-22,2023-10-10,440.5,8676.3,18670.6,84.78,16180.48,347.0,15,0,0.0,0.2356,0.0978,0.5974,,3,False
SHP-103940238,MSC,Guangzhou,Barcelona,sea,In_Transit,Consumer_Goods,GBP,2024-07-10,2024-08-03,589.9,14434.7,1969.4,3.32,329167.14,2791.41,1,1,0.0,0.5178,0.512,0.145,,2,False
SHP-100884649,Hapag-Lloyd,Dubai,Miami,rail,In_Transit,Machinery,GBP,2022-07-25,2022-07-27,69.4,3791.0,314.2,0.4,246030.56,18576.15,7,3,0.0,0.1637,0.2854,0.3825,,2,True
SHP-104313464,FedEx,Antwerp,Singapore,sea,In_Transit,Pharmaceuticals,AED,2024-07-30,2024-08-28,702.6,1268.6,115392.1,305.1,213144.8,15676.65,21,4,0.0,0.3926,0.1967,0.0872,,1,True
SHP-102087408,UPS,Mundra,Singapore,sea,In_Transit,Food_Beverage,CNY,2023-11-14,2023-12-03,459.8,1522.9,1414.6,2.52,203935.05,10736.46,4,4,0.0,0.265,0.0562,0.2571,,2,True
SHP-100847622,DB_Schenker,Rotterdam,Hamburg,sea,At_Port,Automotive,USD,2023-12-22,2023-12-28,154.5,17217.5,19895.9,50.05,2005130.81,156013.51,7,5,0.0,0.4007,0.2086,0.3766,,4,False
SHP-100485464,HMM,Chennai,Mumbai,sea,In_Transit,Food_Beverage,GBP,2023-07-09,2023-07-27,433.9,8499.8,12791.2,43.16,244394.76,19382.03,16,4,0.0,0.0643,0.0694,0.1409,,1,True
SHP-101740471,ONE,Dubai,Rotterdam,sea,On_Schedule,Raw_Materials,CNY,2024-04-02,2024-04-30,691.1,6986.7,13068.3,18.97,405231.84,12520.24,6,2,0.0,0.2842,0.2909,0.1822,,1,True
SHP-100645197,Hapag-Lloyd,Rotterdam,Bremen,sea,At_Port,Chemicals,GBP,2022-06-09,2022-06-25,389.6,8178.0,24847.9,101.84,51190.48,2989.81,8,1,0.0,0.2964,0.1439,0.3852,8.1,1,False
SHP-103768367,Maersk,Shanghai,Singapore,sea,Delayed,Consumer_Goods,USD,2022-03-25,2022-04-07,325.3,2018.6,30468.3,42.45,435326.06,19055.83,2,4,42.1,0.3881,0.1424,0.2978,,1,True
SHP-101109699,DB_Schenker,Melbourne,Antwerp,sea,Delivered,Chemicals,USD,2024-03-24,2024-04-13,488.9,4531.6,2653.9,3.7,2989.67,75.32,21,0,29.0,0.5435,0.1532,0.2155,,2,False
SHP-102680039,Yang_Ming,Chennai,Barcelona,sea,In_Transit,Automotive,CNY,2024-01-26,2024-02-23,694.6,14489.2,16044.1,47.53,8214.33,327.74,10,5,0.0,0.3129,0.0984,0.2489,,2,False
SHP-104838558,HMM,Hamburg,Mumbai,sea,At_Port,Textiles,EUR,2022-08-02,2022-08-28,629.6,14798.8,48.6,0.12,183641.41,4335.1,22,1,0.0,0.4772,0.1421,0.2382,,1,True
SHP-101496185,MSC,Mundra,Mumbai,rail,On_Schedule,Chemicals,AED,2023-04-04,2023-04-09,129.2,3286.1,95.5,0.14,216160.94,4288.18,3,4,0.0,0.2244,0.0377,0.2855,,2,False
SHP-104287000,Maersk,Antwerp,New_York,sea,At_Port,Electronics,GBP,2024-08-25,2024-08-30,133.1,5225.5,234744.9,340.57,226562.24,1469.07,6,4,0.0,0.246,0.0562,0.3692,,4,True
SHP-102979307,Hapag-Lloyd,Ningbo,Le_Havre,sea,On_Schedule,Machinery,USD,2023-05-01,2023-05-20,474.2,12298.7,21764.7,61.88,8774.74,133.49,19,0,0.0,0.0988,0.1347,0.3373,,4,True
SHP-101091962,DHL,Colombo,Singapore,sea,At_Port,Food_Beverage,USD,2022-02-06,2022-03-03,613.1,9273.4,2514.0,3.26,2089.82,47.26,21,4,0.0,0.1459,0.054,0.3545,13.2,4,True
SHP-103999288,Yang_Ming,Rotterdam,Dubai,air,On_Schedule,Raw_Materials,USD,2023-11-01,2023-11-02,40.7,12558.2,957.5,1.39,7357.73,420.62,15,4,0.0,0.1565,0.3561,0.4515,,2,True
SHP-104244183,DHL,Mundra,Mumbai,sea,Delivered,Chemicals,USD,2022-11-30,2022-12-20,494.9,4186.5,405.0,0.88,38075.0,2177.15,18,5,12.4,0.466,0.2677,0.1544,,3,True
SHP-102815369,Kuehne_Nagel,Singapore,Sydney,sea,At_Port,Raw_Materials,CNY,2023-03-09,2023-03-22,322.8,5260.8,2561.2,6.25,259761.31,3191.24,20,0,0.0,0.2414,0.3749,0.1644,-8.0,4,False
SHP-103558945,CMA_CGM,Jebel_Ali,Sydney,road,Delayed,Consumer_Goods,USD,2023-04-04,2023-04-06,69.9,5389.0,34150.8,51.58,37077.95,2642.56,15,5,38.2,0.1783,0.4204,0.2256,-9.8,1,True
SHP-102604008,FedEx,Busan,Mumbai,road,At_Port,Food_Beverage,GBP,2022-03-03,2022-03-04,31.0,5160.8,54429.7,127.27,26217.15,347.64,1,5,0.0,0.2845,0.362,0.1164,,2,True
SHP-100077371,UPS,Melbourne,Rotterdam,sea,Delivered,Electronics,CNY,2023-05-11,2023-06-08,682.5,12209.1,11716.2,25.46,4013.24,28.78,21,2,3.8,0.4573,0.063,0.4612,,2,False
SHP-103313443,CMA_CGM,Guangzhou,Bremen,sea,On_Schedule,Raw_Materials,AED,2024-03-07,2024-04-02,637.8,21301.0,584.3,1.4,36957.18,1299.78,6,5,0.0,0.5975,0.1118,0.1504,,1,False
SHP-102411216,Yang_Ming,Guangzhou,Valencia,sea,On_Schedule,Textiles,CNY,2024-04-06,2024-04-24,440.3,18929.2,4241.7,6.85,43082.22,492.47,8,0,0.0,0.1048,0.1908,0.3428,-17.1,1,False
SHP-104105777,UPS,Guangzhou,Dubai,sea,Delayed,Food_Beverage,USD,2022-12-12,2022-12-31,476.3,9012.3,4393.8,6.01,682691.44,40116.34,11,3,24.4,0.337,0.0855,0.6421,0.7,1,False
SHP-100101781,FedEx,Mumbai,Dubai,sea,On_Schedule,Consumer_Goods,SGD,2024-02-29,2024-03-29,712.7,8950.6,394.7,0.51,56628.39,3601.36,17,5,0.0,0.1259,0.2243,0.164,21.8,4,True
SHP-100569460,ZIM,Chennai,Sydney,air,On_Schedule,Food_Beverage,CNY,2023-10-24,2023-10-24,14.9,10088.3,32859.6,44.49,2507788.61,105815.55,21,0,0.0,0.4328,0.0624,0.4155,,4,True
SHP-104808330,ONE,Rotterdam,Sydney,sea,Critical_Delay,Food_Beverage,USD,2024-12-06,2024-12-12,165.1,20023.9,48464.1,101.5,985274.73,47136.12,17,3,25.3,0.1097,0.1497,0.3208,,1,True
SHP-102102726,Kuehne_Nagel,Antwerp,Piraeus,rail,Customs_Hold,Pharmaceuticals,AED,2023-09-19,2023-09-22,77.5,6555.2,4816.5,10.02,253272.93,3935.89,22,4,0.0,0.1855,0.3981,0.4019,0.5,1,False
SHP-103174348,MSC,Chennai,Genoa,road,On_Schedule,Consumer_Goods,AED,2022-10-23,2022-10-24,25.9,4307.1,2163.1,2.81,16107.37,1151.23,3,4,0.0,0.2761,0.16,0.4358,,2,True
SHP-102942725,ZIM,Mumbai,Barcelona,rail,Customs_Hold,Electronics,USD,2023-07-19,2023-07-27,200.6,6990.9,2356.5,4.03,4877.82,67.98,4,5,0.0,0.12,0.2724,0.0979,,1,False
SHP-103453221,CMA_CGM,Melbourne,Rotterdam,sea,In_Transit,Pharmaceuticals,SGD,2023-04-14,2023-05-04,480.5,7339.1,6941.6,22.24,1799357.14,99165.71,23,4,0.0,0.2657,0.0443,0.4572,-8.5,3,False
SHP-102005219,FedEx,Felixstowe,Felixstowe,sea,In_Transit,Textiles,SGD,2024-04-29,2024-05-15,397.5,15919.9,22039.4,54.43,9948.23,413.08,21,4,0.0,0.0147,0.3045,0.4043,,3,True
SHP-102040174,ZIM,Hamburg,Houston,sea,In_Transit,Automotive,EUR,2022-11-23,2022-12-21,690.1,11517.5,7570.9,9.97,2108.48,120.49,8,2,0.0,0.3827,0.2585,0.284,,1,True
SHP-104635688,ZIM,Shanghai,Los_Angeles,sea,Delayed,Chemicals,EUR,2022-01-23,2022-02-21,712.3,8741.9,32042.4,55.56,2135659.88,24176.69,20,5,47.5,0.4027,0.1147,0.5577,,4,True
SHP-100847321,UPS,Antwerp,Savannah,air,On_Schedule,Electronics,SGD,2023-06-29,2023-06-30,33.2,5688.2,148.7,0.19,87844.07,1342.54,23,2,0.0,0.2541,0.0234,0.2682,,4,True
SHP-102658446,UPS,Ningbo,Los_Angeles,air,Delayed,Pharmaceuticals,AED,2024-02-17,2024-02-18,38.9,13855.6,13241.9,20.8,814221.39,19950.49,18,2,21.0,0.1684,0.1809,0.3129,,2,True
SHP-101114984,UPS,Colombo,Singapore,air,On_Schedule,Consumer_Goods,AED,2023-08-31,2023-09-01,41.4,4672.2,5404.3,8.83,386631.73,9401.83,12,4,0.0,0.3577,0.0388,0.5011,-4.9,2,False
SHP-103627019,ONE,Sydney,Hamburg,sea,Customs_Hold,Textiles,AED,2024-11-06,2024-12-05,717.1,15271.8,28003.5,69.59,63819.92,1852.02,20,1,0.0,0.263,0.2648,0.0919,4.3,3,True
SHP-103009937,Yang_Ming,Mumbai,New_York,sea,At_Port,Raw_Materials,SGD,2024-03-05,2024-03-22,425.5,6264.5,1832.5,2.61,56849.62,3794.71,18,3,0.0,0.0252,0.3097,0.4334,,4,False
SHP-103323892,DHL,Mumbai,New_York,sea,Customs_Hold,Machinery,AED,2024-10-14,2024-10-28,348.0,12894.1,10398.9,15.02,31734.48,1770.68,23,2,0.0,0.2515,0.1111,0.2449,,3,True
SHP-101184740,Kuehne_Nagel,Dubai,Bremen,sea,On_Schedule,Automotive,GBP,2024-05-27,2024-06-06,245.2,9246.4,106884.8,136.98,685.72,44.57,13,5,0.0,0.0506,0.1323,0.6297,24.3,3,True
SHP-101618653,DB_Schenker,Busan,New_York,road,On_Schedule,Textiles,CNY,2023-05-14,2023-05-19,131.8,932.3,1720.3,2.88,10095.31,698.32,8,4,0.0,0.0479,0.0614,0.0448,5.6,4,True
SHP-101501149,DHL,Port_Klang,Le_Havre,sea,Customs_Hold,Machinery,CNY,2022-12-06,2022-12-27,508.4,4590.4,33458.2,110.45,83220.42,4801.89,18,2,0.0,0.4239,0.1832,0.482,,2,True
SHP-102595872,Hapag-Lloyd,Felixstowe,Piraeus,sea,In_Transit,Perishables,CNY,2024-10-09,2024-10-24,372.3,3793.6,263185.5,776.92,5710303.07,252638.14,4,3,0.0,0.2637,0.3907,0.2045,,1,False
SHP-103285633,HMM,Felixstowe,Valencia,air,In_Transit,Pharmaceuticals,AED,2022-10-25,2022-10-27,71.0,6193.1,365.1,0.55,66232.09,5245.73,9,2,0.0,0.1245,0.293,0.7386,-15.6,3,False
SHP-103390209,Hapag-Lloyd,Colombo,Felixstowe,road,Customs_Hold,Perishables,USD,2024-05-09,2024-05-14,128.5,6129.6,161573.6,794.37,2494.01,40.76,3,0,0.0,0.0855,0.1935,0.3096,,1,True
SHP-103929645,DHL,Mundra,Miami,sea,At_Port,Consumer_Goods,CNY,2024-08-24,2024-09-13,486.5,20656.8,868.5,1.97,40825.7,1645.62,23,0,0.0,0.5507,0.2342,0.3848,,4,False
SHP-101169789,Yang_Ming,Mumbai,Miami,road,On_Schedule,Pharmaceuticals,SGD,2023-12-16,2023-12-19,76.7,1646.7,3334.5,13.38,28303.01,339.07,1,1,0.0,0.5287,0.0734,0.3754,-5.3,3,False
SHP-100178813,DHL,Shanghai,Miami,sea,On_Schedule,Automotive,EUR,2022-05-13,2022-06-08,647.0,14551.9,2730.7,10.16,131680.81,4232.85,19,2,0.0,0.0771,0.0896,0.2943,,2,True
SHP-103321428,COSCO,Mumbai,Felixstowe,sea,Critical_Delay,Pharmaceuticals,GBP,2022-05-15,2022-06-13,698.3,6270.4,26994.8,64.5,38805.25,3054.1,9,4,24.4,0.4925,0.0947,0.2539,,3,False
SHP-101282254,Yang_Ming,Singapore,Baltimore,sea,Customs_Hold,Raw_Materials,AED,2022-01-13,2022-01-28,361.9,5346.5,4956.4,8.04,42164.15,394.44,1,1,0.0,0.4077,0.0443,0.0994,,2,True
SHP-104628740,HMM,Tokyo,Los_Angeles,sea,Delivered,Automotive,USD,2023-11-05,2023-11-22,422.1,18192.8,6437.0,17.01,34110.8,2459.11,16,2,15.2,0.0864,0.0908,0.2311,1.5,3,True
SHP-103409531,Maersk,Felixstowe,Miami,sea,On_Schedule,Consumer_Goods,CNY,2022-04-14,2022-05-08,593.4,18745.1,36017.5,51.88,2207.78,171.31,20,4,0.0,0.0632,0.1926,0.1603,-1.4,4,True
SHP-103852009,HMM,Tokyo,Le_Havre,sea,In_Transit,Chemicals,SGD,2024-05-25,2024-06-02,208.0,8205.4,15708.3,72.73,192863.71,4454.55,11,0,0.0,0.1108,0.2002,0.5003,,2,True
SHP-101306807,DB_Schenker,Tanjung_Pelepas,Rotterdam,rail,Customs_Hold,Chemicals,GBP,2024-08-01,2024-08-09,211.3,219.2,9099.3,15.9,59307.25,2490.09,21,4,0.0,0.3402,0.1934,0.2774,,4,False
SHP-100432687,ZIM,Guangzhou,Savannah,sea,Delivered,Raw_Materials,USD,2024-02-21,2024-03-02,247.5,2973.0,5983.7,12.78,54134.2,1069.07,19,1,1.6,0.1366,0.0256,0.5329,,2,True
SHP-102526137,Hapag-Lloyd,Singapore,Rotterdam,road,On_Schedule,Perishables,GBP,2023-07-17,2023-07-24,178.0,2886.0,1736.2,4.89,248060.44,6148.55,17,2,0.0,0.3633,0.053,0.1386,,3,True
SHP-103740220,UPS,Mundra,Piraeus,sea,Critical_Delay,Food_Beverage,AED,2022-02-24,2022-03-10,340.5,19333.6,15046.3,58.45,28619.97,1640.09,17,1,15.3,0.2849,0.241,0.6135,,1,False
SHP-103517452,ZIM,Melbourne,Singapore,sea,On_Schedule,Chemicals,AED,2022-09-17,2022-09-29,307.2,9039.4,321.8,0.82,9264.4,287.88,19,1,0.0,0.19,0.1731,0.5492,,3,True
SHP-103172673,Maersk,Tanjung_Pelepas,Dubai,sea,On_Schedule,Electronics,AED,2024-01-26,2024-02-05,263.7,6238.1,2282.4,3.05,35295.2,1836.35,7,0,0.0,0.4281,0.2906,0.2095,-13.1,2,True
SHP-100852052,Hapag-Lloyd,Hamburg,Sydney,air,Delivered,Food_Beverage,EUR,2023-04-30,2023-05-02,61.6,13234.6,7538.0,13.99,846247.68,34264.51,22,2,14.7,0.3617,0.1365,0.5149,-14.8,3,True
SHP-101400112,ZIM,Chennai,Barcelona,sea,On_Schedule,Chemicals,USD,2022-11-16,2022-12-01,362.6,13013.1,1603.3,4.37,16232.43,268.18,11,3,0.0,0.4112,0.0236,0.4178,,3,False
SHP-100425061,ONE,Hamburg,Singapore,sea,In_Transit,Pharmaceuticals,USD,2024-10-05,2024-10-10,126.6,21864.6,132.6,0.17,316.66,12.05,4,4,0.0,0.1938,0.2643,0.291,11.7,2,False
SHP-102669832,Maersk,Rotterdam,New_York,sea,Delayed,Textiles,USD,2024-08-29,2024-09-21,562.0,3696.0,28680.3,79.05,3035.79,143.78,17,3,14.5,0.3068,0.0575,0.4697,,2,True
SHP-104767969,Yang_Ming,Mumbai,Houston,sea,In_Transit,Electronics,GBP,2022-10-14,2022-10-29,372.5,9775.7,18284.1,39.57,14196.86,133.16,6,3,0.0,0.1296,0.3768,0.1214,,3,True
SHP-104033716,ZIM,Mumbai,Sydney,air,Delayed,Automotive,SGD,2023-01-22,2023-01-23,36.4,12682.2,6485.3,15.26,8482.33,267.67,16,0,23.9,0.442,0.1531,0.1552,,3,False
SHP-101426436,CMA_CGM,Hamburg,Genoa,air,Delayed,Textiles,GBP,2023-12-19,2023-12-20,29.8,2231.2,4820.9,6.07,242645.11,14791.92,10,0,30.4,0.1718,0.1137,0.2396,,1,False
SHP-104453626,Kuehne_Nagel,Dubai,Felixstowe,sea,On_Schedule,Textiles,SGD,2024-08-28,2024-09-25,694.5,6165.6,30.0,0.04,48710.78,1127.71,3,1,0.0,0.1235,0.2671,0.3047,,4,False
SHP-100835020,Kuehne_Nagel,Shanghai,Le_Havre,rail,At_Port,Food_Beverage,GBP,2022-10-01,2022-10-04,86.8,764.6,26479.4,40.27,16826.27,742.12,22,5,0.0,0.2366,0.3024,0.4208,,2,True
SHP-100259420,Maersk,Singapore,Los_Angeles,sea,On_Schedule,Food_Beverage,EUR,2024-09-07,2024-10-01,596.4,4731.7,179.3,0.43,25075.23,1061.24,7,3,0.0,0.1061,0.1341,0.3199,,3,True
SHP-101475718,Maersk,Felixstowe,Savannah,air,In_Transit,Chemicals,AED,2023-12-08,2023-12-10,70.0,6024.7,428.2,2.02,21250.03,375.7,24,2,0.0,0.3512,0.3038,0.4737,3.6,3,False
SHP-104806462,Yang_Ming,Jebel_Ali,Le_Havre,sea,On_Schedule,Raw_Materials,EUR,2024-03-12,2024-03-17,135.2,7242.0,12150.7,23.18,701.21,28.96,2,5,0.0,0.2739,0.0886,0.2414,-7.0,4,False
SHP-100111681,Yang_Ming,Melbourne,Savannah,sea,On_Schedule,Consumer_Goods,EUR,2023-05-20,2023-06-12,572.7,9041.0,573.6,0.81,644158.71,16600.21,11,2,0.0,0.1107,0.2233,0.4036,,2,False
SHP-100355760,FedEx,Mundra,Savannah,sea,In_Transit,Textiles,AED,2022-10-26,2022-11-06,278.9,13828.9,11722.3,33.98,6979960.46,303109.38,8,4,0.0,0.3875,0.3182,0.4106,11.8,3,False
SHP-103039243,DHL,Tanjung_Pelepas,Bremen,rail,Customs_Hold,Textiles,AED,2024-07-14,2024-07-17,73.8,5539.9,1231.5,4.53,110796.95,7276.04,1,0,0.0,0.5231,0.6052,0.6291,,4,True
SHP-104136203,Evergreen,Antwerp,Valencia,road,At_Port,Automotive,CNY,2023-03-27,2023-03-29,62.3,1391.5,78.8,0.13,87783.33,4575.6,17,4,0.0,0.121,0.3219,0.2563,,2,False
SHP-104457011,HMM,Mumbai,Antwerp,sea,In_Transit,Perishables,EUR,2022-01-04,2022-01-12,204.1,16917.0,57938.4,254.39,2026888.07,158035.03,1,1,0.0,0.4176,0.1128,0.312,,3,False
SHP-100028110,DHL,Guangzhou,Bremen,road,On_Schedule,Pharmaceuticals,USD,2023-08-28,2023-09-02,135.0,3779.2,75.0,0.22,11756.24,199.48,18,4,0.0,0.1523,0.3216,0.0613,,1,True
SHP-103804702,MSC,Colombo,Piraeus,road,On_Schedule,Chemicals,USD,2023-12-02,2023-12-06,102.1,5231.4,2851.5,10.49,11774.95,176.89,15,3,0.0,0.1752,0.0883,0.2163,,1,True
SHP-104512986,DHL,Mumbai,Rotterdam,sea,On_Schedule,Chemicals,SGD,2023-01-21,2023-02-16,635.4,6480.9,6139.4,16.87,261282.35,20059.96,15,3,0.0,0.214,0.1881,0.1943,20.4,3,True
SHP-100156926,CMA_CGM,Busan,Savannah,sea,On_Schedule,Pharmaceuticals,EUR,2024-03-25,2024-04-09,369.2,20851.5,2390.8,3.55,221680.16,8201.12,1,0,0.0,0.1978,0.151,0.4161,,4,False
SHP-100512609,Maersk,Rotterdam,Miami,sea,At_Port,Food_Beverage,AED,2023-12-04,2023-12-19,364.2,2590.3,170.5,0.42,79719.13,5434.54,7,5,0.0,0.3459,0.3436,0.1581,16.2,4,False
SHP-102376431,FedEx,Dubai,Piraeus,sea,On_Schedule,Pharmaceuticals,SGD,2023-04-22,2023-05-16,592.3,13726.9,8296.4,11.54,78517.63,2055.7,3,3,0.0,0.2148,0.0311,0.3753,17.2,1,False
SHP-100784107,Yang_Ming,Tokyo,Barcelona,air,At_Port,Consumer_Goods,EUR,2023-07-20,2023-07-20,17.4,2977.4,4385.9,13.17,1567365.88,55805.99,24,2,0.0,0.0352,0.1256,0.6709,,3,True
SHP-100702352,FedEx,Singapore,Dubai,air,On_Schedule,Automotive,AED,2022-06-24,2022-06-24,17.9,2898.8,22.8,0.03,4977.92,301.19,18,3,0.0,0.1871,0.2853,0.1839,,4,True
SHP-100176177,Kuehne_Nagel,Tokyo,Piraeus,sea,In_Transit,Textiles,EUR,2024-10-31,2024-11-08,215.7,8481.7,68.9,0.16,16823.39,146.9,17,0,0.0,0.4561,0.5946,0.3813,,4,False
SHP-101465803,COSCO,Melbourne,Sydney,sea,On_Schedule,Raw_Materials,USD,2022-06-28,2022-07-24,643.3,8403.7,2858.3,10.43,5586.74,180.81,18,0,0.0,0.0277,0.5305,0.3438,25.4,2,True
SHP-103287487,Evergreen,Felixstowe,Baltimore,air,In_Transit,Machinery,AED,2024-11-23,2024-11-24,39.3,11495.4,393.4,0.8,157663.69,10742.9,20,3,0.0,0.0426,0.1951,0.3804,,2,False
SHP-103086389,Kuehne_Nagel,Felixstowe,Antwerp,sea,Delayed,Consumer_Goods,EUR,2023-07-03,2023-07-23,500.1,7584.6,785.7,1.0,1124896.42,87766.49,8,4,6.8,0.2268,0.3669,0.2088,-19.6,1,True
SHP-104832253,DHL,Busan,Felixstowe,rail,In_Transit,Pharmaceuticals,CNY,2024-08-11,2024-08-20,237.0,6496.4,2400.5,11.68,4849878.59,238759.92,18,4,0.0,0.579,0.0634,0.0388,,1,True
SHP-104293492,COSCO,Singapore,Sydney,sea,On_Schedule,Consumer_Goods,SGD,2024-02-14,2024-03-02,419.2,9066.6,977.3,2.42,163645.61,1958.18,21,3,0.0,0.3276,0.3119,0.0758,,1,False
SHP-101607745,Evergreen,Rotterdam,Los_Angeles,sea,On_Schedule,Food_Beverage,EUR,2022-08-19,2022-08-23,114.2,3772.0,483.0,0.63,529875.7,3119.64,24,0,0.0,0.3015,0.3024,0.8346,,2,False
SHP-103995748,FedEx,Antwerp,Bremen,sea,Customs_Hold,Raw_Materials,GBP,2023-04-12,2023-04-27,378.8,10601.9,683.7,0.96,168006.4,6514.21,12,0,0.0,0.38,0.2126,0.3265,,3,False
SHP-101613232,Yang_Ming,Mundra,Rotterdam,sea,In_Transit,Food_Beverage,SGD,2022-09-22,2022-09-30,207.4,12896.0,914.3,3.71,10962.72,598.24,15,5,0.0,0.4225,0.0378,0.3437,,1,True
SHP-102030160,Hapag-Lloyd,Guangzhou,Genoa,sea,In_Transit,Consumer_Goods,USD,2022-08-22,2022-09-05,339.5,17320.4,94.5,0.13,14505.4,306.46,21,4,0.0,0.0861,0.0571,0.4979,,3,True
SHP-100032583,MSC,Shanghai,Rotterdam,sea,Customs_Hold,Automotive,SGD,2024-05-11,2024-06-08,673.7,19129.3,1338.7,2.83,367243.04,4479.15,24,5,0.0,0.4949,0.2171,0.4307,-10.1,4,True
SHP-103203858,Kuehne_Nagel,Mumbai,Antwerp,road,Delivered,Consumer_Goods,SGD,2022-07-25,2022-07-27,65.5,2688.7,53720.0,113.04,817363.62,22308.59,5,3,5.8,0.4365,0.2629,0.5136,,2,False
SHP-101822591,Yang_Ming,Chennai,Bremen,sea,At_Port,Food_Beverage,USD,2022-10-22,2022-11-09,452.9,6837.8,534.6,0.87,211409.17,16533.79,17,1,0.0,0.2994,0.214,0.3929,-1.1,4,False
SHP-103456999,DB_Schenker,Tanjung_Pelepas,Los_Angeles,sea,In_Transit,Food_Beverage,EUR,2022-04-27,2022-05-18,519.0,14376.8,1475.3,4.51,27310.41,392.5,19,1,0.0,0.2091,0.1607,0.3033,,2,True
SHP-100306239,Maersk,Felixstowe,Mumbai,sea,Delayed,Consumer_Goods,SGD,2022-03-10,2022-04-03,595.4,17631.0,73.0,0.2,5754.51,459.97,21,1,13.5,0.2831,0.1441,0.0574,10.9,3,True
SHP-103599607,ONE,Hamburg,Antwerp,rail,Customs_Hold,Textiles,CNY,2023-08-04,2023-08-07,72.8,6549.4,481.6,1.19,290032.69,16705.02,3,0,0.0,0.4011,0.1897,0.1022,,3,True
SHP-103086640,DB_Schenker,Tokyo,Piraeus,sea,Delayed,Food_Beverage,GBP,2024-06-11,2024-06-15,103.4,18248.5,5180.5,22.91,36099.1,1966.41,13,3,21.3,0.6506,0.1814,0.4136,,1,False
SHP-104822119,COSCO,Guangzhou,Bremen,road,Customs_Hold,Electronics,USD,2024-10-22,2024-10-31,228.2,2160.8,15915.5,20.48,17536.63,913.64,20,5,0.0,0.3137,0.2132,0.7498,,3,True
SHP-103397745,Kuehne_Nagel,Dubai,Dubai,sea,In_Transit,Machinery,USD,2022-08-05,2022-08-23,455.8,21122.4,47684.3,64.58,78290.06,4091.6,21,3,0.0,0.4058,0.2058,0.3357,,2,False
SHP-104248840,Evergreen,Melbourne,Felixstowe,sea,In_Transit,Raw_Materials,AED,2023-09-06,2023-10-03,650.8,15867.6,8112.1,12.69,138643.94,7895.89,5,1,0.0,0.1304,0.1461,0.1446,,2,True
SHP-101244397,Yang_Ming,Busan,Antwerp,road,On_Schedule,Raw_Materials,SGD,2024-08-28,2024-08-31,84.3,7418.3,11.1,0.03,9609.59,725.55,2,4,0.0,0.5864,0.1718,0.2925,,1,True
SHP-100753399,HMM,Antwerp,Genoa,rail,In_Transit,Raw_Materials,USD,2023-07-22,2023-07-31,219.9,2992.1,3752.9,18.18,7177.87,99.1,9,0,0.0,0.2863,0.2926,0.3669,,4,False
SHP-104294368,CMA_CGM,Busan,Singapore,sea,On_Schedule,Consumer_Goods,EUR,2022-01-20,2022-01-30,260.3,11851.5,1054.8,2.01,2155.86,84.48,24,1,0.0,0.1929,0.2465,0.1719,,1,True
SHP-104775021,FedEx,Shanghai,New_York,sea,Delayed,Electronics,SGD,2024-05-15,2024-06-03,475.1,2491.6,5427.1,9.84,5526.78,346.0,3,1,25.5,0.1213,0.2752,0.1025,,4,True
SHP-102605722,COSCO,Antwerp,Miami,air,In_Transit,Chemicals,AED,2024-10-06,2024-10-08,64.0,10427.2,56.6,0.13,150927.53,798.07,10,1,0.0,0.2467,0.0929,0.3808,,3,True
SHP-100232440,ZIM,Rotterdam,Los_Angeles,sea,In_Transit,Perishables,AED,2023-03-06,2023-04-04,704.8,5700.3,4131.1,10.24,16881.64,658.17,21,5,0.0,0.3869,0.1799,0.0522,,1,True
SHP-103435925,Yang_Ming,Shanghai,Rotterdam,sea,In_Transit,Electronics,CNY,2023-08-23,2023-09-18,640.4,18083.5,1478.9,5.45,31920.31,745.16,20,4,0.0,0.2338,0.0043,0.2473,4.2,1,True
SHP-104071017,Maersk,Mumbai,Bremen,road,Delayed,Automotive,SGD,2023-06-20,2023-06-22,67.6,1675.1,604.7,0.92,520737.76,17252.07,12,0,3.0,0.1084,0.0778,0.0692,,1,True
SHP-104064747,COSCO,Rotterdam,Antwerp,road,Delivered,Textiles,CNY,2023-12-06,2023-12-07,46.4,2030.8,235.2,0.53,180502.29,10602.81,11,1,32.2,0.465,0.3878,0.205,,3,False
SHP-102251313,UPS,Port_Klang,Baltimore,rail,On_Schedule,Electronics,SGD,2022-04-23,2022-04-30,174.3,804.4,12772.1,21.45,168709.96,12559.91,5,4,0.0,0.1451,0.1753,0.4176,,3,True
SHP-103380968,FedEx,Busan,New_York,road,On_Schedule,Electronics,AED,2024-01-11,2024-01-19,201.0,3841.0,406.0,1.38,29027.58,1160.0,4,2,0.0,0.5398,0.184,0.2442,,3,True
SHP-103139757,ZIM,Antwerp,Le_Havre,sea,At_Port,Consumer_Goods,SGD,2022-01-22,2022-02-06,379.6,2790.2,372.4,0.96,540910.2,25956.4,22,0,0.0,0.5244,0.312,0.5184,,3,True
SHP-103655272,Evergreen,Mumbai,Valencia,air,On_Schedule,Textiles,USD,2022-10-19,2022-10-19,22.7,591.8,499.9,1.6,60885.32,487.43,23,4,0.0,0.2983,0.2702,0.1314,,2,True
SHP-102545376,ZIM,Guangzhou,Houston,sea,On_Schedule,Consumer_Goods,AED,2022-11-17,2022-12-13,635.0,14517.3,2180.9,3.97,300981.71,21301.39,22,4,0.0,0.1048,0.1012,0.6718,,4,True
SHP-104985138,Evergreen,Rotterdam,Valencia,sea,In_Transit,Perishables,GBP,2024-03-16,2024-04-05,491.2,11300.1,2491.7,8.47,58988.16,635.36,21,1,0.0,0.6375,0.0846,0.0943,24.8,1,False
SHP-104441660,DB_Schenker,Antwerp,Singapore,sea,On_Schedule,Chemicals,GBP,2023-01-01,2023-01-23,539.1,9900.0,4705.0,9.77,13820117.81,844243.34,8,1,0.0,0.2157,0.1337,0.1192,,4,False
SHP-100532678,CMA_CGM,Singapore,Rotterdam,road,Delayed,Machinery,CNY,2022-07-22,2022-07-28,153.7,7055.4,1751.6,2.22,1866.59,127.14,15,4,4.9,0.1592,0.3163,0.3985,,3,True
SHP-104938284,MSC,Hamburg,Singapore,sea,In_Transit,Consumer_Goods,EUR,2022-10-05,2022-10-30,612.3,7565.8,515.3,0.72,22505.68,1262.25,21,1,0.0,0.441,0.2775,0.2944,-12.8,2,True
SHP-104422604,CMA_CGM,Singapore,Savannah,sea,On_Schedule,Textiles,USD,2023-04-09,2023-04-29,481.4,14401.1,83.8,0.28,21928.97,634.91,3,5,0.0,0.1942,0.296,0.3328,-2.4,2,True
SHP-102021204,Evergreen,Felixstowe,Savannah,sea,In_Transit,Chemicals,USD,2024-05-08,2024-05-26,446.9,10788.7,3937.1,9.34,756.04,30.18,15,3,0.0,0.5724,0.2484,0.2907,,4,True
SHP-101176089,HMM,Hamburg,Miami,sea,On_Schedule,Machinery,CNY,2022-05-08,2022-06-05,674.4,8120.9,3091.2,9.83,148805.89,5643.73,24,0,0.0,0.4217,0.1208,0.4771,,2,False
SHP-100909063,HMM,Port_Klang,Miami,sea,On_Schedule,Machinery,AED,2022-08-17,2022-08-23,148.7,13226.6,68748.4,140.6,1273.45,82.45,9,4,0.0,0.762,0.2416,0.3362,,4,False
SHP-103525109,DHL,Port_Klang,Houston,sea,On_Schedule,Food_Beverage,USD,2022-10-14,2022-10-22,215.7,13402.2,17358.2,27.41,519332.99,13912.74,23,1,0.0,0.402,0.1499,0.6944,,1,True
SHP-104872857,DB_Schenker,Singapore,Mumbai,air,On_Schedule,Raw_Materials,USD,2024-05-27,2024-05-29,62.1,917.9,24463.5,30.76,10379.0,707.93,22,5,0.0,0.0728,0.2341,0.2037,-5.9,1,True
SHP-100243857,CMA_CGM,Sydney,Baltimore,sea,On_Schedule,Textiles,AED,2022-06-24,2022-07-03,218.4,20428.8,98.7,0.13,112802.14,7713.54,20,4,0.0,0.3835,0.0844,0.7085,,2,True
SHP-100481663,Hapag-Lloyd,Ningbo,Piraeus,sea,In_Transit,Consumer_Goods,AED,2022-11-11,2022-11-19,199.4,7766.6,1753.3,7.75,8494.83,313.37,19,3,0.0,0.2353,0.2191,0.2666,,1,True
SHP-100096211,Maersk,Guangzhou,Felixstowe,sea,In_Transit,Machinery,SGD,2022-11-23,2022-12-10,428.6,10146.5,9963.4,14.09,14746.9,107.72,23,2,0.0,0.2927,0.3242,0.0826,7.2,1,False
SHP-102136120,Evergreen,Hamburg,Valencia,sea,Delayed,Food_Beverage,GBP,2024-05-03,2024-05-31,678.6,12155.6,1264.1,4.25,21675.95,384.02,19,3,4.0,0.2846,0.0653,0.1133,,2,False
SHP-102468778,DB_Schenker,Rotterdam,Baltimore,air,On_Schedule,Raw_Materials,USD,2023-09-03,2023-09-04,31.2,8570.8,3676.8,18.34,1407.9,78.02,9,0,0.0,0.4504,0.2052,0.4477,11.2,3,True
SHP-104411138,Evergreen,Chennai,Hamburg,rail,Delayed,Automotive,CNY,2023-03-13,2023-03-15,50.3,7121.1,500000.0,902.71,39388.95,582.02,15,2,15.6,0.2264,0.111,0.1945,19.5,2,True
SHP-101199844,UPS,Jebel_Ali,New_York,sea,On_Schedule,Machinery,GBP,2023-01-15,2023-01-31,385.5,18350.6,1155.1,4.05,1162542.1,47372.3,2,5,0.0,0.1333,0.2082,0.3323,,2,True
SHP-101369510,DHL,Tokyo,Savannah,rail,On_Schedule,Pharmaceuticals,CNY,2023-10-13,2023-10-19,164.2,7175.8,6715.6,15.31,784644.93,33166.87,4,4,0.0,0.4406,0.1259,0.2528,-12.8,3,True
SHP-102366224,ONE,Mumbai,Felixstowe,sea,On_Schedule,Perishables,GBP,2022-02-27,2022-03-20,517.1,1534.5,27187.8,62.12,45155.48,1392.02,2,2,0.0,0.3303,0.0868,0.4614,,4,False
SHP-103493111,UPS,Rotterdam,Valencia,air,On_Schedule,Automotive,GBP,2022-03-23,2022-03-24,25.2,1834.7,819.4,1.9,21259.74,825.1,21,2,0.0,0.2777,0.0861,0.4539,,2,True
SHP-104625013,Maersk,Colombo,Genoa,road,On_Schedule,Raw_Materials,CNY,2023-01-20,2023-01-25,138.9,5177.8,10623.5,26.81,436554.23,17442.61,24,4,0.0,0.5393,0.2022,0.1861,,2,False
SHP-104367349,Maersk,Colombo,Mumbai,air,Delayed,Food_Beverage,GBP,2023-07-29,2023-07-29,22.4,4588.4,86.7,0.31,27537.42,1248.28,4,5,15.8,0.3178,0.143,0.6272,-12.8,4,False
SHP-102652882,HMM,Colombo,New_York,sea,In_Transit,Consumer_Goods,USD,2022-02-11,2022-03-02,458.4,16678.8,1536.0,5.07,7388.31,280.03,9,2,0.0,0.1964,0.3144,0.3204,,4,False
SHP-102320762,Yang_Ming,Ningbo,Le_Havre,air,In_Transit,Electronics,AED,2022-08-30,2022-09-01,71.5,10185.4,155.7,0.32,109418.93,3922.58,5,5,0.0,0.5914,0.1506,0.4755,-12.9,4,False
SHP-104518205,MSC,Tokyo,Singapore,sea,Customs_Hold,Automotive,GBP,2024-06-22,2024-06-30,215.4,20290.9,1878.4,3.12,43566.76,837.73,20,0,0.0,0.2447,0.2568,0.5272,26.7,2,True
SHP-103572549,ZIM,Sydney,Antwerp,air,On_Schedule,Automotive,SGD,2022-03-15,2022-03-15,22.3,11582.1,491.1,0.96,503638.6,22355.5,9,3,0.0,0.4174,0.1601,0.4049,,3,True
SHP-102985183,Maersk,Singapore,Mumbai,road,Delivered,Chemicals,GBP,2024-01-07,2024-01-13,162.5,3843.9,18970.1,32.4,131742.32,9416.34,18,3,10.8,0.204,0.0533,0.0526,,1,False
SHP-104526300,Evergreen,Guangzhou,Genoa,sea,Delayed,Electronics,EUR,2023-09-01,2023-09-05,116.1,1663.5,115.2,0.34,101264.63,7646.59,18,3,35.6,0.2282,0.1982,0.2903,-9.8,2,True
SHP-104077107,Kuehne_Nagel,Ningbo,Barcelona,sea,On_Schedule,Automotive,GBP,2022-01-13,2022-01-21,197.2,10172.5,2493.1,6.01,503231.92,37863.15,21,1,0.0,0.3917,0.2799,0.4601,4.1,4,True
SHP-101975734,Yang_Ming,Rotterdam,Barcelona,road,On_Schedule,Electronics,USD,2024-07-14,2024-07-18,116.2,2480.6,4011.2,9.5,239018.59,7661.25,8,5,0.0,0.3463,0.1316,0.1714,,3,True
SHP-104801498,Hapag-Lloyd,Ningbo,Bremen,sea,On_Schedule,Pharmaceuticals,CNY,2024-08-17,2024-09-15,714.9,11102.1,443.3,0.97,5479.76,291.78,10,1,0.0,0.29,0.0971,0.152,,4,False
SHP-103444381,Yang_Ming,Chennai,Bremen,sea,Delayed,Pharmaceuticals,EUR,2022-01-21,2022-02-07,419.8,18660.3,97.1,0.32,25815.1,294.78,24,5,86.7,0.2523,0.2315,0.1258,,4,False
SHP-101670883,COSCO,Sydney,Miami,sea,On_Schedule,Pharmaceuticals,GBP,2023-01-13,2023-02-09,668.7,7017.2,99.8,0.13,1286475.82,85631.58,24,5,0.0,0.2295,0.071,0.2488,-8.5,4,True
SHP-100072056,Yang_Ming,Felixstowe,Miami,sea,At_Port,Textiles,SGD,2023-11-25,2023-12-19,594.0,14096.9,3630.8,6.26,43359.69,1143.46,23,5,0.0,0.1847,0.3012,0.2047,22.2,2,False
SHP-101260150,Evergreen,Felixstowe,Houston,sea,In_Transit,Electronics,AED,2023-11-14,2023-12-03,460.2,5310.6,2606.5,3.92,252449.0,19200.57,14,2,0.0,0.2468,0.0338,0.3166,,2,True
SHP-104319951,ONE,Singapore,Los_Angeles,sea,At_Port,Pharmaceuticals,AED,2022-06-18,2022-07-11,559.8,18734.0,3479.0,10.65,48930.68,565.42,2,5,0.0,0.2314,0.0953,0.7046,,3,False
SHP-104425209,HMM,Guangzhou,Barcelona,sea,Delayed,Raw_Materials,EUR,2024-03-20,2024-03-25,132.2,16331.0,753.4,3.1,115207.11,7569.3,22,1,40.0,0.5254,0.1132,0.5277,-9.6,1,True
SHP-102911272,DB_Schenker,Jebel_Ali,Rotterdam,air,Delayed,Raw_Materials,USD,2023-01-28,2023-01-30,51.9,1810.2,8651.9,36.18,17501.68,979.12,6,0,21.4,0.707,0.0834,0.1534,,3,True
SHP-101203098,ONE,Hamburg,Los_Angeles,air,Delayed,Pharmaceuticals,EUR,2024-06-29,2024-07-01,48.4,10827.6,4275.3,8.23,8888.91,305.62,19,3,3.9,0.367,0.1533,0.2552,26.7,1,True
SHP-101941079,Yang_Ming,Tokyo,Hamburg,sea,In_Transit,Raw_Materials,CNY,2023-02-03,2023-02-22,473.8,4939.6,124.1,0.55,21463.01,373.3,17,3,0.0,0.1934,0.4193,0.3483,,2,False
SHP-100194155,FedEx,Mundra,Baltimore,air,On_Schedule,Chemicals,AED,2024-06-07,2024-06-07,15.5,2399.4,38053.8,136.49,20286.83,1178.03,3,0,0.0,0.1266,0.3694,0.0224,-2.8,4,True
SHP-103091011,COSCO,Busan,Barcelona,sea,At_Port,Automotive,SGD,2023-08-12,2023-08-17,138.6,15977.9,368.3,0.93,34486.61,452.6,15,1,0.0,0.1545,0.3194,0.4682,,3,True
SHP-104546800,DHL,Mumbai,Valencia,sea,On_Schedule,Food_Beverage,EUR,2024-05-24,2024-06-10,415.0,6250.5,264.6,0.33,18262.84,957.75,13,1,0.0,0.4037,0.0919,0.3184,,3,True
SHP-103507712,HMM,Port_Klang,Sydney,rail,On_Schedule,Perishables,EUR,2024-07-28,2024-07-30,50.5,3315.8,9043.0,12.05,22184.05,1268.55,9,0,0.0,0.05,0.224,0.2384,,3,True
SHP-103054781,DHL,Singapore,Le_Havre,sea,In_Transit,Electronics,EUR,2022-09-22,2022-10-06,346.4,7035.4,213256.9,308.06,21639.55,374.39,6,3,0.0,0.2729,0.5505,0.1073,,1,True
SHP-101750298,FedEx,Mundra,Houston,sea,Delayed,Pharmaceuticals,EUR,2022-12-14,2022-12-28,359.8,9211.2,6006.7,24.8,1591.92,72.09,7,0,2.8,0.0552,0.1567,0.5918,,1,False
SHP-100582954,HMM,Tokyo,Los_Angeles,sea,Delivered,Textiles,CNY,2023-06-19,2023-07-11,543.9,17013.0,344.9,0.47,166972.02,3813.43,1,0,12.5,0.3376,0.4234,0.0958,,4,False
SHP-103626542,ONE,Rotterdam,Rotterdam,rail,At_Port,Automotive,EUR,2023-06-04,2023-06-12,211.0,2344.3,628.5,1.08,248208.37,1819.02,21,5,0.0,0.1357,0.067,0.4721,,4,False
SHP-101566331,ONE,Dubai,Genoa,sea,On_Schedule,Consumer_Goods,AED,2023-12-01,2023-12-18,420.7,16154.0,1029.0,4.42,10024.89,777.72,2,5,0.0,0.1874,0.3549,0.7731,6.8,4,True
SHP-100174651,DHL,Tanjung_Pelepas,Rotterdam,sea,In_Transit,Raw_Materials,EUR,2023-04-24,2023-05-11,427.8,1459.9,492.7,1.23,476809.66,8825.85,17,3,0.0,0.2068,0.3565,0.607,24.4,1,False
SHP-100321266,HMM,Singapore,Barcelona,sea,In_Transit,Chemicals,AED,2024-07-19,2024-07-25,160.7,14771.6,576.3,1.95,19655.57,441.97,14,0,0.0,0.6626,0.274,0.238,5.5,3,True
SHP-100740752,Evergreen,Sydney,Houston,sea,On_Schedule,Raw_Materials,GBP,2022-04-09,2022-04-22,320.3,10610.7,43889.8,143.63,780976.09,50992.1,17,0,0.0,0.1361,0.0442,0.0653,,2,False
SHP-101624043,ZIM,Busan,Genoa,sea,In_Transit,Automotive,USD,2024-03-22,2024-04-04,330.7,11290.3,96444.7,138.11,186830.31,2253.53,8,2,0.0,0.4646,0.0374,0.1598,,3,True
SHP-100334047,MSC,Tokyo,Barcelona,air,On_Schedule,Perishables,EUR,2023-10-08,2023-10-08,18.8,13891.3,31411.2,54.12,6140.82,126.95,4,4,0.0,0.4523,0.2424,0.5792,,1,True
SHP-104992150,Evergreen,Sydney,Antwerp,sea,On_Schedule,Automotive,SGD,2023-03-19,2023-04-15,651.5,21604.6,3530.2,4.51,4049360.42,165950.67,6,2,0.0,0.2969,0.0026,0.1645,,4,False
SHP-102413125,MSC,Antwerp,Los_Angeles,air,At_Port,Electronics,EUR,2022-03-02,2022-03-04,70.6,9729.1,9634.6,18.48,53597.38,4001.92,17,1,0.0,0.1614,0.0493,0.5235,,3,True
SHP-102874388,Kuehne_Nagel,Dubai,Sydney,sea,Delayed,Food_Beverage,AED,2024-11-01,2024-11-19,437.5,7238.4,1398.6,5.74,314325.49,21921.15,9,0,1.2,0.26,0.2088,0.265,9.2,4,False
SHP-100151075,Hapag-Lloyd,Sydney,Baltimore,sea,Delivered,Machinery,AED,2023-11-10,2023-12-05,623.1,21332.8,3924.3,5.35,3485.08,264.03,8,0,20.2,0.0153,0.2302,0.0456,,1,False
SHP-101160207,Maersk,Antwerp,Los_Angeles,rail,In_Transit,Raw_Materials,USD,2022-06-13,2022-06-20,174.2,5220.8,9430.3,12.78,13563.32,1075.52,14,1,0.0,0.283,0.2033,0.5685,16.6,1,True
SHP-100373303,COSCO,Antwerp,Le_Havre,sea,In_Transit,Textiles,SGD,2024-11-02,2024-11-27,622.5,18209.6,1500.7,3.65,13070.99,261.4,6,0,0.0,0.3335,0.5535,0.4539,,4,True
SHP-103444431,DHL,Hamburg,New_York,road,Delayed,Raw_Materials,AED,2023-04-29,2023-05-04,134.9,5691.0,77328.6,151.07,6135.56,174.96,4,1,16.6,0.3283,0.1218,0.1374,-2.7,1,True
SHP-103538026,MSC,Chennai,Piraeus,sea,On_Schedule,Machinery,EUR,2023-06-11,2023-06-25,341.4,2475.3,196.4,0.79,316215.19,11987.66,19,1,0.0,0.2952,0.2593,0.1858,6.1,1,False
SHP-103908552,DB_Schenker,Singapore,Houston,sea,On_Schedule,Automotive,SGD,2023-08-08,2023-08-18,259.9,8034.9,1286.3,2.67,339580.35,7146.15,23,3,0.0,0.1339,0.0817,0.1793,,1,True
SHP-100742585,COSCO,Singapore,Hamburg,sea,Critical_Delay,Textiles,SGD,2024-12-25,2025-01-18,593.1,11795.3,1201.9,3.35,323677.48,16007.8,13,3,43.7,0.071,0.3884,0.4698,,2,False
SHP-101112877,DHL,Port_Klang,Felixstowe,sea,In_Transit,Raw_Materials,EUR,2022-10-29,2022-11-06,199.4,18990.5,66.5,0.12,201324.04,13650.61,15,0,0.0,0.5094,0.1026,0.0918,,1,False
SHP-101939639,UPS,Colombo,Sydney,road,On_Schedule,Chemicals,CNY,2024-01-25,2024-01-28,87.7,294.2,10093.1,13.13,18019.22,1065.25,17,3,0.0,0.3699,0.0421,0.0485,,2,False
SHP-100426999,COSCO,Port_Klang,Piraeus,sea,On_Schedule,Electronics,AED,2022-04-13,2022-04-17,104.0,19338.5,38479.5,66.41,39084.14,623.88,13,3,0.0,0.068,0.4303,0.2941,,3,False
SHP-103507749,Yang_Ming,Ningbo,Barcelona,road,Customs_Hold,Textiles,GBP,2022-12-08,2022-12-17,233.6,6743.3,8642.0,19.33,3323.55,201.62,3,2,0.0,0.3076,0.1552,0.3291,,1,False
SHP-102179260,Yang_Ming,Mundra,Dubai,sea,Customs_Hold,Pharmaceuticals,EUR,2024-05-16,2024-06-11,641.3,8091.4,203.2,0.31,31818.53,828.83,11,4,0.0,0.2891,0.1541,0.2546,,3,False
SHP-102734645,UPS,Melbourne,Le_Havre,air,On_Schedule,Chemicals,GBP,2024-10-06,2024-10-07,42.4,9657.1,930.4,2.93,18576.54,990.72,2,0,0.0,0.1424,0.5365,0.1642,,2,True
SHP-100787686,MSC,Singapore,Piraeus,sea,In_Transit,Pharmaceuticals,USD,2024-07-31,2024-08-27,666.9,17610.3,66.2,0.33,17602.34,1343.19,17,0,0.0,0.0762,0.0453,0.4943,,2,False
SHP-102174533,DB_Schenker,Guangzhou,Miami,rail,Customs_Hold,Electronics,CNY,2023-09-29,2023-10-08,225.5,4381.2,1128.4,1.47,24135.49,776.22,5,3,0.0,0.4028,0.2428,0.2163,19.2,3,True
SHP-102703762,ZIM,Mumbai,Barcelona,air,On_Schedule,Textiles,AED,2024-08-16,2024-08-18,66.1,13880.9,154.0,0.22,14616.89,1119.27,13,4,0.0,0.1802,0.2438,0.2568,,4,True
SHP-101906130,DB_Schenker,Rotterdam,Baltimore,air,In_Transit,Perishables,CNY,2022-06-30,2022-07-02,49.8,9172.6,56.8,0.26,894.72,42.46,7,5,0.0,0.4166,0.245,0.0902,-13.0,2,False
SHP-103094140,Hapag-Lloyd,Rotterdam,New_York,rail,In_Transit,Electronics,EUR,2024-03-07,2024-03-15,205.2,1891.3,11813.8,18.11,5839.99,117.7,21,1,0.0,0.3432,0.2856,0.2605,-17.6,1,False
SHP-104803341,Yang_Ming,Rotterdam,Sydney,sea,On_Schedule,Raw_Materials,SGD,2022-12-20,2023-01-10,517.3,7730.3,1768.4,7.88,4061.92,186.37,14,3,0.0,0.0673,0.3161,0.3658,,2,False
SHP-104402090,MSC,Antwerp,Bremen,rail,On_Schedule,Pharmaceuticals,USD,2023-03-25,2023-03-27,54.6,2084.3,2208.5,3.9,664160.76,5681.95,11,2,0.0,0.1309,0.0534,0.179,,2,True
SHP-103852953,HMM,Jebel_Ali,Los_Angeles,road,At_Port,Electronics,AED,2023-06-21,2023-06-29,202.2,542.8,2990.7,4.54,460.23,11.38,10,0,0.0,0.5772,0.1858,0.2422,-2.0,4,True
SHP-104610573,Hapag-Lloyd,Guangzhou,Dubai,rail,Delayed,Perishables,AED,2023-08-27,2023-09-02,157.7,930.3,325.8,0.42,337262.78,8754.39,14,0,14.9,0.074,0.1055,0.3797,,1,False
SHP-104833116,DHL,Mundra,Piraeus,air,On_Schedule,Pharmaceuticals,CNY,2024-10-17,2024-10-19,65.2,14910.4,46667.9,230.72,122804.33,8315.28,9,1,0.0,0.2401,0.2827,0.1416,,1,True
SHP-100088726,Yang_Ming,Antwerp,Dubai,sea,In_Transit,Chemicals,USD,2023-06-03,2023-06-15,307.9,7682.5,15607.1,34.0,136015.26,8663.49,12,0,0.0,0.5605,0.0288,0.2303,,3,True
SHP-102153029,MSC,Felixstowe,Rotterdam,sea,At_Port,Textiles,USD,2023-03-25,2023-03-31,152.8,3041.8,31676.3,91.26,13352.53,152.8,20,1,0.0,0.2498,0.0606,0.6671,,3,True
SHP-100541990,DB_Schenker,Shanghai,Rotterdam,sea,On_Schedule,Pharmaceuticals,EUR,2023-12-23,2024-01-18,624.8,7188.1,9660.8,34.58,501966.19,6998.9,8,3,0.0,0.2253,0.3323,0.2759,8.0,2,True
SHP-100171004,FedEx,Shanghai,Houston,sea,At_Port,Chemicals,USD,2022-04-15,2022-05-13,685.0,19926.6,7652.6,26.96,27386.51,1531.06,24,4,0.0,0.1295,0.1423,0.1389,,3,True
SHP-104979844,Evergreen,Shanghai,Felixstowe,road,In_Transit,Automotive,GBP,2023-01-24,2023-01-29,123.1,4698.1,288.6,0.75,453706.15,15031.97,17,1,0.0,0.1903,0.3166,0.0734,,3,True
SHP-104622740,COSCO,Tokyo,Le_Havre,sea,On_Schedule,Machinery,AED,2022-12-04,2022-12-27,556.9,16676.6,3707.1,7.46,147776.55,8639.69,24,3,0.0,0.3011,0.2302,0.1338,-2.1,1,True
SHP-102314178,ZIM,Chennai,Mumbai,road,Delayed,Machinery,USD,2022-06-19,2022-06-21,52.9,6216.6,33132.5,61.89,82948.32,1586.48,14,3,2.2,0.177,0.2324,0.3752,,2,True
SHP-104969577,Yang_Ming,Singapore,Savannah,rail,On_Schedule,Textiles,CNY,2023-08-22,2023-08-25,86.3,1124.4,12921.1,50.01,318356.53,11446.33,19,1,0.0,0.236,0.2963,0.3196,,3,True
SHP-101592585,MSC,Tokyo,Savannah,sea,Delayed,Consumer_Goods,GBP,2023-06-18,2023-06-24,154.4,16847.0,8193.6,13.06,175641.23,4858.53,8,5,33.7,0.3379,0.0874,0.3379,,3,True
SHP-101221619,Evergreen,Sydney,Felixstowe,air,Delivered,Food_Beverage,EUR,2024-05-03,2024-05-04,37.3,9398.2,4529.8,5.94,425783.01,21865.02,5,5,24.6,0.425,0.0899,0.1316,,1,False
SHP-103702676,Kuehne_Nagel,Singapore,Houston,sea,Delivered,Chemicals,AED,2023-04-13,2023-04-22,230.5,11784.6,153860.1,363.74,543331.95,25960.53,9,3,10.0,0.2613,0.5031,0.2691,,2,False
SHP-100248647,DHL,Jebel_Ali,New_York,sea,Delayed,Automotive,SGD,2022-07-08,2022-07-25,413.4,12541.7,447.3,0.6,314007.02,16701.6,4,4,0.1,0.1939,0.3187,0.1172,,1,True
SHP-104074506,Maersk,Singapore,Bremen,sea,Delayed,Automotive,EUR,2024-03-18,2024-03-24,158.8,2919.0,66.6,0.1,114665.22,6754.42,14,4,29.1,0.209,0.2468,0.499,3.5,4,False
SHP-104528795,DHL,Mumbai,New_York,sea,Delayed,Chemicals,GBP,2023-04-14,2023-05-10,631.6,1081.5,112401.6,185.59,2253.8,52.7,3,4,0.2,0.4258,0.2314,0.4055,18.5,4,True
SHP-103536706,DHL,Mundra,Sydney,rail,On_Schedule,Consumer_Goods,USD,2023-09-01,2023-09-10,239.0,2693.8,273.6,0.36,26376.89,457.62,15,2,0.0,0.3848,0.1167,0.45,1.9,1,False
SHP-104902709,ZIM,Singapore,Miami,sea,On_Schedule,Perishables,AED,2022-03-14,2022-04-01,445.2,7608.3,5660.4,9.07,78751.36,1505.74,17,1,0.0,0.5571,0.2833,0.2526,26.9,4,True
SHP-102279962,Maersk,Sydney,Felixstowe,sea,Delayed,Consumer_Goods,GBP,2022-12-05,2022-12-13,207.7,20132.3,227963.2,589.65,3658.39,281.78,21,3,13.5,0.2862,0.3977,0.1539,,2,True
SHP-101879840,Maersk,Mumbai,Le_Havre,sea,Delayed,Consumer_Goods,CNY,2022-09-22,2022-10-19,669.8,5220.5,3311.8,6.2,21828.85,1525.72,24,3,2.0,0.382,0.153,0.6457,,3,True
SHP-100363425,CMA_CGM,Rotterdam,New_York,sea,On_Schedule,Chemicals,EUR,2022-02-08,2022-02-24,395.8,14613.2,546.9,0.9,120855.49,5614.62,22,4,0.0,0.2526,0.0455,0.2076,,2,False
SHP-101756408,FedEx,Chennai,Savannah,sea,At_Port,Raw_Materials,SGD,2023-04-05,2023-04-10,130.0,10265.7,4453.5,7.32,2213293.75,50717.75,20,3,0.0,0.5893,0.2806,0.1442,,4,True
SHP-101638251,Evergreen,Mundra,Baltimore,sea,At_Port,Electronics,AED,2022-05-19,2022-06-04,390.4,10753.4,578.4,1.0,19508.26,916.97,5,5,0.0,0.1794,0.2438,0.0512,,4,False
SHP-101220804,ONE,Mundra,Baltimore,sea,Critical_Delay,Consumer_Goods,SGD,2022-12-07,2022-12-14,180.0,7228.0,604.6,0.83,223356.68,4600.07,23,1,50.1,0.516,0.2138,0.4413,,3,True
SHP-100355993,Maersk,Sydney,Sydney,road,Delayed,Machinery,GBP,2024-09-15,2024-09-21,155.8,7150.3,11803.3,20.72,40033.14,2972.34,5,5,25.5,0.2623,0.0941,0.3239,-3.4,3,True
SHP-103509054,Hapag-Lloyd,Mundra,Hamburg,rail,Critical_Delay,Raw_Materials,SGD,2022-01-22,2022-01-28,152.1,6353.6,178.0,0.34,5456.49,305.16,10,5,43.2,0.3033,0.3474,0.4828,5.2,3,False
SHP-101022024,CMA_CGM,Antwerp,Savannah,sea,At_Port,Machinery,CNY,2024-08-22,2024-09-14,552.4,5673.7,855.2,2.51,5162.7,332.68,5,0,0.0,0.1378,0.2594,0.0858,,3,True
SHP-101777654,Maersk,Rotterdam,Houston,sea,On_Schedule,Pharmaceuticals,EUR,2022-12-23,2023-01-11,470.4,20697.0,4695.3,10.83,1471.43,92.26,18,5,0.0,0.1099,0.2641,0.0274,,1,False
SHP-104722144,ONE,Rotterdam,New_York,sea,At_Port,Raw_Materials,USD,2024-06-29,2024-07-22,565.6,18032.2,580.4,2.75,7281.03,129.07,20,5,0.0,0.2035,0.2565,0.1717,,4,True
SHP-101654887,DB_Schenker,Tanjung_Pelepas,Sydney,sea,At_Port,Consumer_Goods,AED,2023-04-15,2023-04-27,290.7,20876.7,72497.0,152.66,505628.51,36956.61,3,4,0.0,0.3946,0.1396,0.2429,,4,False
SHP-104997590,Evergreen,Port_Klang,Sydney,sea,In_Transit,Perishables,EUR,2023-11-10,2023-11-22,306.8,16528.3,68.8,0.22,141134.34,6119.09,5,3,0.0,0.4042,0.1097,0.342,-16.4,1,False
SHP-100290666,Maersk,Hamburg,Miami,sea,Delayed,Automotive,GBP,2024-02-21,2024-03-13,510.2,2296.8,19388.3,26.04,22330.52,1250.27,4,1,89.9,0.3327,0.2766,0.3603,-19.5,4,False
SHP-101613465,CMA_CGM,Mundra,Piraeus,air,On_Schedule,Chemicals,CNY,2024-12-04,2024-12-06,65.6,10034.3,2449.1,7.44,50699.17,1465.77,2,1,0.0,0.4078,0.2121,0.0834,,1,True
SHP-100356574,DB_Schenker,Tanjung_Pelepas,Valencia,sea,On_Schedule,Pharmaceuticals,AED,2023-03-25,2023-04-19,620.5,8859.8,45086.2,143.28,115166.32,3682.06,16,3,0.0,0.5033,0.3072,0.4321,,2,True
SHP-101542844,Evergreen,Chennai,Singapore,sea,In_Transit,Machinery,CNY,2023-08-05,2023-08-09,102.2,10077.0,2235.6,3.02,48158.83,1140.45,11,3,0.0,0.0714,0.0987,0.5493,,4,True
SHP-103117643,MSC,Hamburg,Los_Angeles,air,In_Transit,Perishables,USD,2022-01-03,2022-01-05,51.9,1853.6,1390.1,3.59,87097.46,1552.86,12,5,0.0,0.5176,0.1506,0.3944,-4.5,2,True
SHP-100176091,Yang_Ming,Singapore,Los_Angeles,air,In_Transit,Food_Beverage,CNY,2023-05-17,2023-05-19,64.8,14486.9,1064.3,1.54,4056.39,314.9,21,0,0.0,0.4336,0.2167,0.0564,,1,True
SHP-103420685,COSCO,Tanjung_Pelepas,Le_Havre,rail,Customs_Hold,Consumer_Goods,USD,2024-10-07,2024-10-16,226.4,340.8,6125.9,8.25,2810726.5,129968.64,3,4,0.0,0.5931,0.2276,0.3132,,3,True
SHP-101968041,MSC,Tanjung_Pelepas,New_York,sea,Critical_Delay,Food_Beverage,EUR,2024-01-05,2024-02-03,699.4,1138.5,85642.1,113.71,178399.1,6242.7,15,1,21.1,0.2247,0.2141,0.2272,,3,True
SHP-101990935,DB_Schenker,Chennai,Los_Angeles,air,In_Transit,Chemicals,GBP,2022-10-11,2022-10-13,61.2,8113.8,654.2,2.83,3653.68,51.13,19,1,0.0,0.06,0.2371,0.2164,,4,False
SHP-100635698,Hapag-Lloyd,Colombo,New_York,sea,Critical_Delay,Automotive,SGD,2024-07-15,2024-08-13,705.3,12432.5,6538.6,31.72,109843.93,3560.82,16,2,6.6,0.2904,0.2428,0.0837,3.2,4,True
SHP-101861226,FedEx,Jebel_Ali,New_York,sea,On_Schedule,Food_Beverage,USD,2024-04-02,2024-04-26,580.3,5061.6,26155.6,40.65,443318.73,25434.26,21,1,0.0,0.1541,0.1575,0.3445,11.1,3,False
SHP-100000939,UPS,Tokyo,Baltimore,rail,On_Schedule,Automotive,EUR,2022-12-08,2022-12-13,138.7,6809.2,1605.6,2.18,482829.01,11199.45,18,0,0.0,0.0731,0.0906,0.3498,,1,False
SHP-103317608,MSC,Tokyo,Los_Angeles,sea,On_Schedule,Chemicals,EUR,2022-12-08,2022-12-20,290.0,18601.5,681.5,1.23,2219.57,58.31,22,2,0.0,0.1433,0.1036,0.1897,,4,True
SHP-103275393,COSCO,Port_Klang,Hamburg,sea,Customs_Hold,Electronics,CNY,2024-06-07,2024-07-03,641.5,17013.9,1838.3,5.58,474898.34,7259.04,2,3,0.0,0.1716,0.0405,0.5697,24.4,2,True
SHP-100016906,DHL,Hamburg,New_York,sea,In_Transit,Pharmaceuticals,SGD,2024-10-25,2024-11-21,671.2,10869.0,333074.6,626.26,853393.86,22614.08,18,4,0.0,0.2708,0.1721,0.2258,-19.3,3,False
SHP-100657530,DB_Schenker,Melbourne,Felixstowe,air,In_Transit,Textiles,GBP,2024-11-14,2024-11-15,24.3,8054.5,7273.0,21.85,24693.22,1386.61,20,3,0.0,0.5777,0.1447,0.0897,,3,False
SHP-100664562,CMA_CGM,Dubai,Baltimore,sea,Delayed,Automotive,GBP,2022-12-20,2023-01-14,623.2,4548.2,2338.1,7.12,4350095.19,138067.51,22,5,29.9,0.0955,0.1904,0.2314,,3,True
SHP-100674615,FedEx,Guangzhou,Barcelona,air,Delivered,Automotive,CNY,2023-01-24,2023-01-25,29.2,2345.2,632.6,2.28,128296.76,10209.27,11,2,32.2,0.4298,0.1062,0.3164,-12.2,4,True
SHP-102127969,CMA_CGM,Busan,Mumbai,sea,In_Transit,Consumer_Goods,EUR,2022-08-04,2022-08-13,238.9,16116.3,84066.7,244.34,989996.03,51959.29,7,0,0.0,0.2651,0.0729,0.4275,,1,False
SHP-103682406,CMA_CGM,Antwerp,Mumbai,sea,In_Transit,Automotive,CNY,2022-07-21,2022-08-04,347.7,4839.3,5322.3,8.21,252693.08,12010.56,22,1,0.0,0.2135,0.0407,0.5399,23.8,4,True
SHP-100664287,COSCO,Chennai,Miami,sea,On_Schedule,Consumer_Goods,CNY,2023-10-08,2023-10-25,416.7,13286.7,48467.7,93.53,187254.45,6297.5,7,1,0.0,0.1709,0.1693,0.5316,,4,False
SHP-104384117,Hapag-Lloyd,Busan,Houston,rail,Delayed,Textiles,SGD,2022-03-01,2022-03-06,136.5,4830.8,1433.6,2.34,69508.13,2360.56,19,1,61.4,0.2501,0.3247,0.3432,,3,True
SHP-102408013,ZIM,Hamburg,Savannah,sea,In_Transit,Raw_Materials,SGD,2023-09-23,2023-09-29,164.4,16626.1,76182.5,103.5,19414.24,185.08,4,5,0.0,0.1718,0.2173,0.0741,,1,True
SHP-100997772,Hapag-Lloyd,Busan,Sydney,air,In_Transit,Electronics,EUR,2024-12-20,2024-12-21,34.0,5040.4,716.6,2.34,323705.35,17170.86,11,3,0.0,0.2197,0.5673,0.368,28.1,2,True
SHP-103564823,HMM,Antwerp,Mumbai,sea,Delayed,Consumer_Goods,USD,2023-05-17,2023-06-07,524.8,16357.7,754.4,0.96,93154.13,2438.55,13,2,13.5,0.2755,0.2283,0.2268,,1,False
SHP-101082499,Hapag-Lloyd,Sydney,Singapore,air,On_Schedule,Food_Beverage,USD,2024-07-09,2024-07-11,63.0,944.4,1068.5,2.86,109110.07,8259.89,18,3,0.0,0.3328,0.3218,0.2041,,1,True
SHP-104921629,DHL,Felixstowe,Piraeus,sea,In_Transit,Consumer_Goods,EUR,2024-03-22,2024-04-08,417.3,2524.8,69109.9,180.22,22283.45,1768.62,21,5,0.0,0.343,0.0742,0.1997,,1,True
SHP-103737182,COSCO,Guangzhou,Dubai,sea,In_Transit,Chemicals,GBP,2022-04-23,2022-05-09,400.4,12487.8,651.4,2.57,5824.08,294.94,16,4,0.0,0.1495,0.2729,0.5796,,3,False
SHP-103784796,Kuehne_Nagel,Tokyo,Los_Angeles,sea,On_Schedule,Food_Beverage,GBP,2023-05-21,2023-05-26,137.0,19722.7,11582.2,49.68,188098.03,13504.9,20,4,0.0,0.2332,0.3364,0.3149,,1,False
SHP-102556138,DHL,Guangzhou,Savannah,sea,In_Transit,Chemicals,CNY,2022-05-10,2022-05-22,301.1,5517.5,5458.8,11.78,54095.94,3515.2,22,5,0.0,0.3505,0.2531,0.3431,,3,True
SHP-103169278,Hapag-Lloyd,Antwerp,Sydney,air,In_Transit,Electronics,CNY,2023-02-26,2023-02-28,52.3,10573.5,5158.5,12.26,29516.71,1260.39,1,0,0.0,0.5216,0.2184,0.6796,-5.6,1,True
SHP-104234682,MSC,Rotterdam,Savannah,air,In_Transit,Machinery,USD,2023-10-23,2023-10-25,71.2,11852.2,22118.2,52.72,1387.7,49.78,5,4,0.0,0.4451,0.2879,0.3172,,4,False
SHP-100898975,Kuehne_Nagel,Ningbo,Genoa,sea,Delayed,Machinery,CNY,2022-07-27,2022-08-19,564.7,15194.1,487.6,0.71,1993.02,78.41,6,5,11.8,0.3665,0.1138,0.4997,,2,False
SHP-100274779,Hapag-Lloyd,Felixstowe,Savannah,sea,On_Schedule,Textiles,USD,2023-11-25,2023-12-01,153.8,5178.5,19612.9,24.7,221829.39,5813.55,21,0,0.0,0.3931,0.2552,0.2667,14.1,3,True
SHP-100124139,MSC,Felixstowe,Rotterdam,sea,In_Transit,Raw_Materials,SGD,2023-01-03,2023-01-17,343.7,10518.8,2538.5,5.67,12498497.82,789344.34,1,1,0.0,0.0806,0.1397,0.0852,,1,True
SHP-104236782,COSCO,Tokyo,Houston,air,In_Transit,Textiles,AED,2024-08-15,2024-08-17,56.0,11523.7,296.8,0.71,1538487.14,58041.0,12,4,0.0,0.1202,0.0559,0.4636,,3,True
SHP-104263290,DHL,Chennai,Felixstowe,air,At_Port,Food_Beverage,USD,2022-05-27,2022-05-28,29.7,5722.9,738.9,0.97,32982.41,1608.9,22,3,0.0,0.2181,0.1001,0.1927,17.1,1,True
SHP-104889443,HMM,Mumbai,Le_Havre,sea,Customs_Hold,Electronics,CNY,2022-04-01,2022-04-27,642.0,20130.3,435.2,0.73,7913.02,483.5,2,2,0.0,0.452,0.0212,0.3109,,3,True
SHP-102619564,MSC,Mundra,Hamburg,sea,In_Transit,Food_Beverage,EUR,2023-02-24,2023-03-21,614.5,7344.6,8674.1,16.03,74330.97,3903.73,7,4,0.0,0.3116,0.1066,0.4694,,3,True
SHP-102259410,HMM,Tanjung_Pelepas,Le_Havre,air,Delayed,Textiles,CNY,2022-10-19,2022-10-21,49.7,11959.5,2848.5,8.94,229686.48,1284.63,9,0,21.4,0.3271,0.0906,0.4294,,1,True
SHP-103381301,COSCO,Antwerp,Singapore,rail,On_Schedule,Electronics,EUR,2022-12-10,2022-12-18,207.3,5424.0,2008.3,4.93,327445.58,3137.98,3,1,0.0,0.3768,0.4508,0.2599,,3,False
SHP-102817084,Hapag-Lloyd,Chennai,Dubai,air,On_Schedule,Consumer_Goods,GBP,2022-10-22,2022-10-23,25.9,6599.2,55.4,0.08,582158.78,4404.1,22,5,0.0,0.0689,0.1591,0.4813,,1,True
SHP-102733551,Evergreen,Port_Klang,Bremen,sea,Delayed,Pharmaceuticals,EUR,2022-05-15,2022-06-08,583.6,11232.6,132980.6,213.7,10167.25,585.72,14,4,16.1,0.1863,0.4685,0.423,,2,True
SHP-104057242,Yang_Ming,Rotterdam,Felixstowe,sea,On_Schedule,Food_Beverage,SGD,2023-03-29,2023-04-23,606.4,7550.7,2034.2,4.18,89718.42,4642.39,8,5,0.0,0.2413,0.0444,0.5268,-8.4,1,True
SHP-103030674,Yang_Ming,Ningbo,Los_Angeles,sea,At_Port,Chemicals,AED,2023-03-12,2023-03-22,252.3,9571.2,8341.8,12.02,79235.74,5987.66,19,0,0.0,0.1463,0.1351,0.247,,4,True
SHP-103451007,HMM,Port_Klang,Baltimore,sea,In_Transit,Electronics,USD,2024-12-11,2024-12-22,280.7,13440.7,3892.9,9.86,624142.23,27726.16,12,1,0.0,0.3998,0.1995,0.3358,,2,False
SHP-100810556,Evergreen,Tokyo,New_York,sea,At_Port,Electronics,EUR,2022-06-20,2022-07-10,491.9,8865.6,61421.0,92.65,291855.84,6139.22,1,1,0.0,0.1803,0.0506,0.248,,3,False
SHP-104513510,HMM,Guangzhou,Singapore,sea,In_Transit,Pharmaceuticals,CNY,2022-10-02,2022-10-19,410.2,9351.9,500000.0,975.21,1138.24,8.27,13,5,0.0,0.1532,0.1065,0.4704,,3,True
SHP-100906123,ONE,Hamburg,Miami,road,At_Port,Textiles,CNY,2022-07-18,2022-07-23,139.2,6791.9,5445.1,7.0,745633.32,21452.47,17,1,0.0,0.1155,0.0797,0.608,28.5,1,False
SHP-101956734,DHL,Dubai,Savannah,sea,At_Port,Machinery,GBP,2022-02-01,2022-02-18,423.9,21676.5,2636.5,5.3,925693.03,7312.44,23,5,0.0,0.0414,0.119,0.0885,7.7,4,False
SHP-104499547,HMM,Jebel_Ali,Hamburg,sea,On_Schedule,Automotive,GBP,2024-09-28,2024-10-19,508.6,17203.7,26705.9,82.94,16586.01,905.58,14,0,0.0,0.3609,0.187,0.1584,,4,False
SHP-103250319,Hapag-Lloyd,Shanghai,Hamburg,air,Customs_Hold,Food_Beverage,AED,2022-02-06,2022-02-08,51.7,1978.4,134.0,0.33,398775.29,20542.49,23,3,0.0,0.3905,0.0577,0.2703,,4,True
SHP-103690553,MSC,Hamburg,Dubai,sea,In_Transit,Textiles,SGD,2024-01-22,2024-01-26,112.0,7769.9,3522.0,7.98,1032907.21,51927.33,2,4,0.0,0.6123,0.1451,0.6417,,2,True
SHP-100674997,Yang_Ming,Hamburg,Bremen,sea,Critical_Delay,Machinery,EUR,2024-06-14,2024-06-19,122.5,10856.6,68.6,0.2,17575.59,560.96,3,0,20.9,0.7885,0.2828,0.595,20.3,4,True
SHP-102428597,DB_Schenker,Felixstowe,Barcelona,air,On_Schedule,Chemicals,SGD,2024-10-17,2024-10-17,13.6,10546.6,776.8,0.99,47826.91,1049.12,21,5,0.0,0.3284,0.0267,0.2434,,4,True
SHP-103209379,HMM,Hamburg,Felixstowe,sea,Customs_Hold,Food_Beverage,SGD,2022-10-10,2022-10-16,162.5,8454.4,5898.7,23.14,212952.98,3638.07,16,1,0.0,0.1096,0.0777,0.3977,,2,True
SHP-102484032,Yang_Ming,Chennai,Piraeus,road,On_Schedule,Textiles,CNY,2024-08-24,2024-08-27,93.8,5113.7,6347.1,22.19,66569.95,4643.01,15,2,0.0,0.644,0.2223,0.0455,,1,True
SHP-103009573,HMM,Singapore,New_York,rail,On_Schedule,Machinery,CNY,2023-03-12,2023-03-14,56.4,7942.2,16478.2,29.96,27461.77,759.46,9,3,0.0,0.4271,0.1713,0.4048,23.1,1,True
SHP-104384032,CMA_CGM,Hamburg,Sydney,sea,At_Port,Automotive,SGD,2022-08-29,2022-09-11,328.7,15819.3,4886.9,12.44,39608.48,1172.23,17,4,0.0,0.0936,0.1197,0.8127,,4,True
SHP-101688521,MSC,Chennai,Valencia,sea,In_Transit,Chemicals,GBP,2023-04-21,2023-05-02,282.3,3092.2,6408.5,10.68,46519.05,1437.76,23,1,0.0,0.1237,0.1893,0.6943,,1,True
SHP-100582572,DB_Schenker,Antwerp,Miami,sea,In_Transit,Electronics,GBP,2022-01-16,2022-02-12,650.2,7801.2,5964.0,8.07,568573.86,8213.92,6,3,0.0,0.5514,0.2806,0.3145,-17.4,2,False
SHP-103188147,ZIM,Hamburg,Rotterdam,sea,On_Schedule,Textiles,CNY,2023-04-29,2023-05-28,717.1,5598.7,1728.0,3.34,843.52,48.04,20,1,0.0,0.1981,0.0676,0.1039,,2,True
SHP-100931722,Kuehne_Nagel,Antwerp,Valencia,rail,Delayed,Pharmaceuticals,EUR,2024-08-17,2024-08-18,29.2,2167.4,3095.4,13.94,193870.65,8007.23,2,2,71.5,0.1354,0.1733,0.3825,,4,False
SHP-102057510,DB_Schenker,Felixstowe,Barcelona,sea,At_Port,Chemicals,EUR,2023-04-26,2023-05-04,205.6,12714.4,1787.1,2.93,14439.26,831.48,14,1,0.0,0.1936,0.0069,0.2945,,2,False
SHP-101503644,Kuehne_Nagel,Rotterdam,Hamburg,sea,Delayed,Machinery,USD,2022-12-21,2023-01-06,402.5,1704.0,2234.3,4.88,16816.53,936.28,10,1,24.8,0.2556,0.0948,0.3169,26.0,1,True
SHP-100416303,Evergreen,Ningbo,Piraeus,air,Customs_Hold,Food_Beverage,CNY,2023-04-19,2023-04-20,33.0,5302.8,14723.9,25.55,176941.96,11773.55,23,0,0.0,0.2024,0.2484,0.2475,9.2,1,True
SHP-102027619,FedEx,Felixstowe,Miami,sea,On_Schedule,Chemicals,GBP,2022-06-22,2022-07-02,248.3,11498.7,359.0,0.63,47365.28,604.1,2,3,0.0,0.3503,0.2346,0.5111,-10.4,3,False
SHP-100025130,COSCO,Antwerp,Hamburg,air,On_Schedule,Automotive,USD,2023-01-04,2023-01-06,61.0,12029.0,4596.5,15.71,156390.91,6275.3,1,0,0.0,0.4454,0.1324,0.3921,-8.9,1,False
SHP-101683205,FedEx,Chennai,Barcelona,sea,Delivered,Consumer_Goods,AED,2023-06-26,2023-07-18,530.0,8488.9,89.1,0.12,66179.1,1679.57,10,1,9.2,0.1914,0.0462,0.2411,,3,False
SHP-104642282,Kuehne_Nagel,Port_Klang,Antwerp,sea,In_Transit,Pharmaceuticals,CNY,2023-03-17,2023-04-07,511.1,4648.3,2558.0,5.02,21393.92,1145.63,11,1,0.0,0.3608,0.2804,0.3487,,2,False
SHP-100768215,Hapag-Lloyd,Felixstowe,Felixstowe,sea,On_Schedule,Raw_Materials,SGD,2024-10-06,2024-10-18,298.2,4358.3,52189.8,65.28,174858.24,3303.67,4,2,0.0,0.1957,0.3425,0.2858,,4,True
SHP-100122024,DHL,Sydney,Piraeus,air,In_Transit,Pharmaceuticals,EUR,2024-01-14,2024-01-15,40.4,1886.9,817.4,1.64,2006.93,41.73,11,0,0.0,0.4212,0.0501,0.516,,1,True
SHP-103832623,ONE,Sydney,New_York,road,On_Schedule,Raw_Materials,USD,2024-01-01,2024-01-05,96.3,392.8,103581.5,131.38,78352.81,4035.4,15,0,0.0,0.2292,0.1601,0.2182,25.1,1,False
SHP-102045488,CMA_CGM,Antwerp,Rotterdam,sea,In_Transit,Textiles,SGD,2022-08-13,2022-09-06,577.8,1693.9,4991.8,17.64,19691.52,106.38,15,1,0.0,0.2782,0.4604,0.2659,,4,False
SHP-100214521,UPS,Ningbo,Bremen,sea,Delayed,Automotive,CNY,2023-03-05,2023-03-20,370.5,17225.0,392.9,1.96,14327.22,575.75,24,3,0.0,0.2082,0.0503,0.4469,17.5,1,True
SHP-103817411,MSC,Tokyo,Le_Havre,sea,At_Port,Pharmaceuticals,USD,2023-05-31,2023-06-07,178.0,7113.2,740.1,1.84,23385.52,1373.27,5,4,0.0,0.4704,0.079,0.3719,,1,True
SHP-104471211,UPS,Shanghai,Genoa,rail,At_Port,Pharmaceuticals,CNY,2024-12-29,2025-01-07,221.6,1171.1,912.3,1.17,42371.83,2141.02,19,3,0.0,0.1883,0.0931,0.3563,,1,False
SHP-102515875,UPS,Hamburg,Genoa,sea,Delayed,Machinery,EUR,2022-09-03,2022-09-17,348.8,20974.2,117.3,0.15,1352.37,13.98,16,5,2.4,0.0893,0.3035,0.512,,2,False
SHP-103392739,COSCO,Tanjung_Pelepas,Valencia,sea,In_Transit,Consumer_Goods,CNY,2023-05-10,2023-05-27,413.1,18345.5,880.4,1.48,9746.79,525.63,4,5,0.0,0.1066,0.3238,0.545,,1,False
SHP-100630062,Kuehne_Nagel,Felixstowe,Houston,sea,Customs_Hold,Textiles,AED,2024-04-02,2024-04-14,289.8,18032.7,185604.5,476.63,190926.53,1186.32,4,1,0.0,0.2948,0.4339,0.2982,,2,False
SHP-103195315,MSC,Mumbai,Rotterdam,air,Customs_Hold,Electronics,USD,2023-01-06,2023-01-08,50.1,2752.9,1023.3,2.61,13095.91,842.59,8,5,0.0,0.2448,0.1812,0.5716,,4,True
SHP-101070572,DHL,Mumbai,Sydney,road,In_Transit,Pharmaceuticals,EUR,2024-12-23,2024-12-29,152.9,5603.1,101453.6,353.11,3352.96,217.99,9,4,0.0,0.5975,0.1797,0.0962,,1,True
SHP-103559336,Hapag-Lloyd,Ningbo,Rotterdam,air,Customs_Hold,Machinery,AED,2022-06-14,2022-06-15,29.5,13133.2,22030.1,37.74,8574.72,650.85,8,3,0.0,0.2859,0.1794,0.2621,15.1,3,False
SHP-103539698,Yang_Ming,Sydney,Hamburg,sea,On_Schedule,Raw_Materials,EUR,2023-11-12,2023-12-09,658.2,21379.0,6058.0,23.58,18837.88,828.27,5,0,0.0,0.2406,0.1521,0.526,,3,False
SHP-101224117,COSCO,Jebel_Ali,Houston,sea,On_Schedule,Electronics,AED,2022-04-01,2022-04-10,233.5,9557.7,78373.2,191.03,879016.27,26121.63,13,1,0.0,0.0599,0.1082,0.1964,21.7,4,False
SHP-101824656,HMM,Port_Klang,Antwerp,sea,In_Transit,Raw_Materials,EUR,2023-10-20,2023-10-24,110.2,1015.7,7305.4,14.99,24441.42,392.51,19,4,0.0,0.2716,0.6158,0.4122,,4,True
SHP-104639867,UPS,Mumbai,Baltimore,sea,On_Schedule,Chemicals,CNY,2023-06-22,2023-06-28,148.9,7435.7,1035.9,3.08,5359.92,329.21,5,5,0.0,0.5246,0.2937,0.5839,,4,False
SHP-102664906,CMA_CGM,Dubai,Baltimore,sea,On_Schedule,Consumer_Goods,EUR,2024-08-08,2024-08-21,323.3,18870.0,20760.6,49.15,24122.42,1505.19,24,0,0.0,0.0635,0.2491,0.2535,,1,True
SHP-104477132,Hapag-Lloyd,Ningbo,New_York,sea,Delayed,Raw_Materials,USD,2022-09-03,2022-09-23,497.0,12361.3,9438.7,41.56,10538.12,370.07,20,3,25.1,0.1996,0.1137,0.5337,,3,True
SHP-101968407,Evergreen,Mumbai,Le_Havre,air,On_Schedule,Electronics,AED,2023-02-07,2023-02-09,68.5,12202.3,2897.4,7.17,1457161.84,93676.16,3,0,0.0,0.0435,0.152,0.4132,,4,True
SHP-103847602,DB_Schenker,Chennai,Los_Angeles,rail,Delayed,Machinery,USD,2023-08-16,2023-08-23,169.6,5441.5,938.6,1.42,8957.16,70.85,12,4,10.0,0.3321,0.0994,0.1122,,1,False
SHP-104642169,FedEx,Chennai,Hamburg,sea,On_Schedule,Machinery,USD,2022-01-24,2022-02-19,628.1,21325.7,79.1,0.14,42460.4,1277.25,8,2,0.0,0.5328,0.1292,0.6113,,3,True
SHP-100160226,FedEx,Tokyo,Barcelona,rail,Delayed,Textiles,GBP,2022-05-26,2022-05-29,90.6,2468.9,163.8,0.37,31829.82,735.08,9,4,9.4,0.2604,0.4326,0.4724,16.3,1,True
SHP-104155302,DHL,Rotterdam,New_York,sea,On_Schedule,Consumer_Goods,CNY,2024-11-11,2024-11-29,439.1,20727.7,1142.9,5.57,651.42,35.15,18,5,0.0,0.0293,0.0949,0.3629,,2,False
SHP-101862599,FedEx,Sydney,New_York,sea,Delivered,Textiles,SGD,2023-06-24,2023-06-28,96.1,20801.6,1893.8,8.04,2217.63,63.2,5,4,17.6,0.3245,0.4784,0.2709,,3,True
SHP-101268683,Hapag-Lloyd,Busan,Antwerp,rail,On_Schedule,Perishables,USD,2023-07-03,2023-07-08,134.8,2332.4,5961.4,9.61,6970.58,158.82,11,1,0.0,0.6042,0.2851,0.2836,-1.8,1,True
SHP-101529883,HMM,Melbourne,Miami,sea,Customs_Hold,Textiles,AED,2024-10-04,2024-10-24,497.7,3834.5,9779.6,18.76,95772.5,7292.07,16,2,0.0,0.2825,0.2392,0.4691,-18.2,2,False
SHP-101610880,FedEx,Shanghai,Genoa,sea,Customs_Hold,Automotive,SGD,2024-07-15,2024-08-05,518.2,10942.9,20834.8,93.97,315703.1,1897.73,5,2,0.0,0.1971,0.1213,0.049,-7.9,2,False
SHP-100247799,Maersk,Colombo,Sydney,air,On_Schedule,Pharmaceuticals,SGD,2022-01-17,2022-01-17,17.2,5222.0,3179.4,5.91,1531618.96,28920.39,2,3,0.0,0.2777,0.1359,0.0469,,3,False
SHP-103574996,MSC,Mundra,Valencia,sea,On_Schedule,Automotive,GBP,2024-05-09,2024-05-14,131.2,4134.4,43633.1,94.92,25509.64,1141.48,21,0,0.0,0.2668,0.3115,0.3093,,2,False
SHP-103431218,FedEx,Mundra,Bremen,rail,Delayed,Chemicals,USD,2022-03-28,2022-04-05,198.4,2590.0,3519.2,7.98,5838.75,226.17,14,4,23.7,0.325,0.1016,0.0709,,4,False
SHP-100999158,COSCO,Melbourne,Savannah,air,Delivered,Chemicals,AED,2024-09-21,2024-09-23,56.9,4700.8,44402.9,60.65,280205.78,21252.51,15,0,41.9,0.2132,0.2182,0.1589,,3,False
SHP-100120021,Kuehne_Nagel,Mumbai,Savannah,rail,At_Port,Electronics,SGD,2022-08-22,2022-08-29,188.9,6285.0,2102.6,3.15,228876.87,5823.4,22,2,0.0,0.4159,0.2322,0.1121,5.5,4,True
SHP-104314620,Maersk,Tanjung_Pelepas,Dubai,sea,Customs_Hold,Machinery,SGD,2023-08-25,2023-09-13,467.9,2460.4,1444.1,4.25,17887.72,1310.21,22,4,0.0,0.1188,0.089,0.6049,-14.5,4,True
SHP-101552905,ZIM,Dubai,Genoa,sea,On_Schedule,Consumer_Goods,SGD,2024-03-08,2024-04-02,612.0,3730.4,2957.7,10.52,163479.48,11891.73,15,4,0.0,0.1414,0.2338,0.409,,4,True
SHP-104751947,COSCO,Felixstowe,Rotterdam,rail,Delayed,Electronics,CNY,2022-03-27,2022-03-29,69.6,7860.0,1473.8,1.89,9895.32,289.15,20,2,26.0,0.4149,0.2918,0.1372,,2,True
SHP-100958074,Hapag-Lloyd,Hamburg,Genoa,sea,On_Schedule,Pharmaceuticals,AED,2023-09-02,2023-09-27,623.5,12301.3,3809.4,13.79,602351.16,3513.01,24,4,0.0,0.7587,0.144,0.4198,,2,True
SHP-104767462,Maersk,Jebel_Ali,Baltimore,sea,In_Transit,Perishables,CNY,2023-01-17,2023-02-03,418.8,19803.4,372.8,0.95,833528.07,46369.86,14,4,0.0,0.3516,0.0426,0.1127,,3,True
SHP-101581636,FedEx,Mundra,Genoa,sea,Delayed,Machinery,SGD,2022-01-18,2022-01-25,181.0,16266.4,105816.0,277.61,203.95,9.18,9,1,3.5,0.368,0.2745,0.1501,,4,True
SHP-104708355,ONE,Mumbai,Piraeus,sea,Delayed,Automotive,GBP,2023-07-26,2023-08-02,175.0,8415.8,977.0,3.71,32976.8,209.64,6,2,24.9,0.3872,0.1958,0.0433,-13.8,2,True
SHP-104661253,FedEx,Dubai,Antwerp,air,In_Transit,Perishables,CNY,2023-09-28,2023-09-30,71.6,4670.6,10045.4,26.91,15897.99,198.91,8,0,0.0,0.0574,0.0569,0.4751,,2,True
SHP-104596743,DB_Schenker,Antwerp,Hamburg,rail,Delayed,Pharmaceuticals,USD,2022-09-22,2022-09-26,106.0,7587.1,904.8,1.27,26671.53,1373.34,21,4,33.0,0.1224,0.1896,0.6093,,4,True
SHP-103960053,ONE,Ningbo,Genoa,sea,Customs_Hold,Automotive,AED,2023-06-25,2023-07-22,670.3,21186.1,5613.1,14.81,138668.86,4261.77,8,2,0.0,0.1581,0.1489,0.0864,-5.3,1,False
SHP-100801562,DB_Schenker,Rotterdam,Barcelona,sea,On_Schedule,Consumer_Goods,AED,2022-05-18,2022-06-05,449.3,4113.0,5212.2,21.31,19670.06,1135.33,13,0,0.0,0.2191,0.5065,0.6063,-14.6,3,False
SHP-102149277,Hapag-Lloyd,Chennai,Savannah,air,On_Schedule,Chemicals,GBP,2022-11-24,2022-11-25,32.1,14096.2,4928.7,7.4,58470.46,2977.03,20,5,0.0,0.223,0.1422,0.0349,11.3,1,True
SHP-103644850,DB_Schenker,Felixstowe,Le_Havre,sea,At_Port,Perishables,GBP,2024-09-24,2024-09-28,110.5,4075.6,8252.1,14.29,83287.32,5223.08,14,3,0.0,0.0731,0.0712,0.6653,,3,True
SHP-102029346,Kuehne_Nagel,Tokyo,Barcelona,road,Delayed,Automotive,GBP,2022-12-14,2022-12-16,57.5,6112.7,3541.7,6.74,969463.33,62837.54,14,1,11.0,0.3201,0.1641,0.3071,,3,True
SHP-104977494,Kuehne_Nagel,Singapore,Piraeus,air,On_Schedule,Electronics,AED,2024-12-01,2024-12-02,25.4,6257.6,1547.0,2.17,12865.35,404.63,1,2,0.0,0.4492,0.0406,0.1019,,3,True
SHP-104636881,HMM,Dubai,Miami,sea,On_Schedule,Electronics,GBP,2023-07-18,2023-07-25,184.1,3139.5,190733.3,874.87,150785.7,9276.19,7,3,0.0,0.3715,0.0234,0.037,,1,True
SHP-103264898,Kuehne_Nagel,Melbourne,Baltimore,sea,At_Port,Pharmaceuticals,AED,2023-10-29,2023-11-15,413.0,14759.9,372.6,0.68,300462.51,10664.96,4,5,0.0,0.4698,0.1001,0.6725,,1,False
SHP-101120349,DHL,Felixstowe,Houston,sea,On_Schedule,Perishables,USD,2023-10-15,2023-11-06,548.8,20145.9,248335.5,753.54,3891.03,196.46,6,0,0.0,0.2022,0.1536,0.6989,,3,True
SHP-103979044,Yang_Ming,Dubai,Singapore,sea,On_Schedule,Chemicals,AED,2022-04-16,2022-04-28,311.9,12040.6,22364.0,31.3,2088.76,61.05,1,1,0.0,0.1715,0.112,0.2183,,4,True
SHP-102738994,ZIM,Jebel_Ali,Singapore,sea,Delayed,Textiles,USD,2023-08-03,2023-08-08,134.4,9998.4,1005.9,3.47,9737.65,623.66,15,3,59.8,0.3344,0.0611,0.2196,,3,False
SHP-103684408,COSCO,Chennai,Felixstowe,sea,Delayed,Chemicals,GBP,2024-07-22,2024-08-15,596.2,12379.7,47717.3,66.42,3611071.74,235885.43,8,5,0.8,0.0177,0.3196,0.3385,,2,True
SHP-101248317,DB_Schenker,Ningbo,Antwerp,road,Delivered,Food_Beverage,CNY,2022-04-25,2022-04-26,33.1,5161.2,351.3,0.49,706982.75,30571.25,17,3,22.2,0.4939,0.4228,0.597,26.8,1,True
SHP-103840223,UPS,Tanjung_Pelepas,Mumbai,sea,Delayed,Textiles,AED,2023-11-18,2023-12-12,584.3,15874.2,500000.0,1012.84,2820.64,151.38,9,4,14.4,0.0713,0.0742,0.1358,,4,False
SHP-100730287,DHL,Dubai,Houston,sea,On_Schedule,Pharmaceuticals,EUR,2023-10-17,2023-10-31,354.1,19817.6,1090.3,1.4,514957.49,18569.61,22,0,0.0,0.2944,0.3584,0.3518,-1.4,2,True
SHP-101663036,Hapag-Lloyd,Melbourne,New_York,air,In_Transit,Electronics,EUR,2023-03-21,2023-03-23,61.2,10464.6,615.6,1.71,1065620.69,76648.91,5,1,0.0,0.1077,0.3295,0.3643,,3,True
SHP-104695282,Evergreen,Mundra,Valencia,sea,On_Schedule,Perishables,EUR,2022-10-07,2022-10-14,176.5,11379.2,4122.1,6.07,2786122.91,102349.08,14,0,0.0,0.4419,0.0486,0.3947,,3,False
SHP-104661007,Kuehne_Nagel,Tanjung_Pelepas,Dubai,road,At_Port,Electronics,USD,2024-05-15,2024-05-20,129.5,4297.7,5935.4,9.03,2413.84,177.87,24,5,0.0,0.3665,0.3629,0.2865,,2,True
SHP-103884906,FedEx,Melbourne,Singapore,road,Customs_Hold,Electronics,CNY,2023-03-29,2023-04-01,92.3,3151.0,9680.5,43.93,43845.56,3498.61,12,5,0.0,0.5296,0.2676,0.4091,,1,True
SHP-101975754,DHL,Chennai,Felixstowe,sea,On_Schedule,Machinery,SGD,2024-07-30,2024-08-08,233.2,17202.7,12951.8,34.37,51523.7,776.88,21,0,0.0,0.0785,0.268,0.2011,,2,False
SHP-103064184,ONE,Shanghai,Rotterdam,sea,On_Schedule,Consumer_Goods,SGD,2023-04-18,2023-05-11,553.9,1935.8,331.1,0.55,59825.16,1198.39,21,2,0.0,0.4945,0.0584,0.289,,3,False
SHP-102637137,Evergreen,Chennai,Piraeus,sea,On_Schedule,Machinery,AED,2023-12-25,2023-12-31,144.3,11084.1,505.1,0.79,1097.08,20.91,2,0,0.0,0.2564,0.3825,0.2675,,1,False
SHP-101567902,DB_Schenker,Chennai,Rotterdam,sea,In_Transit,Perishables,USD,2023-11-08,2023-11-25,411.6,1851.8,170645.5,261.83,108971.93,2357.56,16,3,0.0,0.339,0.3407,0.0866,,4,False
SHP-104023237,Evergreen,Antwerp,Singapore,sea,In_Transit,Perishables,GBP,2023-04-07,2023-05-04,662.4,10709.7,1014.7,4.21,63550.31,2609.6,9,4,0.0,0.1598,0.0584,0.4487,,1,False
SHP-100124298,CMA_CGM,Port_Klang,Singapore,sea,On_Schedule,Textiles,USD,2022-05-13,2022-05-30,414.9,20010.5,8196.1,18.31,55411.04,4208.46,16,3,0.0,0.4399,0.2331,0.136,25.6,4,True
SHP-101618444,MSC,Guangzhou,Mumbai,rail,On_Schedule,Consumer_Goods,CNY,2022-08-14,2022-08-21,176.2,3810.9,7124.7,19.3,116777.33,6233.86,6,2,0.0,0.2099,0.2848,0.2971,,2,False
SHP-102826830,COSCO,Rotterdam,Singapore,sea,In_Transit,Chemicals,SGD,2023-05-23,2023-06-01,236.1,8285.0,167.1,0.64,288.62,3.11,19,0,0.0,0.0682,0.3064,0.0875,,4,False
SHP-103832332,Evergreen,Chennai,New_York,air,Customs_Hold,Chemicals,SGD,2024-04-04,2024-04-06,58.1,2306.5,2838.4,7.51,283328.97,14183.91,21,1,0.0,0.3921,0.1358,0.3242,,3,False
SHP-100676533,UPS,Mumbai,Barcelona,rail,On_Schedule,Consumer_Goods,SGD,2023-06-05,2023-06-12,172.4,6566.7,812.9,1.05,3255.41,97.18,2,2,0.0,0.4512,0.3427,0.1511,,1,False
SHP-103550497,MSC,Rotterdam,Singapore,road,On_Schedule,Textiles,CNY,2022-12-14,2022-12-21,189.2,5028.2,15205.8,31.05,4875.36,241.95,2,5,0.0,0.3624,0.3861,0.3028,,4,True
SHP-100583006,Evergreen,Ningbo,Singapore,sea,Customs_Hold,Chemicals,GBP,2024-12-22,2024-12-29,189.8,18726.1,70498.1,105.26,77536.32,3857.25,10,5,0.0,0.2717,0.1392,0.3642,-3.6,1,True
SHP-102192037,FedEx,Rotterdam,Antwerp,sea,In_Transit,Chemicals,GBP,2022-02-27,2022-03-20,511.7,21150.9,348.4,1.27,4566.9,66.67,24,2,0.0,0.0811,0.2108,0.3042,,1,True
SHP-104199335,DHL,Mundra,Antwerp,sea,Delivered,Textiles,CNY,2022-07-30,2022-08-12,333.0,20089.0,18215.2,31.27,76666.51,1174.85,2,5,24.3,0.4509,0.0659,0.4581,,4,False
SHP-100521413,Hapag-Lloyd,Mundra,Baltimore,sea,On_Schedule,Pharmaceuticals,GBP,2022-10-26,2022-11-03,203.4,5434.7,669.2,1.19,7210357.91,210956.41,9,2,0.0,0.1419,0.2045,0.6041,,1,False
SHP-101880678,Yang_Ming,Rotterdam,Houston,rail,Delayed,Perishables,SGD,2024-03-31,2024-04-07,175.6,4635.0,1897.3,7.27,1032.84,9.94,22,1,15.4,0.3158,0.1752,0.4133,-19.6,1,True
SHP-104646169,Yang_Ming,Antwerp,Los_Angeles,sea,On_Schedule,Electronics,GBP,2022-12-05,2022-12-11,166.2,19966.0,6834.3,9.39,773770.52,48239.13,8,5,0.0,0.1913,0.506,0.6557,,2,True
SHP-100574830,DHL,Ningbo,Singapore,sea,On_Schedule,Raw_Materials,USD,2022-04-24,2022-05-11,421.1,10342.2,552.9,0.8,13069.96,591.32,16,5,0.0,0.3192,0.0781,0.4199,3.4,1,True
SHP-100878658,HMM,Shanghai,Singapore,sea,Delayed,Perishables,GBP,2022-04-17,2022-05-14,657.4,19409.7,129.1,0.17,58405.42,2794.01,16,0,40.4,0.0611,0.4705,0.1073,10.0,1,False
SHP-103614725,CMA_CGM,Dubai,Le_Havre,sea,In_Transit,Raw_Materials,SGD,2022-08-30,2022-09-11,298.7,21539.5,387.1,0.97,33175.54,177.82,23,1,0.0,0.0133,0.0572,0.2736,-18.1,3,False
SHP-102966503,Hapag-Lloyd,Mumbai,Houston,rail,On_Schedule,Raw_Materials,USD,2022-07-14,2022-07-17,82.4,331.9,1023.1,3.25,2674295.59,32539.72,11,4,0.0,0.2386,0.0152,0.4096,12.1,2,False
SHP-103645886,Evergreen,Melbourne,Savannah,rail,In_Transit,Pharmaceuticals,SGD,2023-10-20,2023-10-22,69.7,2965.5,49909.3,155.62,55258.84,3924.09,14,5,0.0,0.0526,0.0753,0.3751,,1,False
SHP-100122099,DHL,Busan,Antwerp,sea,In_Transit,Pharmaceuticals,CNY,2024-09-15,2024-09-21,152.1,13977.5,1292.6,4.78,417198.53,26157.9,6,1,0.0,0.1372,0.2239,0.1982,,2,True
SHP-103771612,UPS,Busan,Hamburg,rail,In_Transit,Consumer_Goods,GBP,2024-08-30,2024-09-01,68.5,2511.0,18843.0,93.3,6452.84,405.14,14,4,0.0,0.2838,0.0994,0.3786,,3,True
SHP-101984066,DHL,Mundra,Savannah,sea,On_Schedule,Consumer_Goods,CNY,2024-06-11,2024-06-21,249.7,1245.5,585.3,0.9,13984.25,741.35,20,1,0.0,0.301,0.3795,0.4343,,1,False
SHP-101943814,COSCO,Antwerp,Los_Angeles,air,On_Schedule,Chemicals,SGD,2022-07-04,2022-07-06,53.2,4667.8,7567.3,10.37,3086.61,146.61,11,2,0.0,0.4536,0.4767,0.2124,15.7,3,True
SHP-103319401,Maersk,Guangzhou,Sydney,sea,At_Port,Consumer_Goods,SGD,2024-04-13,2024-04-23,253.8,20496.0,14560.7,24.12,15141.12,520.32,4,5,0.0,0.469,0.0694,0.2524,18.6,3,False
SHP-102019799,MSC,Sydney,New_York,rail,At_Port,Perishables,GBP,2022-01-02,2022-01-08,160.3,3276.4,4131.3,10.21,88370.18,5488.23,6,0,0.0,0.2404,0.1505,0.3988,-5.7,1,True
SHP-102022074,Hapag-Lloyd,Singapore,Savannah,sea,At_Port,Raw_Materials,EUR,2022-08-19,2022-09-10,535.1,4972.8,4875.6,7.49,88002.74,2301.86,16,0,0.0,0.4575,0.3376,0.3334,25.5,1,True
SHP-101449585,ONE,Shanghai,Piraeus,rail,Customs_Hold,Raw_Materials,EUR,2022-03-31,2022-04-02,63.4,7051.8,1515.0,2.28,89581.14,5121.25,11,4,0.0,0.2269,0.1476,0.2877,,3,True
SHP-104481165,CMA_CGM,Shanghai,Dubai,sea,Delayed,Chemicals,SGD,2023-06-07,2023-07-06,711.9,11358.7,265.5,0.59,2425.6,87.94,11,5,58.3,0.2537,0.2193,0.1777,,2,True
SHP-101400016,ZIM,Busan,Barcelona,air,On_Schedule,Raw_Materials,GBP,2023-07-12,2023-07-14,69.0,3663.5,10043.0,13.64,12342.7,463.43,10,4,0.0,0.4348,0.1045,0.6321,,1,True
SHP-104774470,ZIM,Sydney,Genoa,air,Delayed,Pharmaceuticals,EUR,2024-05-24,2024-05-26,51.0,6150.6,9997.3,17.4,878151.98,36646.25,19,0,35.2,0.3442,0.2983,0.0978,-8.5,1,False
SHP-102992661,ZIM,Port_Klang,Mumbai,sea,In_Transit,Electronics,SGD,2023-03-07,2023-03-19,300.5,9646.7,1958.9,2.85,7019799.65,368312.88,6,0,0.0,0.2515,0.3105,0.0419,,1,True
SHP-100101016,DB_Schenker,Port_Klang,Genoa,sea,On_Schedule,Chemicals,EUR,2024-12-10,2024-12-22,296.8,3689.9,299.6,1.32,30697.08,1542.93,19,4,0.0,0.5428,0.1771,0.0778,,3,True
SHP-101991858,DHL,Ningbo,Le_Havre,sea,Delayed,Pharmaceuticals,SGD,2022-08-27,2022-09-15,456.9,1798.7,4722.1,8.05,109261.13,5611.14,22,4,16.2,0.0987,0.1,0.3611,-5.6,2,True
SHP-102315928,Hapag-Lloyd,Felixstowe,Dubai,rail,In_Transit,Perishables,CNY,2022-12-18,2022-12-20,66.8,895.6,5273.8,13.29,608135.14,46253.27,1,3,0.0,0.1031,0.1244,0.5198,,3,False
SHP-100792959,Hapag-Lloyd,Shanghai,Mumbai,rail,Delayed,Chemicals,USD,2022-05-27,2022-06-01,132.6,6063.3,4277.9,20.65,70384.2,4436.62,22,4,40.7,0.1708,0.3846,0.5859,,1,True
SHP-101649692,MSC,Shanghai,Hamburg,sea,In_Transit,Food_Beverage,USD,2024-04-01,2024-04-17,395.0,14259.1,1378.1,1.83,3242.16,256.75,7,2,0.0,0.3906,0.1344,0.7965,,3,True
SHP-103927197,ONE,Chennai,Savannah,sea,Customs_Hold,Consumer_Goods,AED,2024-10-17,2024-11-10,595.9,14868.1,8.7,0.02,8125330.2,517422.65,23,3,0.0,0.2305,0.1822,0.8229,,2,True
SHP-102218191,HMM,Antwerp,Piraeus,sea,In_Transit,Food_Beverage,GBP,2022-10-12,2022-10-22,244.2,9086.4,990.4,4.6,19712.7,423.66,11,2,0.0,0.508,0.1417,0.4733,24.9,2,True
SHP-104909970,UPS,Ningbo,Valencia,air,In_Transit,Consumer_Goods,SGD,2024-01-20,2024-01-20,17.7,12427.3,27308.6,105.63,10569.13,323.89,2,2,0.0,0.5179,0.4114,0.3963,,3,True
SHP-102153712,CMA_CGM,Melbourne,Miami,road,At_Port,Automotive,CNY,2022-09-06,2022-09-13,184.7,3323.0,84.0,0.17,259818.68,10517.45,24,1,0.0,0.468,0.0781,0.4328,,1,True
SHP-103245613,Hapag-Lloyd,Melbourne,Miami,sea,On_Schedule,Raw_Materials,EUR,2024-06-28,2024-07-21,555.0,10190.9,100227.9,398.91,87014.69,6357.06,8,1,0.0,0.4687,0.4112,0.2751,29.0,4,False
SHP-101020575,FedEx,Port_Klang,Miami,sea,Delayed,Chemicals,SGD,2022-11-01,2022-11-18,430.9,6542.6,6937.9,16.75,147671.98,8923.61,18,1,35.8,0.3759,0.1354,0.2693,,1,False
SHP-103653502,DHL,Port_Klang,Savannah,sea,At_Port,Consumer_Goods,USD,2022-05-28,2022-06-15,446.6,7200.0,13659.4,33.74,2745067.31,76984.07,5,3,0.0,0.1211,0.1994,0.3442,,2,False
SHP-104418334,MSC,Rotterdam,Baltimore,air,At_Port,Pharmaceuticals,GBP,2022-10-18,2022-10-18,15.0,3634.4,460.6,0.68,3631.84,185.82,19,1,0.0,0.2088,0.3496,0.0381,,3,False
SHP-100318205,ZIM,Guangzhou,Piraeus,sea,Delayed,Machinery,EUR,2022-09-24,2022-10-13,462.1,1135.8,16363.3,53.91,80271.85,5963.14,18,3,2.2,0.1885,0.2099,0.5273,12.9,3,False
SHP-100312940,ZIM,Hamburg,Los_Angeles,sea,Delayed,Textiles,GBP,2022-04-11,2022-05-04,567.8,19112.8,13455.0,27.15,34574.84,1688.17,9,0,6.4,0.3917,0.0546,0.0694,26.2,2,False
SHP-103904382,Evergreen,Rotterdam,Baltimore,rail,Delivered,Raw_Materials,USD,2024-05-24,2024-05-30,148.7,3304.3,1407.1,2.13,286920.18,11828.16,9,5,12.1,0.303,0.1262,0.3779,,1,False
SHP-103828393,COSCO,Tokyo,Barcelona,road,Customs_Hold,Electronics,AED,2022-01-03,2022-01-08,129.9,6770.2,863.4,2.1,18891.9,949.07,11,5,0.0,0.2352,0.0726,0.3406,8.0,4,True
SHP-103765722,FedEx,Port_Klang,Dubai,sea,On_Schedule,Consumer_Goods,CNY,2023-12-12,2023-12-17,125.9,3050.8,88.8,0.12,42765.16,3310.95,9,2,0.0,0.5905,0.2215,0.3343,,1,False
SHP-102929967,Yang_Ming,Hamburg,Sydney,air,In_Transit,Electronics,SGD,2022-05-17,2022-05-18,47.5,3098.1,74.3,0.2,350610.26,12319.11,7,0,0.0,0.2464,0.4247,0.2941,-10.6,4,False
SHP-100525839,DB_Schenker,Jebel_Ali,Houston,sea,Delayed,Pharmaceuticals,CNY,2024-09-18,2024-09-25,189.6,6872.7,5111.1,7.3,3080586.33,59954.62,12,0,2.2,0.1591,0.1572,0.2379,,2,True
SHP-103835692,FedEx,Jebel_Ali,Houston,sea,Critical_Delay,Perishables,CNY,2022-05-12,2022-06-08,669.1,20359.1,120.3,0.15,801815.72,22049.53,9,0,3.0,0.1093,0.4277,0.0681,,2,True
SHP-102501681,Yang_Ming,Rotterdam,Dubai,sea,At_Port,Chemicals,SGD,2024-06-17,2024-07-08,517.2,4213.0,391.1,1.09,213682.11,12390.72,2,1,0.0,0.1487,0.1055,0.1156,,4,False
SHP-103043637,ZIM,Sydney,New_York,sea,On_Schedule,Food_Beverage,SGD,2023-06-26,2023-07-07,287.0,12056.7,45.5,0.14,4007.56,312.16,17,3,0.0,0.1861,0.2169,0.3303,,3,True
SHP-102640451,DB_Schenker,Shanghai,Baltimore,road,Delayed,Automotive,USD,2022-08-17,2022-08-21,117.4,5776.9,12398.9,42.23,13443.38,810.52,23,4,52.2,0.2303,0.1069,0.2696,,1,True
SHP-100264588,MSC,Chennai,Houston,sea,On_Schedule,Chemicals,SGD,2023-05-03,2023-05-20,427.7,14676.0,8895.7,24.52,74232.17,2070.58,17,3,0.0,0.4292,0.2309,0.2719,,1,False
SHP-101747032,DB_Schenker,Dubai,Dubai,air,On_Schedule,Automotive,AED,2022-02-11,2022-02-13,57.4,4039.8,245009.9,495.3,50030.34,3824.17,14,2,0.0,0.0497,0.2049,0.1423,,2,True
SHP-103355344,DHL,Guangzhou,Le_Havre,sea,At_Port,Consumer_Goods,EUR,2022-04-17,2022-05-12,618.6,18478.7,1878.9,8.35,2664370.06,183583.81,1,4,0.0,0.2075,0.387,0.1679,,3,True
SHP-103079458,ONE,Antwerp,Piraeus,sea,At_Port,Pharmaceuticals,USD,2024-11-11,2024-11-20,237.0,19747.2,219974.5,450.17,11973.55,178.42,5,5,0.0,0.1219,0.0192,0.5292,,1,True
SHP-102610495,UPS,Jebel_Ali,Genoa,rail,Delayed,Food_Beverage,EUR,2022-06-09,2022-06-16,182.9,6011.9,30655.1,64.74,58426.68,1406.97,20,4,5.9,0.5027,0.2608,0.5438,6.2,1,False
SHP-104546318,CMA_CGM,Singapore,Miami,sea,On_Schedule,Perishables,EUR,2023-03-18,2023-04-01,359.1,7448.9,2154.3,2.7,97250.78,7498.15,15,4,0.0,0.4714,0.347,0.3031,,1,True
SHP-104010382,ZIM,Busan,Miami,sea,Customs_Hold,Perishables,GBP,2023-12-18,2023-12-26,207.8,2557.6,13265.4,19.54,325190.3,23224.76,13,0,0.0,0.4035,0.1805,0.2417,,4,False
SHP-100599767,COSCO,Colombo,New_York,rail,In_Transit,Perishables,SGD,2023-01-28,2023-01-30,50.6,4486.5,13060.7,40.49,765416.91,21178.9,3,1,0.0,0.4079,0.3132,0.4088,,2,True
SHP-104381951,DHL,Sydney,Piraeus,air,In_Transit,Chemicals,EUR,2022-09-08,2022-09-08,13.5,4812.2,5416.9,7.2,1116562.61,31385.38,24,4,0.0,0.1719,0.1509,0.2387,,4,True
SHP-100824410,DHL,Tokyo,Savannah,sea,On_Schedule,Textiles,SGD,2022-04-06,2022-04-25,471.2,12618.8,999.4,4.11,14343.28,682.33,14,4,0.0,0.2789,0.0665,0.5084,,1,True
SHP-101131290,Maersk,Hamburg,Dubai,air,On_Schedule,Food_Beverage,USD,2024-07-03,2024-07-05,53.3,3251.6,1106.3,1.47,932585.97,17366.36,22,0,0.0,0.5166,0.2045,0.4585,9.0,2,True
SHP-103615672,DHL,Mundra,Piraeus,sea,On_Schedule,Automotive,SGD,2023-10-30,2023-11-28,700.3,21069.9,8848.5,24.42,25703.13,2050.78,4,0,0.0,0.0495,0.1138,0.0286,,2,True
SHP-100176957,Hapag-Lloyd,Jebel_Ali,Baltimore,sea,On_Schedule,Electronics,SGD,2023-01-13,2023-01-17,116.6,13406.3,12261.2,57.07,39656.0,276.38,11,0,0.0,0.2751,0.1202,0.6012,,3,True
SHP-101348987,Kuehne_Nagel,Hamburg,Felixstowe,air,Delayed,Electronics,EUR,2022-11-12,2022-11-14,49.5,1544.1,14527.9,22.28,643229.75,14687.91,1,4,34.6,0.2272,0.1748,0.506,,4,True
SHP-102773798,ONE,Mumbai,New_York,air,Delayed,Consumer_Goods,USD,2023-07-08,2023-07-09,28.6,12447.8,3475.3,8.42,1954507.1,155991.39,1,5,9.7,0.2222,0.3287,0.2845,29.6,2,True
SHP-104447281,DHL,Mumbai,Piraeus,sea,In_Transit,Machinery,USD,2024-04-26,2024-05-23,652.8,14863.2,5482.1,18.23,37864.51,2335.31,1,0,0.0,0.1196,0.0769,0.0892,-1.7,4,True
SHP-102549374,Maersk,Jebel_Ali,Felixstowe,air,In_Transit,Textiles,EUR,2024-02-23,2024-02-23,15.6,5213.3,4821.7,8.53,525538.24,27167.36,7,3,0.0,0.1165,0.3387,0.4779,,2,False
SHP-104949050,HMM,Busan,Dubai,sea,On_Schedule,Electronics,SGD,2022-09-07,2022-09-17,259.8,18114.4,5864.2,12.7,8579.39,185.53,21,2,0.0,0.2882,0.0956,0.5993,,3,True
SHP-100287595,Maersk,Rotterdam,Los_Angeles,rail,Delayed,Machinery,SGD,2023-08-15,2023-08-20,130.9,203.2,4324.8,21.54,25616.59,523.87,6,3,66.1,0.2631,0.22,0.2654,,1,True
SHP-104902996,ZIM,Jebel_Ali,Miami,road,On_Schedule,Chemicals,USD,2022-11-24,2022-11-28,105.8,2487.8,14760.2,25.2,16335.46,1017.32,20,2,0.0,0.258,0.1886,0.4489,-0.3,3,False
SHP-102117565,Yang_Ming,Sydney,Sydney,air,On_Schedule,Pharmaceuticals,EUR,2022-05-07,2022-05-09,64.6,2690.0,47664.0,96.56,1688701.17,31044.3,24,5,0.0,0.3966,0.0275,0.2345,17.9,3,True
SHP-100435891,DHL,Dubai,Singapore,air,Delivered,Chemicals,SGD,2023-07-22,2023-07-22,21.8,10755.3,90983.2,190.01,61845.98,3339.8,20,5,34.5,0.4145,0.1051,0.2107,-9.4,2,True
SHP-101069004,Evergreen,Hamburg,Mumbai,sea,On_Schedule,Pharmaceuticals,GBP,2024-02-26,2024-03-06,223.5,16677.0,86.5,0.11,91193.35,7295.06,15,4,0.0,0.3413,0.0497,0.3167,25.3,3,True
SHP-101444590,COSCO,Guangzhou,Savannah,sea,On_Schedule,Pharmaceuticals,AED,2022-09-17,2022-10-07,481.5,11123.7,2678.7,5.75,548324.32,4811.51,19,1,0.0,0.0429,0.3156,0.6062,,4,False
SHP-103731383,ZIM,Melbourne,Felixstowe,sea,Customs_Hold,Pharmaceuticals,USD,2023-10-27,2023-11-09,332.4,6921.7,1916.4,7.42,27428.44,1772.04,23,0,0.0,0.443,0.1683,0.4003,,1,True
SHP-104890588,DB_Schenker,Busan,Barcelona,rail,In_Transit,Pharmaceuticals,USD,2022-07-24,2022-08-01,202.0,1714.7,3992.3,5.82,28988.52,2104.92,8,0,0.0,0.2891,0.2887,0.3409,,2,False
SHP-102098613,FedEx,Busan,Le_Havre,road,Delayed,Chemicals,AED,2023-12-14,2023-12-17,77.8,2620.3,2954.1,6.62,332302.91,7578.97,1,5,7.7,0.5343,0.0405,0.0581,18.4,2,False
SHP-100673268,ZIM,Mundra,Baltimore,air,Delayed,Food_Beverage,SGD,2024-05-18,2024-05-18,20.8,14559.2,2689.4,5.09,1095.08,11.37,2,4,24.1,0.4433,0.1463,0.2223,3.8,1,True
SHP-103772660,ZIM,Shanghai,Dubai,rail,On_Schedule,Automotive,AED,2023-04-10,2023-04-11,24.9,1492.1,994.7,1.71,1449768.51,76965.48,23,3,0.0,0.252,0.3886,0.5179,,2,True
SHP-101689394,UPS,Port_Klang,Baltimore,sea,Customs_Hold,Electronics,CNY,2024-01-08,2024-02-04,664.9,20321.8,1611.9,3.88,34145.5,2595.67,9,4,0.0,0.1565,0.196,0.3991,,3,True
SHP-104146669,ONE,Port_Klang,Mumbai,air,Delayed,Raw_Materials,USD,2022-01-31,2022-02-02,59.5,14374.2,4893.1,22.47,5940.06,184.62,24,5,2.8,0.5723,0.4637,0.1334,,4,False
SHP-101527867,UPS,Port_Klang,Mumbai,air,On_Schedule,Pharmaceuticals,EUR,2024-12-25,2024-12-26,28.7,11142.7,2254.7,5.15,8699.75,445.71,8,4,0.0,0.1514,0.0373,0.3815,,2,True
SHP-103842466,Hapag-Lloyd,Colombo,Bremen,sea,Customs_Hold,Food_Beverage,USD,2024-11-08,2024-11-19,279.1,7907.8,8834.5,13.22,32013.44,1886.53,8,2,0.0,0.1971,0.3326,0.0674,,4,False
SHP-103029099,ONE,Colombo,Genoa,rail,Customs_Hold,Consumer_Goods,SGD,2023-01-08,2023-01-11,95.1,5094.8,99934.6,210.35,46528.29,2347.33,5,1,0.0,0.1766,0.0592,0.145,,2,False
SHP-100036124,Maersk,Antwerp,Mumbai,sea,At_Port,Automotive,CNY,2024-02-16,2024-02-29,325.8,16096.6,4885.7,21.6,4988.81,184.62,21,0,0.0,0.4713,0.0698,0.4172,,3,True
SHP-102467137,Yang_Ming,Rotterdam,Piraeus,sea,At_Port,Perishables,USD,2024-03-20,2024-04-05,407.5,7718.6,231.4,0.42,33410.47,1906.08,5,1,0.0,0.1324,0.1775,0.1387,-10.5,1,True
SHP-100732083,DHL,Melbourne,Baltimore,sea,Customs_Hold,Automotive,SGD,2023-01-12,2023-02-04,557.8,13503.1,187.5,0.44,103588.03,1934.02,6,2,0.0,0.3224,0.0751,0.4029,,3,True
SHP-100961761,MSC,Busan,Mumbai,sea,On_Schedule,Perishables,CNY,2022-01-22,2022-02-02,279.7,10595.3,9689.1,43.75,398574.19,7291.2,21,4,0.0,0.1256,0.0139,0.2631,-15.0,2,False
SHP-101410529,CMA_CGM,Melbourne,Dubai,sea,In_Transit,Consumer_Goods,EUR,2023-09-30,2023-10-26,639.9,16498.5,1680.1,2.24,15890.72,1113.02,5,3,0.0,0.1194,0.1797,0.1457,,3,True
SHP-100379149,Yang_Ming,Chennai,Genoa,sea,On_Schedule,Perishables,AED,2024-09-18,2024-10-16,695.1,17686.7,4220.0,15.91,19311.26,1388.6,2,5,0.0,0.1306,0.0848,0.2928,10.4,3,True
SHP-102772258,COSCO,Singapore,Baltimore,sea,In_Transit,Automotive,EUR,2024-08-06,2024-08-22,392.4,15257.0,11598.7,25.41,1258045.4,99503.13,24,0,0.0,0.242,0.3458,0.6508,,2,True
SHP-101718246,Hapag-Lloyd,Antwerp,Savannah,rail,On_Schedule,Perishables,CNY,2022-06-25,2022-07-03,212.6,1306.3,7424.7,11.29,15714104.2,801355.08,4,4,0.0,0.3371,0.238,0.1425,8.3,2,True
SHP-101356689,DB_Schenker,Shanghai,Felixstowe,rail,On_Schedule,Raw_Materials,GBP,2023-01-04,2023-01-11,168.6,6534.7,3376.8,5.27,78150.95,4219.87,22,5,0.0,0.2281,0.5854,0.4798,,2,False
SHP-101233324,COSCO,Rotterdam,Sydney,sea,In_Transit,Electronics,USD,2022-10-27,2022-11-14,438.3,3493.8,4110.9,9.15,50833.36,347.68,12,4,0.0,0.3521,0.0507,0.4224,,4,True
SHP-103667903,HMM,Rotterdam,Houston,sea,Customs_Hold,Pharmaceuticals,SGD,2022-01-10,2022-01-15,125.4,18904.8,24185.5,31.93,665595.24,5757.71,18,5,0.0,0.1436,0.0491,0.331,,2,True
SHP-102441862,FedEx,Sydney,Le_Havre,air,On_Schedule,Raw_Materials,SGD,2024-01-01,2024-01-02,33.7,4008.4,4966.4,7.61,129904.38,7474.38,10,3,0.0,0.2866,0.3191,0.3608,,1,False
SHP-104187816,Kuehne_Nagel,Melbourne,Miami,road,Delivered,Raw_Materials,GBP,2023-08-28,2023-09-06,234.2,1018.8,338.3,0.45,140011.3,8047.42,21,4,7.0,0.1458,0.0546,0.0583,-12.4,1,True
SHP-102081084,ONE,Tokyo,Valencia,rail,On_Schedule,Machinery,AED,2023-05-09,2023-05-13,117.7,1678.0,14250.9,71.06,33055266.34,327385.44,15,2,0.0,0.1657,0.2297,0.3202,25.5,2,True
SHP-104633007,COSCO,Sydney,Baltimore,sea,Delayed,Raw_Materials,CNY,2023-02-27,2023-03-10,275.5,21064.4,1515.7,2.11,37738.98,237.78,16,4,3.4,0.5824,0.0876,0.0749,29.1,4,False
SHP-103488114,UPS,Guangzhou,Barcelona,rail,On_Schedule,Machinery,SGD,2022-01-19,2022-01-24,134.4,534.4,2239.0,2.92,47517.56,2563.7,4,2,0.0,0.3355,0.0256,0.2371,,4,False
SHP-102709468,MSC,Colombo,Barcelona,rail,On_Schedule,Automotive,GBP,2024-06-14,2024-06-16,51.4,3460.9,831.1,3.21,181495.51,10104.52,13,5,0.0,0.1318,0.1924,0.2701,,2,True
SHP-104258583,CMA_CGM,Rotterdam,Dubai,sea,Delivered,Electronics,AED,2022-01-02,2022-01-07,140.2,10114.1,9514.2,19.12,159464.26,11127.89,6,2,6.4,0.1778,0.3743,0.2166,,2,True
SHP-104081072,Yang_Ming,Melbourne,Piraeus,sea,In_Transit,Raw_Materials,USD,2023-06-12,2023-07-04,551.0,13424.4,259.9,0.9,81201.62,5370.89,10,1,0.0,0.2526,0.1839,0.2066,,3,False
SHP-100933844,Evergreen,Antwerp,Houston,sea,Delivered,Electronics,EUR,2023-09-30,2023-10-24,590.7,16378.0,1361.4,1.97,181184.33,5311.56,5,3,26.7,0.0795,0.2178,0.1378,7.5,1,False
SHP-103660377,ZIM,Mundra,Le_Havre,air,Critical_Delay,Machinery,GBP,2022-01-29,2022-01-30,47.0,9131.2,19217.1,24.33,24336.26,735.86,9,0,10.4,0.1241,0.2729,0.2058,,4,True
SHP-101272004,Kuehne_Nagel,Tanjung_Pelepas,Antwerp,sea,Delayed,Automotive,GBP,2024-04-15,2024-04-23,215.6,14751.3,5484.9,10.56,122610.56,8121.41,12,2,11.9,0.5204,0.1998,0.0617,,2,False
SHP-103998340,DB_Schenker,Tokyo,Singapore,sea,On_Schedule,Chemicals,AED,2022-11-23,2022-11-28,130.5,12558.1,89734.0,119.77,58451.8,2303.7,3,4,0.0,0.4909,0.0432,0.486,-19.8,2,True
SHP-101439316,Kuehne_Nagel,Felixstowe,Houston,sea,Delayed,Raw_Materials,SGD,2023-11-06,2023-12-03,650.6,7169.0,3130.7,9.0,5147.47,307.87,18,2,0.2,0.1346,0.0334,0.5626,-1.8,3,True
SHP-104844228,COSCO,Mumbai,Houston,sea,Customs_Hold,Chemicals,AED,2024-01-22,2024-01-28,148.4,13601.5,7931.8,29.96,45604.71,3355.04,17,2,0.0,0.0375,0.2958,0.5773,,2,False
SHP-104635197,CMA_CGM,Dubai,Miami,rail,Delivered,Raw_Materials,AED,2024-07-27,2024-07-28,25.9,4151.1,833.0,1.54,95025.15,4398.26,3,3,43.9,0.3292,0.303,0.5057,,3,True
SHP-104462096,Hapag-Lloyd,Tokyo,Hamburg,rail,On_Schedule,Machinery,CNY,2022-01-11,2022-01-13,56.4,2273.9,1396.3,5.11,20440.87,970.73,18,5,0.0,0.5506,0.0076,0.234,,1,True
SHP-102114094,CMA_CGM,Rotterdam,Miami,air,Delayed,Machinery,CNY,2024-11-18,2024-11-18,16.5,12562.1,15363.0,54.64,53401.77,1794.87,19,3,38.8,0.518,0.2267,0.7545,,3,True
SHP-101802991,Kuehne_Nagel,Tanjung_Pelepas,Baltimore,sea,Customs_Hold,Machinery,GBP,2022-05-29,2022-06-08,258.5,12186.7,9403.9,13.4,1204.82,85.79,23,1,0.0,0.2593,0.2511,0.4213,19.8,4,True
SHP-104305958,ZIM,Mundra,Valencia,sea,On_Schedule,Machinery,SGD,2024-08-01,2024-08-18,411.3,10214.1,19295.2,41.34,73649.67,4530.21,23,1,0.0,0.3744,0.1968,0.1548,-11.9,2,False
SHP-104607971,FedEx,Colombo,Genoa,rail,On_Schedule,Machinery,USD,2024-10-13,2024-10-18,142.7,347.9,263.4,0.66,1164997.5,75774.78,22,4,0.0,0.547,0.0273,0.5382,-15.0,2,True
SHP-100257420,ZIM,Shanghai,Miami,sea,In_Transit,Raw_Materials,GBP,2022-02-07,2022-02-25,447.4,9021.2,563.2,0.76,130868.71,5912.6,17,5,0.0,0.5172,0.0743,0.3113,,1,True
SHP-103111704,CMA_CGM,Singapore,Barcelona,sea,Delayed,Consumer_Goods,EUR,2024-12-29,2025-01-27,706.8,4954.6,5325.5,8.98,80772.74,1416.41,3,3,40.5,0.2566,0.2735,0.3746,,1,False
SHP-102070782,FedEx,Sydney,Houston,sea,On_Schedule,Machinery,AED,2022-10-04,2022-10-28,597.1,7733.1,21320.2,28.07,26089.55,1322.41,5,3,0.0,0.1894,0.0551,0.4022,,1,True
SHP-102766005,Maersk,Jebel_Ali,Hamburg,rail,At_Port,Chemicals,AED,2022-07-29,2022-08-03,129.8,555.9,1107.7,3.78,25237.04,1879.02,15,5,0.0,0.2976,0.1939,0.7028,,4,True
SHP-100223572,Kuehne_Nagel,Tokyo,Bremen,sea,At_Port,Perishables,GBP,2023-11-28,2023-12-03,138.3,924.4,232.1,0.37,19593.26,1522.57,1,2,0.0,0.2536,0.2536,0.3237,,4,False
SHP-100041570,CMA_CGM,Colombo,Sydney,sea,In_Transit,Pharmaceuticals,GBP,2023-01-04,2023-01-21,410.8,16241.2,142741.8,574.21,36313.05,894.53,23,2,0.0,0.224,0.1262,0.2272,-9.7,1,True
SHP-100100141,ONE,Dubai,Mumbai,rail,In_Transit,Pharmaceuticals,CNY,2022-10-26,2022-10-30,111.7,6550.3,447.8,1.19,6091.53,139.25,21,2,0.0,0.3004,0.2057,0.1271,,3,True
SHP-103720799,Maersk,Sydney,Valencia,sea,On_Schedule,Chemicals,SGD,2022-08-16,2022-09-05,491.4,10987.7,4695.8,10.55,90599.57,1417.24,19,0,0.0,0.174,0.0965,0.1347,,2,True
SHP-100617210,UPS,Tanjung_Pelepas,Bremen,sea,In_Transit,Food_Beverage,EUR,2022-01-13,2022-01-27,338.4,16565.1,694.1,1.46,14808.33,594.67,1,0,0.0,0.0886,0.3502,0.5754,19.9,1,True
SHP-102859443,Maersk,Dubai,Bremen,air,Delayed,Textiles,EUR,2022-01-24,2022-01-26,68.5,13848.5,7066.8,10.69,43008.66,2145.79,12,2,13.7,0.2878,0.0927,0.3196,,4,True
SHP-102019857,UPS,Mundra,Dubai,air,At_Port,Machinery,CNY,2022-10-06,2022-10-07,28.6,2071.6,869.6,1.25,14574.03,707.51,22,2,0.0,0.1095,0.0659,0.1732,,4,True
SHP-102604126,Evergreen,Melbourne,Mumbai,rail,On_Schedule,Chemicals,AED,2024-01-20,2024-01-25,124.5,2553.2,149.6,0.74,1260620.17,90017.27,24,2,0.0,0.1418,0.1464,0.3928,,4,True
SHP-102426953,Kuehne_Nagel,Tanjung_Pelepas,Antwerp,sea,Critical_Delay,Automotive,SGD,2022-04-11,2022-05-08,665.3,8185.2,1662.0,3.14,8811.71,209.87,9,1,79.5,0.4266,0.0947,0.3117,,1,False
SHP-103874727,MSC,Mumbai,New_York,sea,On_Schedule,Perishables,AED,2024-12-06,2024-12-18,294.1,9516.7,5658.4,8.63,1010054.88,16031.55,5,1,0.0,0.1797,0.4487,0.062,,3,False
SHP-102332650,DB_Schenker,Hamburg,Singapore,rail,Customs_Hold,Pharmaceuticals,GBP,2024-08-23,2024-08-27,103.9,6825.9,39918.7,69.91,60405.75,1917.03,13,5,0.0,0.1359,0.086,0.2973,,4,True
SHP-104738410,HMM,Colombo,Piraeus,road,On_Schedule,Machinery,EUR,2022-04-30,2022-05-03,85.3,3359.7,8222.8,11.15,103461.7,4556.15,7,0,0.0,0.1983,0.4054,0.239,,2,True
SHP-102751005,Evergreen,Mundra,Rotterdam,sea,On_Schedule,Automotive,USD,2024-12-19,2025-01-04,389.9,2703.3,2284.4,4.99,104704.6,948.22,10,3,0.0,0.1073,0.1689,0.3498,-7.1,4,False
SHP-101427794,DHL,Sydney,Barcelona,sea,In_Transit,Pharmaceuticals,USD,2023-02-21,2023-03-09,389.3,4479.3,970.1,2.23,217636.55,13031.95,11,1,0.0,0.252,0.2464,0.5027,,3,False
SHP-104271492,UPS,Tanjung_Pelepas,Miami,sea,In_Transit,Automotive,EUR,2024-12-14,2024-12-18,102.7,4076.0,5371.7,10.04,107938.82,1398.86,9,4,0.0,0.5562,0.0907,0.2923,,1,True
SHP-104166723,Maersk,Chennai,Genoa,sea,Customs_Hold,Pharmaceuticals,CNY,2023-09-01,2023-09-30,712.3,12912.1,3988.8,12.44,3813.52,236.14,24,1,0.0,0.0661,0.085,0.4493,,2,False
SHP-104695637,ONE,Sydney,New_York,sea,Delayed,Perishables,EUR,2022-02-24,2022-03-20,576.2,14966.4,5061.4,6.74,244582.4,3816.26,12,0,9.7,0.3698,0.1663,0.399,,4,False
SHP-101360579,DB_Schenker,Antwerp,Genoa,air,Critical_Delay,Automotive,AED,2024-11-12,2024-11-12,18.0,536.2,5245.8,6.91,216041.52,1106.57,19,0,26.7,0.0851,0.075,0.3052,,3,False
SHP-102493121,Hapag-Lloyd,Tokyo,Savannah,rail,In_Transit,Chemicals,USD,2023-02-10,2023-02-15,129.5,7603.7,3914.0,8.08,1770271.18,132065.61,19,0,0.0,0.3191,0.0408,0.2624,,4,False
SHP-102173615,Hapag-Lloyd,Mumbai,Barcelona,air,Critical_Delay,Perishables,CNY,2022-07-16,2022-07-17,44.8,13738.5,515.3,1.53,821761.26,32732.75,18,3,8.8,0.08,0.0124,0.5251,-7.6,1,True
SHP-100696259,COSCO,Hamburg,Antwerp,air,Delayed,Pharmaceuticals,SGD,2023-09-26,2023-09-28,66.8,6792.5,1627.4,2.15,30648.09,745.88,7,2,23.4,0.1712,0.2708,0.1209,,3,True
SHP-100922290,Kuehne_Nagel,Colombo,Felixstowe,sea,In_Transit,Consumer_Goods,CNY,2022-06-19,2022-06-29,242.4,4870.8,2775.7,3.58,31163.94,289.2,4,5,0.0,0.5654,0.2539,0.2436,,2,True
SHP-103878600,DHL,Dubai,Le_Havre,air,Customs_Hold,Automotive,SGD,2022-09-18,2022-09-19,27.9,11805.9,3176.3,5.54,20129.92,651.76,22,2,0.0,0.2702,0.3466,0.6364,,1,True
SHP-102585757,Maersk,Jebel_Ali,Singapore,sea,In_Transit,Chemicals,GBP,2022-09-02,2022-09-15,318.2,19687.4,5980.6,8.96,83051.72,1353.29,15,2,0.0,0.2056,0.0065,0.7515,-12.6,3,True
SHP-101571276,Maersk,Singapore,Baltimore,road,On_Schedule,Consumer_Goods,USD,2023-05-11,2023-05-13,60.1,3261.5,42420.1,65.52,20336.03,423.28,12,5,0.0,0.095,0.4755,0.3232,,3,True
SHP-101973582,COSCO,Tokyo,Le_Havre,sea,On_Schedule,Chemicals,GBP,2023-03-09,2023-03-31,530.6,19163.4,6368.8,11.25,9794.26,741.16,4,4,0.0,0.1573,0.0551,0.2516,,3,True
SHP-101628678,Yang_Ming,Jebel_Ali,Antwerp,sea,On_Schedule,Pharmaceuticals,USD,2024-03-10,2024-03-27,429.9,14363.2,423.5,0.8,2956.22,41.1,11,4,0.0,0.2817,0.2561,0.1364,9.1,2,True
SHP-100992052,HMM,Felixstowe,Baltimore,air,In_Transit,Chemicals,EUR,2023-02-12,2023-02-14,53.5,8762.8,65.0,0.09,101640.97,5762.96,14,4,0.0,0.2503,0.0357,0.1952,,4,True
SHP-100412610,ZIM,Hamburg,New_York,rail,In_Transit,Food_Beverage,USD,2024-12-20,2024-12-21,44.4,7009.1,18400.8,62.42,551192.64,14241.56,9,2,0.0,0.2095,0.2118,0.4609,,2,True
SHP-102545624,ZIM,Mumbai,Hamburg,sea,Customs_Hold,Raw_Materials,AED,2023-03-09,2023-04-02,584.4,12533.6,54081.7,181.51,41040.0,1641.13,19,4,0.0,0.2452,0.264,0.2547,,1,False
SHP-104087370,Maersk,Mumbai,Singapore,sea,At_Port,Chemicals,EUR,2024-02-28,2024-03-26,655.8,14442.5,462.3,0.71,322.21,4.14,13,5,0.0,0.4551,0.0611,0.1028,,2,False
SHP-103486024,COSCO,Shanghai,Savannah,air,On_Schedule,Automotive,GBP,2024-03-13,2024-03-14,32.6,14049.7,27612.8,54.52,1889.73,26.65,4,3,0.0,0.3128,0.2973,0.3013,-4.6,2,False
SHP-103887519,Kuehne_Nagel,Tanjung_Pelepas,Bremen,rail,On_Schedule,Pharmaceuticals,SGD,2022-05-17,2022-05-18,33.3,776.6,214331.0,322.76,19384.49,171.33,22,1,0.0,0.4546,0.0119,0.8541,,3,True
SHP-104616477,FedEx,Mumbai,Miami,air,Delayed,Textiles,SGD,2022-01-08,2022-01-08,22.5,2495.5,6321.6,21.53,134650.05,9222.41,17,2,20.3,0.2349,0.2447,0.4816,,3,True
SHP-100881131,ZIM,Chennai,Baltimore,air,In_Transit,Raw_Materials,USD,2023-12-30,2024-01-01,56.5,13321.0,40793.2,75.81,2416.57,12.53,19,5,0.0,0.3523,0.5049,0.6553,-10.3,1,False
SHP-100464063,ONE,Dubai,Genoa,sea,Delivered,Perishables,GBP,2023-10-21,2023-11-02,301.3,16337.6,5296.6,14.87,384168.93,27584.65,22,4,4.9,0.066,0.1624,0.3717,,1,True
SHP-101331920,FedEx,Chennai,Singapore,sea,Customs_Hold,Perishables,AED,2022-03-22,2022-03-27,136.9,5148.9,11234.9,16.36,3718.28,137.84,11,3,0.0,0.3087,0.0384,0.2562,,1,True
SHP-103690048,MSC,Chennai,Los_Angeles,air,Critical_Delay,Consumer_Goods,USD,2023-11-07,2023-11-07,12.7,10049.2,494.5,0.67,31603.99,835.59,16,0,12.6,0.2809,0.0656,0.2165,,1,False
SHP-102385725,Evergreen,Dubai,Savannah,air,At_Port,Electronics,AED,2024-05-09,2024-05-11,48.4,4236.8,201.2,0.81,910064.04,10597.43,4,4,0.0,0.2101,0.1854,0.5872,25.2,3,False
SHP-101870942,Yang_Ming,Tanjung_Pelepas,Los_Angeles,air,Delayed,Food_Beverage,EUR,2023-01-25,2023-01-27,62.4,12476.9,19653.3,67.62,939344.93,24087.72,19,2,7.9,0.0439,0.2647,0.491,,3,True
SHP-103965826,FedEx,Mundra,Houston,rail,Customs_Hold,Machinery,USD,2023-08-16,2023-08-22,147.6,3347.8,3043.6,7.73,9973.15,747.65,9,2,0.0,0.2035,0.1564,0.2702,,3,False
SHP-102441677,COSCO,Tanjung_Pelepas,Baltimore,sea,On_Schedule,Electronics,SGD,2022-05-04,2022-05-16,305.3,15897.4,5.3,0.01,122180.27,8398.16,14,4,0.0,0.0803,0.0181,0.5286,,1,False
SHP-101270851,Evergreen,Tokyo,Dubai,sea,In_Transit,Chemicals,USD,2023-01-05,2023-01-13,198.2,8040.7,660.8,1.11,3684.84,60.22,15,3,0.0,0.2249,0.1071,0.2027,,2,True
SHP-103582091,DHL,Tanjung_Pelepas,Rotterdam,air,On_Schedule,Raw_Materials,GBP,2024-07-18,2024-07-19,32.7,7609.6,1648.6,5.02,52065.27,387.86,2,5,0.0,0.5075,0.0243,0.2993,,1,True
SHP-101744593,Maersk,Busan,Sydney,rail,On_Schedule,Raw_Materials,GBP,2023-04-23,2023-04-30,189.8,4404.4,16673.5,47.94,305178.54,9746.11,18,4,0.0,0.3065,0.0752,0.3385,-6.6,4,True
SHP-100553712,HMM,Busan,Los_Angeles,air,On_Schedule,Pharmaceuticals,AED,2024-05-19,2024-05-21,61.4,7227.9,6543.7,9.82,295475.49,10570.22,6,3,0.0,0.3178,0.2095,0.3599,,2,True
SHP-103214512,COSCO,Mumbai,Singapore,sea,Customs_Hold,Pharmaceuticals,EUR,2023-12-01,2023-12-22,523.7,3461.7,5013.4,12.73,10404.27,597.52,17,3,0.0,0.176,0.1035,0.107,25.5,1,True
SHP-101872448,Kuehne_Nagel,Sydney,Savannah,air,At_Port,Machinery,USD,2024-04-23,2024-04-24,45.5,13399.9,19462.7,41.17,181473.07,4877.32,3,1,0.0,0.2836,0.6488,0.6589,23.0,1,False
SHP-103551361,CMA_CGM,Colombo,New_York,sea,On_Schedule,Electronics,USD,2023-10-25,2023-11-08,339.3,19285.9,127.7,0.25,2157.03,105.08,22,0,0.0,0.432,0.0205,0.2516,-13.3,4,False
SHP-104423561,ONE,Rotterdam,Baltimore,road,Delayed,Raw_Materials,CNY,2023-10-08,2023-10-16,192.3,4887.0,25661.7,85.76,42552.32,823.98,23,1,9.9,0.1373,0.0621,0.7657,,3,True
SHP-102690315,Evergreen,Guangzhou,New_York,sea,Delivered,Textiles,GBP,2024-03-13,2024-03-23,248.0,19616.1,32395.3,59.37,672171.34,10915.1,23,4,33.3,0.6249,0.1339,0.3975,4.3,3,True
SHP-103347824,Yang_Ming,Tokyo,Rotterdam,rail,On_Schedule,Electronics,AED,2024-11-16,2024-11-24,192.5,5025.6,28725.8,39.71,188630.52,1337.81,1,2,0.0,0.3533,0.1107,0.3868,,4,True
SHP-102877696,HMM,Rotterdam,Dubai,road,Customs_Hold,Electronics,SGD,2022-12-10,2022-12-15,139.3,7971.4,1244.0,5.82,51362.99,2173.65,24,1,0.0,0.051,0.2411,0.5248,0.7,4,True
SHP-100109902,MSC,Tanjung_Pelepas,Singapore,road,Delayed,Consumer_Goods,SGD,2023-07-04,2023-07-06,50.8,1536.8,6250.5,8.26,95050.88,5399.13,13,2,40.1,0.251,0.1663,0.1599,,4,False
SHP-101252248,Hapag-Lloyd,Melbourne,Genoa,road,In_Transit,Chemicals,EUR,2024-05-12,2024-05-18,147.1,7565.1,144.4,0.5,1324541.6,89347.83,22,0,0.0,0.5106,0.1985,0.1286,15.8,3,True
SHP-104619814,Hapag-Lloyd,Melbourne,Le_Havre,air,Delivered,Pharmaceuticals,CNY,2023-05-08,2023-05-08,19.8,8077.6,1312.4,2.35,50135.26,2139.78,18,1,18.2,0.3089,0.2889,0.0805,29.9,2,False
SHP-104279804,Evergreen,Colombo,Dubai,sea,At_Port,Automotive,EUR,2023-02-13,2023-02-18,121.7,21985.5,293.0,0.69,385222.82,17714.05,20,0,0.0,0.2521,0.5031,0.5172,,2,False
SHP-100856352,HMM,Antwerp,Miami,sea,At_Port,Chemicals,AED,2022-09-05,2022-09-29,586.3,7467.8,45481.2,77.14,33553.28,1429.75,15,4,0.0,0.3466,0.171,0.2441,,3,True
SHP-103062250,Maersk,Sydney,Mumbai,sea,Delayed,Machinery,CNY,2022-02-20,2022-03-05,315.0,4146.4,2017.9,4.26,4871.47,290.18,11,5,112.6,0.4965,0.125,0.2107,,1,False
SHP-101556725,MSC,Sydney,Le_Havre,rail,On_Schedule,Raw_Materials,GBP,2023-07-08,2023-07-11,73.9,6388.2,581.8,1.85,88130.3,3358.45,2,3,0.0,0.3506,0.0915,0.5445,,1,True
SHP-100773730,ZIM,Tanjung_Pelepas,New_York,rail,Customs_Hold,Electronics,EUR,2022-09-13,2022-09-18,128.1,1567.4,1505.6,2.13,68115.59,343.19,1,0,0.0,0.2437,0.0393,0.4061,22.2,4,False
SHP-101095295,ONE,Antwerp,Genoa,sea,On_Schedule,Food_Beverage,USD,2023-07-03,2023-07-12,228.3,4906.0,1420.0,2.01,481649.91,18171.61,1,1,0.0,0.3377,0.0444,0.6754,4.7,3,False
SHP-104845972,CMA_CGM,Rotterdam,Le_Havre,sea,At_Port,Food_Beverage,CNY,2022-02-06,2022-02-20,351.8,21324.7,16271.5,30.04,20472.09,1081.16,13,0,0.0,0.1593,0.0581,0.1348,,1,True
SHP-102918372,COSCO,Felixstowe,Sydney,sea,On_Schedule,Electronics,EUR,2024-02-13,2024-03-08,582.0,16655.2,232626.0,746.25,25907.63,1218.06,8,0,0.0,0.191,0.2374,0.289,0.3,3,True
SHP-101999251,UPS,Rotterdam,Felixstowe,road,At_Port,Raw_Materials,AED,2023-08-10,2023-08-18,204.1,3535.1,137.7,0.31,40530.3,322.72,8,4,0.0,0.2169,0.0022,0.0874,-17.0,2,True
SHP-103811700,ZIM,Felixstowe,Mumbai,air,On_Schedule,Chemicals,USD,2023-11-14,2023-11-15,45.9,9813.9,2384.6,8.24,29172.67,260.26,16,1,0.0,0.1518,0.0617,0.3266,,4,True
SHP-101059934,MSC,Hamburg,Baltimore,air,On_Schedule,Electronics,AED,2023-12-12,2023-12-13,37.4,9487.9,825.5,2.48,15348.93,85.51,16,5,0.0,0.1224,0.121,0.1774,,2,True
SHP-103527737,HMM,Shanghai,Valencia,sea,Customs_Hold,Textiles,EUR,2024-01-24,2024-01-28,117.1,16459.3,2424.5,5.49,18276.29,1385.26,9,4,0.0,0.2386,0.2771,0.0387,,1,False
SHP-104154640,Hapag-Lloyd,Singapore,Rotterdam,sea,In_Transit,Pharmaceuticals,SGD,2022-12-08,2022-12-14,157.6,7642.4,1267.7,1.64,343532.62,13632.91,13,1,0.0,0.1386,0.0329,0.1405,-17.3,3,True
SHP-104413200,FedEx,Chennai,Piraeus,sea,Delayed,Electronics,SGD,2022-05-13,2022-05-22,225.4,14298.4,52.8,0.17,119804.56,3011.32,6,1,9.6,0.3783,0.1893,0.2374,,1,False
SHP-102321923,ONE,Dubai,Le_Havre,sea,On_Schedule,Machinery,EUR,2022-12-09,2022-12-18,217.3,14734.6,11433.9,32.92,81772.41,1540.2,23,0,0.0,0.5823,0.138,0.2138,,1,True
SHP-102422636,FedEx,Busan,Los_Angeles,sea,On_Schedule,Perishables,CNY,2022-08-12,2022-08-22,260.0,2081.9,2205.2,8.08,12243.58,841.99,6,5,0.0,0.3642,0.4264,0.5241,,3,True
SHP-101247383,Evergreen,Hamburg,Sydney,sea,Delayed,Chemicals,AED,2023-04-25,2023-04-29,117.7,3944.3,13843.5,56.74,43039.97,3061.4,14,5,39.2,0.1648,0.1227,0.352,,1,True
SHP-101165687,HMM,Port_Klang,Valencia,rail,In_Transit,Consumer_Goods,AED,2024-08-04,2024-08-13,233.6,7635.8,6697.4,14.48,16362.46,1212.48,5,3,0.0,0.1511,0.0737,0.3367,,2,True
SHP-104573166,UPS,Mumbai,Los_Angeles,air,In_Transit,Automotive,GBP,2024-09-20,2024-09-20,19.6,9977.6,3226.6,5.26,90884.72,788.5,7,3,0.0,0.2545,0.3162,0.5284,,1,False
SHP-102822150,HMM,Jebel_Ali,Dubai,sea,In_Transit,Raw_Materials,CNY,2024-08-09,2024-09-03,615.7,16647.9,18847.1,52.45,31435.68,2469.16,13,4,0.0,0.2256,0.3501,0.5239,16.8,1,False
SHP-100445561,COSCO,Colombo,Houston,sea,Customs_Hold,Chemicals,AED,2022-10-23,2022-11-14,550.3,19436.3,137309.2,345.16,136762.32,5344.83,22,5,0.0,0.4409,0.3101,0.1362,,2,False
SHP-103453858,UPS,Sydney,Baltimore,air,In_Transit,Textiles,EUR,2024-01-26,2024-01-28,63.4,12047.6,1718.3,4.08,106130.67,7634.06,23,3,0.0,0.3446,0.0925,0.2556,,2,True
SHP-104327837,ZIM,Shanghai,Savannah,rail,On_Schedule,Textiles,CNY,2022-02-16,2022-02-20,110.5,4115.1,6034.2,8.97,157624.51,5645.0,21,1,0.0,0.2866,0.1373,0.3005,,4,False
SHP-100247575,Yang_Ming,Sydney,Savannah,sea,In_Transit,Automotive,CNY,2024-02-24,2024-03-08,321.2,12623.8,19029.1,75.71,8461.13,480.94,8,2,0.0,0.1791,0.317,0.216,,1,False
SHP-102438397,DHL,Chennai,Rotterdam,sea,On_Schedule,Machinery,GBP,2022-10-21,2022-10-25,108.8,20894.4,24456.6,47.3,118294.13,3853.96,8,0,0.0,0.1398,0.0667,0.5032,,2,False
SHP-103148986,DHL,Chennai,Antwerp,sea,In_Transit,Pharmaceuticals,AED,2023-03-22,2023-04-09,449.1,12092.0,16763.6,33.22,67776.18,4886.47,6,0,0.0,0.1308,0.1982,0.2714,,3,True
SHP-104814615,DB_Schenker,Jebel_Ali,Mumbai,sea,On_Schedule,Machinery,USD,2024-03-30,2024-04-19,491.1,19955.3,195.5,0.48,234609.45,14107.58,23,2,0.0,0.1752,0.2451,0.3754,18.8,4,True
SHP-103583329,ONE,Dubai,Hamburg,sea,Delayed,Pharmaceuticals,SGD,2023-08-07,2023-09-05,708.1,3623.3,13243.7,19.83,272256.77,1742.16,11,2,7.6,0.3862,0.1076,0.2685,,3,True
SHP-100773690,UPS,Tanjung_Pelepas,Mumbai,sea,On_Schedule,Perishables,USD,2024-08-14,2024-09-07,581.1,20890.1,38149.2,64.97,72334.78,2843.46,8,0,0.0,0.4567,0.5479,0.0534,,1,True
SHP-102842980,COSCO,Colombo,Piraeus,sea,Delivered,Pharmaceuticals,USD,2023-05-17,2023-05-29,309.7,4839.2,4075.6,5.23,11159.72,347.89,24,1,29.7,0.2989,0.3084,0.0966,,2,False
SHP-104995818,UPS,Dubai,Genoa,sea,On_Schedule,Machinery,AED,2023-06-18,2023-06-27,231.8,12396.4,1470.1,4.46,200361.02,8197.24,14,3,0.0,0.1024,0.3504,0.3428,,4,True
SHP-104660336,Yang_Ming,Port_Klang,Le_Havre,air,On_Schedule,Chemicals,USD,2023-08-03,2023-08-04,43.1,13831.0,408604.7,655.06,111516.35,730.66,5,5,0.0,0.4167,0.5325,0.516,,4,False
SHP-100674028,DHL,Ningbo,Valencia,rail,In_Transit,Chemicals,USD,2023-03-14,2023-03-21,190.0,1873.1,10113.4,26.14,22511.76,1042.94,16,5,0.0,0.2819,0.1598,0.6192,,4,False
SHP-101094345,Maersk,Tanjung_Pelepas,Valencia,rail,Delayed,Chemicals,SGD,2024-08-25,2024-09-02,209.6,329.5,1858.9,4.59,206616.36,15243.45,14,1,15.0,0.2933,0.1862,0.3003,,3,True
SHP-104745385,MSC,Ningbo,Singapore,sea,Delayed,Food_Beverage,USD,2024-07-28,2024-08-21,590.5,16409.4,12422.4,32.33,463553.73,11909.3,7,1,22.0,0.5673,0.0649,0.4976,,1,False
SHP-103475044,Yang_Ming,Rotterdam,Mumbai,sea,On_Schedule,Machinery,GBP,2023-08-31,2023-09-23,561.0,12427.7,1352.7,2.38,413986.8,7934.34,8,5,0.0,0.3262,0.1466,0.2499,2.8,3,False
SHP-102985408,FedEx,Ningbo,Los_Angeles,air,On_Schedule,Chemicals,USD,2024-06-20,2024-06-21,40.0,5261.4,1324.7,1.8,44426.25,253.8,13,3,0.0,0.2134,0.0462,0.4361,,1,False
SHP-103165321,FedEx,Melbourne,Rotterdam,sea,Delayed,Consumer_Goods,EUR,2022-01-03,2022-01-15,293.7,16423.2,169602.8,234.4,1706.38,127.9,6,0,6.9,0.3104,0.6422,0.3575,5.7,2,True
SHP-104146927,Hapag-Lloyd,Antwerp,Valencia,rail,On_Schedule,Pharmaceuticals,SGD,2022-08-10,2022-08-17,182.4,5109.1,5306.2,11.13,14784.47,177.4,14,2,0.0,0.1562,0.0932,0.1661,28.5,4,False
SHP-103410418,COSCO,Busan,Piraeus,rail,In_Transit,Automotive,CNY,2024-10-13,2024-10-19,145.7,7994.9,166.6,0.31,14740.63,333.3,3,0,0.0,0.2945,0.1237,0.326,,4,True
SHP-104980395,CMA_CGM,Busan,Bremen,rail,Delayed,Electronics,AED,2024-02-08,2024-02-11,78.9,6384.6,10220.2,31.14,37141.68,2229.45,15,1,4.0,0.1642,0.2037,0.8113,,2,True
SHP-100409348,CMA_CGM,Shanghai,Valencia,sea,At_Port,Automotive,EUR,2022-07-19,2022-08-08,480.2,13973.6,10821.2,33.81,42558.06,1011.9,3,0,0.0,0.348,0.2021,0.2568,16.7,3,True
SHP-102039773,Hapag-Lloyd,Shanghai,Barcelona,air,On_Schedule,Electronics,EUR,2022-06-07,2022-06-07,14.6,10747.3,1192.6,5.02,10427.07,645.41,13,4,0.0,0.0339,0.0398,0.2246,,4,True
SHP-102340255,Kuehne_Nagel,Dubai,Houston,sea,Critical_Delay,Consumer_Goods,USD,2024-01-01,2024-01-10,238.0,8454.5,519.3,1.5,151235.75,7355.48,12,4,10.1,0.3995,0.2003,0.0803,,1,False
SHP-100402876,ZIM,Port_Klang,Rotterdam,sea,Delayed,Machinery,SGD,2023-12-22,2024-01-09,436.7,16714.4,13491.3,18.48,446358.62,9319.73,14,3,7.1,0.0583,0.0366,0.4981,-16.8,4,True
SHP-100988236,ZIM,Singapore,Antwerp,road,In_Transit,Perishables,GBP,2022-08-18,2022-08-22,107.6,4838.5,1410.5,2.5,194303.46,7281.26,5,2,0.0,0.134,0.2854,0.3863,,4,False
SHP-101796161,CMA_CGM,Shanghai,Savannah,sea,At_Port,Electronics,SGD,2024-07-17,2024-08-04,450.3,2838.1,2372.9,9.58,1188059.03,84376.28,4,3,0.0,0.055,0.0938,0.2715,,3,False
SHP-101126521,Yang_Ming,Busan,Hamburg,sea,Customs_Hold,Chemicals,SGD,2024-07-15,2024-08-01,409.3,21957.0,5901.6,26.03,223618.96,11801.05,3,2,0.0,0.6163,0.1225,0.1314,2.0,4,False
SHP-101908813,CMA_CGM,Felixstowe,Felixstowe,air,On_Schedule,Raw_Materials,EUR,2022-09-14,2022-09-16,72.0,9424.1,20216.0,61.19,10657.11,99.31,16,2,0.0,0.1598,0.0534,0.4873,,1,True
SHP-104268574,Kuehne_Nagel,Guangzhou,Los_Angeles,sea,Customs_Hold,Machinery,SGD,2023-01-19,2023-02-01,318.5,17698.6,149.1,0.65,741357.08,26689.47,22,1,0.0,0.3981,0.1092,0.1448,4.0,4,True
SHP-102457599,FedEx,Guangzhou,Miami,sea,On_Schedule,Automotive,USD,2024-08-23,2024-08-28,134.8,11932.1,11573.4,21.11,502820.82,8806.68,5,0,0.0,0.2414,0.0291,0.1299,,2,True
SHP-102870964,UPS,Felixstowe,Savannah,road,On_Schedule,Machinery,AED,2024-03-20,2024-03-24,102.7,4894.3,3245.7,4.48,102148.7,4750.46,21,1,0.0,0.5231,0.0466,0.7194,-14.5,4,True
SHP-102497088,Kuehne_Nagel,Melbourne,Baltimore,road,On_Schedule,Electronics,EUR,2022-12-09,2022-12-11,56.4,5038.8,18366.8,64.06,27719.48,805.36,3,3,0.0,0.0719,0.1766,0.6333,-1.5,1,False
SHP-104831832,DB_Schenker,Mundra,Antwerp,sea,On_Schedule,Pharmaceuticals,USD,2022-08-05,2022-08-19,359.2,9455.4,1103.0,1.52,11993.33,134.95,12,1,0.0,0.637,0.3303,0.2727,,1,True
SHP-103201651,UPS,Singapore,Baltimore,rail,On_Schedule,Food_Beverage,USD,2024-08-04,2024-08-07,82.1,2022.9,369.3,0.97,84545.1,5517.11,14,3,0.0,0.272,0.1694,0.5183,,3,True
SHP-104256136,ZIM,Mundra,Piraeus,sea,In_Transit,Machinery,AED,2022-11-29,2022-12-17,444.3,11811.7,3.6,0.0,6611.51,338.83,13,0,0.0,0.3656,0.2564,0.3846,2.2,2,True
SHP-103515772,ZIM,Chennai,Bremen,sea,In_Transit,Perishables,GBP,2022-11-16,2022-12-08,545.4,9636.0,5369.1,6.74,125571.93,8721.04,20,2,0.0,0.1055,0.0552,0.0602,,2,True
SHP-100974903,DB_Schenker,Colombo,Genoa,sea,On_Schedule,Automotive,AED,2024-10-10,2024-11-05,636.0,12598.2,43600.7,115.59,16828.96,978.68,15,4,0.0,0.2042,0.1028,0.4197,,1,False
SHP-101783737,UPS,Singapore,Barcelona,sea,Delayed,Perishables,USD,2023-06-29,2023-07-06,186.0,17659.6,1192.9,3.66,471226.62,9746.46,2,3,5.6,0.1008,0.3093,0.5104,,2,True
SHP-104090397,Evergreen,Antwerp,Bremen,air,Critical_Delay,Electronics,SGD,2022-09-17,2022-09-18,43.3,13340.5,2418.3,7.59,4131.81,131.46,18,5,3.8,0.4979,0.0711,0.2564,20.3,3,False
SHP-100721379,Hapag-Lloyd,Dubai,Baltimore,sea,At_Port,Machinery,USD,2024-03-03,2024-03-15,296.5,21860.0,92923.9,340.1,1338190.66,87513.76,20,4,0.0,0.4444,0.3076,0.1493,29.0,4,True
SHP-101327705,FedEx,Felixstowe,Antwerp,air,Critical_Delay,Consumer_Goods,SGD,2023-06-05,2023-06-05,23.5,527.2,1787.1,2.52,4446.44,334.34,15,5,17.4,0.1346,0.3211,0.6853,,2,True
SHP-104509840,DHL,Chennai,Houston,air,On_Schedule,Textiles,GBP,2022-08-02,2022-08-04,56.3,9679.9,333.5,0.56,1281957.84,18156.66,11,3,0.0,0.1143,0.0688,0.2251,,1,True
SHP-101118026,ONE,Antwerp,Bremen,air,In_Transit,Pharmaceuticals,EUR,2023-07-25,2023-07-26,30.7,12363.9,5248.9,16.44,1655.73,129.25,1,3,0.0,0.3424,0.1099,0.3367,,3,False
SHP-102761486,MSC,Singapore,Bremen,sea,Critical_Delay,Chemicals,AED,2023-07-22,2023-08-19,674.4,8013.2,3738.6,10.13,201776.03,11933.81,20,0,12.0,0.2271,0.1511,0.13,3.4,4,False
SHP-104559718,UPS,Port_Klang,Mumbai,road,Delivered,Automotive,USD,2024-02-06,2024-02-08,65.9,4836.9,257575.9,698.46,247190.32,16127.56,9,0,9.4,0.2083,0.1624,0.2134,,3,True
SHP-100295538,HMM,Shanghai,Los_Angeles,sea,On_Schedule,Pharmaceuticals,CNY,2023-12-03,2024-01-01,719.7,5396.7,581.6,2.66,20687.84,801.39,18,1,0.0,0.1606,0.3062,0.4267,,3,False
SHP-102364630,DB_Schenker,Antwerp,Bremen,air,In_Transit,Food_Beverage,USD,2022-02-26,2022-02-28,68.2,1108.4,16446.7,26.18,19403.24,110.58,11,0,0.0,0.0519,0.2586,0.3769,,1,True
SHP-103960436,UPS,Mumbai,Le_Havre,sea,In_Transit,Automotive,AED,2023-11-07,2023-11-21,355.1,12807.4,81830.2,399.61,23023.82,143.55,21,4,0.0,0.4154,0.1235,0.2902,15.2,4,False
SHP-101729343,UPS,Rotterdam,Miami,sea,At_Port,Electronics,CNY,2023-04-21,2023-05-12,515.6,18848.1,28090.7,65.74,28278.16,509.64,12,1,0.0,0.2589,0.0279,0.302,,2,True
SHP-101459617,FedEx,Antwerp,Rotterdam,sea,On_Schedule,Consumer_Goods,GBP,2023-06-26,2023-07-17,511.8,4096.5,1349.3,2.11,8038550.9,83116.28,21,5,0.0,0.3195,0.0812,0.3187,7.2,1,True
SHP-102949745,COSCO,Mundra,Barcelona,sea,Customs_Hold,Automotive,AED,2022-09-10,2022-10-07,653.8,4675.2,4589.4,10.61,78165.57,4286.63,8,1,0.0,0.1374,0.1247,0.4559,,2,False
SHP-103458087,ONE,Hamburg,Rotterdam,sea,On_Schedule,Food_Beverage,AED,2024-10-28,2024-11-07,248.3,7357.0,107.6,0.29,7189497.6,469479.09,13,5,0.0,0.141,0.1261,0.2777,,3,True
SHP-100200554,Yang_Ming,Hamburg,Barcelona,rail,Delayed,Perishables,SGD,2023-07-19,2023-07-25,166.5,6114.4,1482.1,6.8,91578.77,814.85,22,5,33.3,0.0873,0.0139,0.1359,-18.2,3,True
SHP-103166900,HMM,Sydney,Singapore,road,In_Transit,Textiles,EUR,2022-06-22,2022-06-26,115.9,4150.6,9585.7,30.22,91995.86,7058.22,9,3,0.0,0.3373,0.1722,0.6665,,1,False
SHP-102281917,CMA_CGM,Guangzhou,Houston,sea,Delayed,Automotive,EUR,2022-09-07,2022-09-27,493.3,10809.3,1574.0,2.15,61104.37,4687.65,8,0,12.5,0.2019,0.0496,0.7309,,2,True
SHP-101958554,Kuehne_Nagel,Colombo,Baltimore,air,In_Transit,Perishables,GBP,2022-12-16,2022-12-17,25.9,14791.2,891.9,2.35,3476503.22,157084.9,7,2,0.0,0.2251,0.0922,0.3649,,1,False
SHP-102564804,ZIM,Tokyo,Houston,road,In_Transit,Textiles,SGD,2022-03-04,2022-03-12,202.0,4099.5,68.0,0.11,256614.21,15529.03,5,3,0.0,0.6471,0.2258,0.2808,16.5,1,True
SHP-103750874,Maersk,Tokyo,Le_Havre,sea,In_Transit,Raw_Materials,USD,2024-07-29,2024-08-06,203.1,8317.4,256.3,0.45,8456.77,530.01,11,3,0.0,0.0999,0.0633,0.3836,,3,True
SHP-104214788,CMA_CGM,Dubai,Bremen,air,At_Port,Consumer_Goods,USD,2024-11-06,2024-11-08,52.5,9731.3,115.2,0.21,178701.07,12900.31,1,5,0.0,0.7327,0.2083,0.5287,7.6,1,False
SHP-100774754,COSCO,Felixstowe,Genoa,rail,Delayed,Perishables,AED,2024-09-11,2024-09-19,213.5,2428.8,3118.0,5.7,121749.2,4892.96,8,4,36.0,0.2169,0.347,0.5065,-14.1,3,False
SHP-101045018,MSC,Ningbo,Singapore,rail,At_Port,Machinery,EUR,2023-02-25,2023-03-02,139.2,393.6,542.1,0.72,37232.18,1640.99,17,5,0.0,0.2887,0.0189,0.4282,,1,True
SHP-102061809,DB_Schenker,Shanghai,Antwerp,sea,In_Transit,Pharmaceuticals,CNY,2023-05-11,2023-06-02,546.2,6012.7,8543.1,13.75,306030.59,12396.03,22,0,0.0,0.1069,0.2826,0.1988,,3,True
SHP-101816946,HMM,Antwerp,Los_Angeles,air,Delayed,Chemicals,CNY,2024-08-03,2024-08-05,61.6,5617.8,8244.5,19.72,62123.58,2649.25,13,3,26.9,0.1469,0.0927,0.4443,,2,True
SHP-100417394,CMA_CGM,Port_Klang,Miami,road,On_Schedule,Food_Beverage,SGD,2024-10-09,2024-10-18,238.1,5955.6,117.7,0.29,20201.69,1327.96,15,0,0.0,0.1202,0.1623,0.5085,,3,True
SHP-100252130,Yang_Ming,Rotterdam,Bremen,sea,On_Schedule,Textiles,GBP,2023-04-17,2023-05-14,662.7,16720.8,612.4,1.12,146739.76,7832.62,15,4,0.0,0.3812,0.4614,0.3309,,4,True
SHP-101057583,Evergreen,Chennai,Singapore,sea,At_Port,Chemicals,EUR,2023-12-25,2024-01-04,255.4,6207.1,2390.5,10.89,143121.86,5224.98,12,2,0.0,0.3501,0.0858,0.2797,,1,True
SHP-100883991,DHL,Sydney,Felixstowe,air,In_Transit,Chemicals,SGD,2022-03-06,2022-03-06,18.6,12119.4,1328.4,5.36,138274.08,10228.28,15,1,0.0,0.4097,0.3534,0.2764,,4,True
SHP-100340053,FedEx,Antwerp,Hamburg,rail,On_Schedule,Electronics,USD,2023-04-09,2023-04-18,238.5,5519.2,2636.8,6.26,12656399.9,656534.59,23,1,0.0,0.5476,0.0537,0.1883,,3,True
SHP-103530191,UPS,Tokyo,Mumbai,air,On_Schedule,Electronics,USD,2023-11-01,2023-11-01,15.5,8748.0,4290.9,11.52,1686.54,33.75,3,3,0.0,0.0253,0.0633,0.125,,4,False
SHP-102963756,Hapag-Lloyd,Chennai,Mumbai,sea,At_Port,Automotive,USD,2023-03-23,2023-04-07,369.4,12324.0,2263.3,5.87,66149.28,1254.52,19,0,0.0,0.1872,0.23,0.6264,,1,True
SHP-100142109,UPS,Busan,Houston,sea,On_Schedule,Automotive,USD,2023-07-05,2023-07-18,327.2,18306.8,810.2,1.02,186069.94,12783.33,2,5,0.0,0.2267,0.2502,0.3692,,2,True
SHP-104284151,Yang_Ming,Busan,New_York,air,On_Schedule,Raw_Materials,AED,2022-10-31,2022-10-31,14.0,4511.8,43605.8,71.49,1097683.26,47844.3,13,4,0.0,0.266,0.2684,0.3799,,4,True
SHP-101437842,HMM,Ningbo,Savannah,road,Delayed,Raw_Materials,AED,2023-12-28,2023-12-31,84.7,3421.3,80.3,0.25,1988.57,16.51,7,4,143.6,0.136,0.1969,0.3039,,3,False
SHP-100353896,ZIM,Tanjung_Pelepas,Barcelona,sea,At_Port,Perishables,AED,2024-03-20,2024-04-14,614.9,17872.6,10482.0,22.28,1765.76,49.14,16,1,0.0,0.4812,0.0849,0.2638,12.7,3,False
SHP-103261463,Maersk,Chennai,Savannah,air,Delayed,Electronics,USD,2022-04-25,2022-04-27,51.2,10130.5,205.5,0.8,773514.48,46911.09,11,4,6.8,0.1288,0.2353,0.338,,3,True
SHP-102246329,CMA_CGM,Shanghai,Piraeus,air,On_Schedule,Electronics,USD,2023-06-22,2023-06-24,55.6,11810.8,15746.5,24.71,5695.38,188.43,13,1,0.0,0.2589,0.3557,0.052,-11.3,3,True
SHP-100690588,COSCO,Colombo,Baltimore,air,On_Schedule,Consumer_Goods,USD,2022-05-29,2022-05-29,14.6,9105.4,483.2,2.02,2220207.58,37783.34,12,2,0.0,0.2241,0.0726,0.1462,-14.8,4,True
SHP-104935474,DHL,Singapore,Savannah,sea,In_Transit,Automotive,SGD,2024-01-19,2024-01-27,209.7,17203.8,2248.4,3.88,11727.69,469.76,20,2,0.0,0.2891,0.0389,0.6237,2.7,4,True
SHP-104606449,Yang_Ming,Tanjung_Pelepas,Felixstowe,sea,Delayed,Electronics,CNY,2024-05-27,2024-06-11,375.1,5896.4,618.1,1.35,22799.77,385.1,6,4,16.0,0.1006,0.035,0.155,-19.2,2,False
SHP-104663229,COSCO,Ningbo,Mumbai,rail,Customs_Hold,Automotive,SGD,2022-11-28,2022-11-29,35.3,7095.0,4884.2,17.34,191791.3,8679.63,9,3,0.0,0.315,0.2184,0.0534,9.6,1,True
SHP-101107272,COSCO,Ningbo,Houston,sea,Delayed,Electronics,EUR,2022-10-24,2022-11-21,684.7,11115.0,7479.8,30.28,37139.19,805.77,19,4,20.1,0.2344,0.193,0.4498,-8.5,1,True
SHP-104524853,DB_Schenker,Sydney,Los_Angeles,road,On_Schedule,Automotive,AED,2023-02-07,2023-02-16,237.8,5236.0,698.3,1.21,6268.49,407.55,11,2,0.0,0.2491,0.1677,0.4786,,4,False
SHP-100393149,DHL,Chennai,Antwerp,rail,On_Schedule,Food_Beverage,USD,2023-02-23,2023-02-26,92.8,1616.8,140369.4,207.38,379190.75,28962.51,20,5,0.0,0.3722,0.1113,0.0986,,1,True
SHP-102754295,UPS,Melbourne,Rotterdam,air,In_Transit,Automotive,EUR,2024-03-26,2024-03-27,30.3,14106.3,52377.8,212.88,477209.31,21197.44,23,5,0.0,0.3735,0.0413,0.1953,,2,True
SHP-101741015,CMA_CGM,Chennai,Mumbai,rail,Customs_Hold,Chemicals,GBP,2023-10-18,2023-10-27,220.7,354.1,49331.4,88.29,9863.97,785.94,21,4,0.0,0.2832,0.0228,0.0723,2.2,2,True
SHP-100810615,UPS,Antwerp,Los_Angeles,sea,At_Port,Food_Beverage,USD,2024-12-15,2024-12-26,276.9,7774.2,2277.5,5.38,867212.57,56869.04,12,2,0.0,0.0845,0.0154,0.4763,,2,False
SHP-103384422,UPS,Shanghai,Dubai,sea,On_Schedule,Automotive,AED,2022-06-07,2022-06-12,127.3,17394.3,396.3,0.96,130799.12,9511.6,6,4,0.0,0.1751,0.0333,0.712,,4,True
SHP-102974938,CMA_CGM,Guangzhou,Bremen,air,On_Schedule,Machinery,AED,2024-05-31,2024-05-31,12.6,1170.4,54646.1,75.09,185847.4,14163.44,17,2,0.0,0.2122,0.0508,0.2173,4.8,3,True
SHP-101945844,CMA_CGM,Rotterdam,Le_Havre,sea,Delayed,Perishables,USD,2024-08-12,2024-08-23,265.1,12475.1,15.6,0.03,19114.7,1399.22,8,5,10.5,0.269,0.2448,0.5638,,2,True
SHP-101679381,Hapag-Lloyd,Busan,Felixstowe,sea,In_Transit,Chemicals,USD,2024-09-09,2024-09-25,403.2,2435.8,266.0,1.14,4317.16,254.85,2,1,0.0,0.1103,0.5143,0.5417,-14.8,4,False
SHP-101293027,FedEx,Ningbo,Valencia,sea,In_Transit,Automotive,EUR,2022-03-19,2022-04-01,322.9,14867.6,20849.7,28.82,447859.51,27373.16,18,3,0.0,0.5219,0.3296,0.1383,,1,True
SHP-101650907,ZIM,Chennai,Miami,sea,On_Schedule,Food_Beverage,GBP,2022-03-18,2022-03-25,188.7,18851.7,1981.0,7.28,1745821.77,42470.46,2,3,0.0,0.3075,0.2525,0.2362,,4,True
SHP-100594192,FedEx,Hamburg,Antwerp,air,Delayed,Perishables,GBP,2023-01-20,2023-01-22,62.1,10568.3,1877.6,4.37,1634350.2,30756.35,23,2,6.5,0.1181,0.1166,0.1515,6.9,3,True
SHP-102497694,MSC,Tanjung_Pelepas,New_York,rail,Delayed,Chemicals,USD,2022-04-26,2022-04-28,63.4,658.7,17344.8,81.2,16579.54,111.16,15,0,8.0,0.1643,0.1414,0.4204,-12.3,4,True
SHP-102452825,FedEx,Felixstowe,Sydney,sea,On_Schedule,Automotive,AED,2024-07-30,2024-08-19,492.3,10185.2,10274.8,14.15,26925.47,567.88,9,0,0.0,0.2377,0.0417,0.1689,,3,True
SHP-101269960,HMM,Mundra,Le_Havre,sea,Critical_Delay,Machinery,USD,2023-11-14,2023-12-11,649.3,14204.4,27671.9,81.54,2345.96,24.65,11,1,36.0,0.653,0.2856,0.4677,,4,False
SHP-102431578,HMM,Colombo,Sydney,sea,In_Transit,Automotive,SGD,2022-11-19,2022-12-01,307.3,12962.7,6370.7,8.57,323367.07,2924.7,15,2,0.0,0.3606,0.0984,0.1675,,2,False
SHP-100799898,DB_Schenker,Guangzhou,Mumbai,road,In_Transit,Raw_Materials,GBP,2024-08-09,2024-08-17,210.5,2768.5,15191.6,52.54,613087.66,40470.11,23,3,0.0,0.3717,0.1072,0.5704,-0.9,2,False
SHP-100468468,DB_Schenker,Busan,Felixstowe,sea,In_Transit,Machinery,USD,2024-03-24,2024-04-07,345.3,11848.8,1602.1,2.28,10178.42,92.44,3,0,0.0,0.2608,0.6,0.4581,,2,False
SHP-102733160,CMA_CGM,Felixstowe,Savannah,sea,In_Transit,Textiles,GBP,2024-10-07,2024-10-19,311.4,18129.5,499.9,0.8,671.82,49.84,1,0,0.0,0.1762,0.2404,0.0288,,1,True
SHP-100470110,DHL,Rotterdam,Mumbai,sea,On_Schedule,Machinery,GBP,2024-05-01,2024-05-30,717.9,1872.1,388.2,0.73,46855.03,504.71,2,3,0.0,0.2642,0.2561,0.4299,,4,False
SHP-101377515,Hapag-Lloyd,Port_Klang,Savannah,sea,On_Schedule,Pharmaceuticals,CNY,2023-10-17,2023-10-25,214.0,6491.4,6090.1,12.26,88040.89,6120.76,18,4,0.0,0.5132,0.2966,0.0787,-18.4,3,False
SHP-100166848,Evergreen,Colombo,Singapore,sea,Delayed,Textiles,USD,2023-12-18,2024-01-03,396.3,14628.5,4780.4,14.63,240413.21,11087.56,11,4,4.3,0.1446,0.1117,0.5403,,2,True
SHP-100742760,Maersk,Busan,New_York,air,At_Port,Consumer_Goods,GBP,2022-01-11,2022-01-13,64.2,8961.9,105.0,0.26,109226.28,1045.11,11,3,0.0,0.2797,0.321,0.4087,-18.6,3,True
SHP-104522122,MSC,Mumbai,Le_Havre,road,On_Schedule,Consumer_Goods,EUR,2022-04-23,2022-04-25,51.6,3555.7,3623.8,6.03,4176.69,41.03,8,5,0.0,0.2049,0.694,0.2908,,3,True
SHP-104247356,HMM,Guangzhou,Le_Havre,road,On_Schedule,Electronics,USD,2022-11-04,2022-11-11,178.7,7864.0,18298.5,86.51,104600.75,4904.47,6,0,0.0,0.2646,0.2178,0.3139,16.1,2,False
SHP-104927944,ONE,Dubai,Antwerp,rail,In_Transit,Pharmaceuticals,EUR,2024-01-24,2024-01-31,175.0,760.3,4739.9,6.12,4648940.69,195748.25,24,2,0.0,0.4869,0.2845,0.0174,-1.5,3,False
SHP-102742751,DHL,Singapore,Barcelona,road,At_Port,Perishables,GBP,2023-04-26,2023-04-29,80.4,3288.1,11.8,0.04,57825.94,3654.45,19,1,0.0,0.606,0.0369,0.6536,,3,False
SHP-100662821,UPS,Ningbo,Rotterdam,rail,Delayed,Pharmaceuticals,GBP,2024-07-15,2024-07-20,126.3,6153.6,3969.5,8.86,67095.23,340.21,3,1,29.4,0.5148,0.146,0.2151,,3,False
SHP-104866697,HMM,Sydney,Savannah,sea,On_Schedule,Automotive,SGD,2022-04-01,2022-04-28,656.1,12019.6,10119.9,15.74,633.55,9.98,2,5,0.0,0.4146,0.1074,0.4145,,4,True
SHP-102130878,COSCO,Rotterdam,Dubai,sea,Delayed,Pharmaceuticals,EUR,2022-04-20,2022-05-17,657.9,16495.3,232586.6,635.5,32272.82,2176.61,19,1,29.1,0.1952,0.0229,0.1567,,2,True
SHP-100485548,ONE,Melbourne,Felixstowe,road,In_Transit,Consumer_Goods,GBP,2022-06-05,2022-06-12,172.9,2508.7,589.6,1.34,72981.11,457.7,7,1,0.0,0.3076,0.2655,0.312,23.6,3,True
SHP-102260422,COSCO,Jebel_Ali,Sydney,sea,Delivered,Chemicals,USD,2023-10-28,2023-11-08,285.0,3241.4,1310.0,3.62,4998651.9,243963.53,4,0,1.1,0.421,0.2353,0.6023,,4,True
SHP-100568930,ZIM,Mumbai,Houston,sea,In_Transit,Machinery,CNY,2022-11-01,2022-11-28,663.9,11767.6,1658.5,5.13,848596.2,52225.65,17,5,0.0,0.1753,0.5514,0.2198,,1,False
SHP-103241959,Maersk,Chennai,Sydney,sea,Customs_Hold,Automotive,SGD,2023-01-31,2023-02-24,592.9,15272.0,26466.7,103.13,68264.81,3841.05,18,4,0.0,0.1206,0.2112,0.3306,,3,False
SHP-101428270,CMA_CGM,Mumbai,New_York,rail,On_Schedule,Perishables,CNY,2023-12-05,2023-12-11,152.5,5241.9,3270.8,6.61,12202.24,305.4,6,5,0.0,0.41,0.2752,0.6307,,2,False
SHP-102065586,Yang_Ming,Tokyo,Mumbai,sea,At_Port,Pharmaceuticals,SGD,2023-05-22,2023-06-12,509.7,4349.8,278.2,0.37,193909.99,1345.7,14,4,0.0,0.3513,0.0761,0.4102,19.0,3,True
SHP-101593344,Maersk,Rotterdam,Mumbai,air,In_Transit,Automotive,SGD,2024-06-16,2024-06-18,59.5,9748.6,2757.0,6.75,1417.98,36.56,18,4,0.0,0.5781,0.0642,0.0463,,3,False
SHP-102576077,HMM,Tokyo,Genoa,sea,On_Schedule,Raw_Materials,USD,2024-04-05,2024-04-19,337.3,10391.3,35.4,0.09,1146.85,63.74,23,3,0.0,0.3359,0.0823,0.3857,-6.8,3,False
SHP-101851084,HMM,Port_Klang,Miami,road,At_Port,Raw_Materials,GBP,2024-09-03,2024-09-06,88.2,1645.9,109292.7,256.33,41105.94,2901.05,24,5,0.0,0.2243,0.2045,0.3828,17.7,1,True
SHP-104802417,HMM,Mumbai,Felixstowe,sea,On_Schedule,Chemicals,GBP,2022-03-18,2022-04-11,576.6,9900.6,1154.2,3.65,2287506.11,53379.96,6,3,0.0,0.2784,0.1191,0.0889,,1,False
SHP-104130966,CMA_CGM,Colombo,Hamburg,sea,On_Schedule,Chemicals,SGD,2022-05-29,2022-06-10,292.1,14405.3,5694.8,7.25,26042.29,587.73,12,2,0.0,0.5964,0.3603,0.4264,,1,True
SHP-103347472,UPS,Rotterdam,Valencia,sea,Delivered,Automotive,GBP,2024-06-01,2024-06-27,645.7,5226.6,292.3,0.65,144651.14,5626.66,7,1,11.1,0.4442,0.1465,0.4256,,1,True
SHP-102799390,DB_Schenker,Guangzhou,Valencia,sea,Delayed,Food_Beverage,CNY,2024-01-28,2024-02-23,638.0,13969.5,5966.3,12.39,31705.12,770.21,2,0,32.5,0.037,0.0493,0.2377,9.4,3,True
SHP-100719518,UPS,Dubai,New_York,sea,At_Port,Chemicals,USD,2024-09-17,2024-10-06,478.2,16379.4,10072.1,13.06,426.21,19.1,10,2,0.0,0.1789,0.0834,0.2406,-10.4,1,True
SHP-100004423,Yang_Ming,Rotterdam,Antwerp,sea,At_Port,Perishables,EUR,2023-04-17,2023-05-03,400.3,5843.2,289.5,0.64,10621.39,151.63,23,2,0.0,0.103,0.1584,0.2539,,4,False
SHP-101983471,COSCO,Chennai,Rotterdam,sea,On_Schedule,Pharmaceuticals,EUR,2022-12-14,2022-12-28,355.9,19273.2,2859.4,4.33,6546.45,63.26,23,4,0.0,0.3221,0.0707,0.3441,,3,True
SHP-102566800,COSCO,Melbourne,Antwerp,road,Delayed,Electronics,USD,2023-07-19,2023-07-28,216.6,1835.2,9373.2,36.0,167639.89,3875.69,4,5,6.5,0.1266,0.0078,0.4741,25.0,2,False
SHP-102218900,CMA_CGM,Jebel_Ali,Baltimore,air,Critical_Delay,Textiles,CNY,2024-01-21,2024-01-22,28.6,7569.3,538.8,0.93,50719.69,1986.04,23,5,84.6,0.22,0.2981,0.4318,23.0,1,True
SHP-103884377,Kuehne_Nagel,Chennai,Mumbai,sea,In_Transit,Food_Beverage,SGD,2023-03-06,2023-04-04,706.0,16143.6,127.8,0.17,17221.85,1314.78,13,0,0.0,0.1154,0.2177,0.2699,,2,False
SHP-101935303,ZIM,Ningbo,Piraeus,rail,Critical_Delay,Machinery,GBP,2022-04-19,2022-04-27,208.2,1578.4,267.5,0.9,1319291.58,37776.46,7,4,1.1,0.2798,0.1994,0.2082,,1,False
SHP-102560132,CMA_CGM,Tokyo,Rotterdam,sea,On_Schedule,Machinery,AED,2024-02-09,2024-02-18,225.9,20844.0,22674.9,38.73,10550.11,279.83,10,3,0.0,0.0544,0.0091,0.0445,,4,True
SHP-101019917,DHL,Dubai,Hamburg,sea,In_Transit,Raw_Materials,USD,2022-06-12,2022-06-20,211.3,2037.1,3812.1,7.78,17468.76,154.31,5,2,0.0,0.0734,0.1968,0.641,,2,True
SHP-103710733,HMM,Jebel_Ali,Los_Angeles,sea,Customs_Hold,Machinery,SGD,2022-08-08,2022-08-17,239.4,17794.0,22287.2,78.0,8067.96,145.53,12,2,0.0,0.3526,0.101,0.4032,-4.2,2,True
SHP-103025830,Maersk,Colombo,Mumbai,rail,Critical_Delay,Raw_Materials,AED,2022-10-03,2022-10-06,81.8,4492.1,640.9,1.17,432017.54,16118.72,10,1,10.5,0.1378,0.2517,0.4044,,2,True
SHP-104085283,DHL,Jebel_Ali,New_York,sea,Delivered,Raw_Materials,EUR,2023-06-22,2023-07-12,490.7,9597.2,1164.3,3.47,2552.94,155.27,12,5,8.1,0.6334,0.0759,0.2894,,4,False
SHP-104433916,UPS,Port_Klang,Antwerp,rail,In_Transit,Machinery,AED,2022-03-29,2022-03-30,30.0,7297.0,514.1,0.84,43293.04,3181.59,9,0,0.0,0.1074,0.4318,0.2746,,2,True
SHP-102218599,ONE,Jebel_Ali,Miami,sea,In_Transit,Chemicals,AED,2023-03-20,2023-03-25,138.4,3084.9,209.8,0.37,424774.36,7976.64,21,1,0.0,0.3011,0.1206,0.2209,,4,True
SHP-102258445,ONE,Felixstowe,Rotterdam,sea,Delayed,Automotive,USD,2024-09-27,2024-10-16,475.7,10699.0,228.5,0.57,139697.36,4179.86,7,4,28.8,0.1931,0.1252,0.3384,1.6,3,True
SHP-103113006,Yang_Ming,Hamburg,Miami,road,Delayed,Perishables,AED,2024-10-17,2024-10-22,135.1,4690.5,600.8,1.99,628.46,46.35,4,0,2.6,0.2691,0.1108,0.4175,,4,True
SHP-103806241,HMM,Shanghai,Miami,sea,Critical_Delay,Chemicals,GBP,2023-06-23,2023-07-05,290.2,2695.2,2195.2,3.39,5937.17,181.62,7,1,5.2,0.5084,0.5508,0.3102,,3,False
SHP-102918236,ZIM,Guangzhou,Dubai,sea,On_Schedule,Textiles,GBP,2024-07-08,2024-07-17,236.9,3205.2,5040.7,6.66,61114.74,1512.81,16,3,0.0,0.2477,0.063,0.4124,,3,True
SHP-104046340,Yang_Ming,Colombo,Los_Angeles,air,On_Schedule,Textiles,USD,2023-03-04,2023-03-05,36.5,12232.6,415.2,0.76,37770.29,1814.6,10,2,0.0,0.2553,0.2057,0.1603,,4,True
SHP-101839273,Hapag-Lloyd,Port_Klang,Felixstowe,road,In_Transit,Chemicals,AED,2024-03-30,2024-04-01,65.5,6448.7,546.8,0.71,79732.57,1533.1,21,1,0.0,0.3537,0.2017,0.344,,2,True
SHP-103139264,FedEx,Tokyo,Felixstowe,rail,On_Schedule,Textiles,CNY,2024-07-16,2024-07-22,157.9,2563.0,33327.6,76.05,1618374.22,99365.62,6,1,0.0,0.3972,0.4228,0.1258,,4,True
SHP-102527415,DHL,Chennai,Dubai,sea,In_Transit,Consumer_Goods,AED,2022-07-14,2022-07-27,329.7,6041.5,4372.7,13.43,2238.86,81.03,18,2,0.0,0.2664,0.0809,0.7926,,3,False
SHP-100256398,Evergreen,Dubai,Valencia,sea,In_Transit,Machinery,USD,2024-03-22,2024-04-19,690.1,13621.7,3965.8,6.51,38241.19,485.66,17,5,0.0,0.141,0.2393,0.5368,,3,True
SHP-104113923,DB_Schenker,Guangzhou,Rotterdam,air,In_Transit,Machinery,GBP,2024-10-17,2024-10-18,29.0,4258.3,132.1,0.57,79143.18,794.78,19,0,0.0,0.2174,0.3982,0.0912,8.1,4,True
SHP-102160002,CMA_CGM,Rotterdam,Singapore,sea,Customs_Hold,Automotive,USD,2024-09-05,2024-09-22,427.6,16489.2,101.9,0.15,193447.7,11835.97,13,1,0.0,0.16,0.3945,0.7148,,1,False
SHP-101920128,DB_Schenker,Tokyo,New_York,sea,Delivered,Electronics,CNY,2022-04-12,2022-04-29,417.8,19729.4,37083.6,64.29,51959.76,894.97,21,4,5.0,0.1519,0.4595,0.2162,,2,True
SHP-100232528,DB_Schenker,Dubai,Miami,air,At_Port,Food_Beverage,SGD,2022-10-16,2022-10-18,50.7,6509.5,4244.3,7.84,257480.59,10698.26,19,3,0.0,0.3415,0.1678,0.3765,,1,True
SHP-104435183,ZIM,Felixstowe,Mumbai,sea,In_Transit,Automotive,EUR,2024-06-20,2024-06-28,213.7,3802.7,320.0,0.44,156672.3,10131.07,12,3,0.0,0.3032,0.5089,0.3824,,2,False
SHP-100878617,CMA_CGM,Antwerp,Le_Havre,sea,Delayed,Perishables,SGD,2024-09-13,2024-09-24,274.4,2322.5,2043.3,4.32,9689.59,490.22,4,5,50.9,0.2799,0.3079,0.5438,,1,True
SHP-102629939,DHL,Ningbo,Piraeus,sea,In_Transit,Automotive,GBP,2022-11-30,2022-12-25,605.3,9312.3,124.6,0.18,17632.55,1153.29,19,3,0.0,0.2688,0.1001,0.2357,,4,True
SHP-102547977,ONE,Felixstowe,Genoa,road,At_Port,Machinery,AED,2022-12-24,2023-01-01,196.1,3905.3,5864.7,15.46,340341.78,22856.28,9,0,0.0,0.3016,0.3239,0.1024,-15.4,3,False
SHP-104652523,COSCO,Antwerp,New_York,air,Customs_Hold,Textiles,USD,2023-07-20,2023-07-20,22.8,4070.7,3262.0,7.1,29947.74,897.66,5,4,0.0,0.4675,0.0273,0.1971,27.5,1,False
SHP-101732916,Kuehne_Nagel,Rotterdam,Los_Angeles,air,On_Schedule,Consumer_Goods,AED,2022-02-28,2022-03-01,26.1,10606.9,1173.9,2.33,252675.18,3115.01,13,5,0.0,0.3856,0.2606,0.2323,-1.6,3,True
SHP-102620070,DB_Schenker,Singapore,Los_Angeles,sea,On_Schedule,Raw_Materials,GBP,2022-03-26,2022-04-15,496.8,7618.7,682.6,1.03,33144.26,2007.94,6,5,0.0,0.2421,0.1077,0.1187,,4,True
SHP-103873493,MSC,Melbourne,Valencia,road,On_Schedule,Textiles,USD,2022-06-15,2022-06-17,65.1,642.4,2595.4,3.53,39568805.99,2537715.9,8,5,0.0,0.1643,0.143,0.3305,,2,False
SHP-104117207,DHL,Rotterdam,Felixstowe,air,At_Port,Raw_Materials,SGD,2023-09-24,2023-09-25,45.6,6014.6,35455.9,95.7,122910.17,7900.08,2,2,0.0,0.1715,0.219,0.203,,3,True
SHP-100254001,Yang_Ming,Jebel_Ali,Felixstowe,air,In_Transit,Chemicals,SGD,2023-02-22,2023-02-24,50.7,11090.5,12594.2,33.15,24684.48,1792.04,23,5,0.0,0.3236,0.0894,0.2679,,4,False
SHP-103794929,CMA_CGM,Rotterdam,Felixstowe,air,In_Transit,Chemicals,CNY,2022-12-16,2022-12-17,29.4,943.2,34.1,0.06,375678.12,16984.87,3,2,0.0,0.3421,0.2065,0.3059,18.8,2,True
SHP-103718737,UPS,Busan,Mumbai,sea,At_Port,Perishables,CNY,2022-11-23,2022-12-20,652.9,15540.0,3430.3,5.74,3916.08,255.41,19,3,0.0,0.3793,0.0851,0.4583,,4,False
SHP-103873378,MSC,Hamburg,Le_Havre,road,On_Schedule,Consumer_Goods,CNY,2023-05-13,2023-05-22,216.5,1499.6,41.3,0.15,13920.34,747.45,4,5,0.0,0.4388,0.112,0.6223,10.4,3,False
SHP-101129929,CMA_CGM,Tokyo,Baltimore,rail,On_Schedule,Consumer_Goods,EUR,2022-03-24,2022-03-28,101.5,1787.9,2488.7,4.09,68389.15,2868.64,12,3,0.0,0.2858,0.0881,0.1756,,4,True
SHP-103592081,DB_Schenker,Busan,Felixstowe,rail,Delayed,Food_Beverage,USD,2024-10-18,2024-10-24,163.2,6804.8,66.2,0.11,4116.38,162.97,19,4,18.2,0.0943,0.1098,0.4906,,1,True
SHP-104479084,UPS,Melbourne,Antwerp,sea,At_Port,Food_Beverage,USD,2022-07-07,2022-07-14,191.9,16046.3,348.1,0.73,178299.22,10629.43,6,1,0.0,0.3895,0.0394,0.1418,,3,False
SHP-100951354,Yang_Ming,Melbourne,Felixstowe,sea,On_Schedule,Textiles,CNY,2023-06-25,2023-07-06,278.1,20397.6,3888.3,10.42,58286.53,915.26,19,1,0.0,0.6163,0.237,0.3574,,3,True
SHP-102552846,Hapag-Lloyd,Singapore,Singapore,air,In_Transit,Textiles,AED,2022-03-08,2022-03-08,21.5,5930.6,152.2,0.23,13036.66,679.27,14,5,0.0,0.4126,0.1301,0.1493,14.3,1,True
SHP-102643653,Hapag-Lloyd,Dubai,New_York,rail,In_Transit,Chemicals,SGD,2023-12-17,2023-12-19,70.5,1899.4,1732.9,7.65,37442.86,1105.54,2,5,0.0,0.2675,0.186,0.2793,,1,True
SHP-101448724,FedEx,Port_Klang,Houston,air,In_Transit,Perishables,GBP,2022-01-04,2022-01-05,36.1,10352.3,61438.3,87.29,10221.89,162.4,12,1,0.0,0.0236,0.2775,0.3812,,3,True
SHP-104792630,Yang_Ming,Rotterdam,Miami,sea,On_Schedule,Pharmaceuticals,USD,2022-01-10,2022-01-30,483.2,15793.1,10.7,0.02,88546.78,5502.0,15,2,0.0,0.1814,0.0114,0.4312,,2,True
SHP-102056446,UPS,Chennai,Hamburg,sea,On_Schedule,Electronics,USD,2023-09-26,2023-10-10,345.2,8588.2,264.4,0.48,20767.36,564.99,1,4,0.0,0.5134,0.0685,0.2848,,2,True
SHP-100800055,DB_Schenker,Shanghai,Singapore,road,On_Schedule,Consumer_Goods,EUR,2022-08-18,2022-08-27,238.4,6020.5,63622.6,184.87,38757.74,856.37,9,2,0.0,0.1309,0.2932,0.5624,,2,True
SHP-102235862,DHL,Chennai,Valencia,rail,In_Transit,Machinery,GBP,2024-02-17,2024-02-22,140.7,5415.2,3370.1,10.36,3611.97,130.46,15,5,0.0,0.4135,0.2162,0.2197,,2,False
SHP-101691279,Maersk,Singapore,Antwerp,sea,In_Transit,Machinery,GBP,2024-09-01,2024-09-06,130.8,18599.1,246.4,0.6,13884.65,810.31,12,1,0.0,0.2945,0.1255,0.3854,,2,True
SHP-101557795,COSCO,Felixstowe,Antwerp,sea,On_Schedule,Raw_Materials,GBP,2024-04-30,2024-05-24,577.9,21163.9,33956.4,60.46,6534.31,178.22,10,5,0.0,0.3456,0.1353,0.3019,,3,False
SHP-104026544,CMA_CGM,Tokyo,Dubai,road,On_Schedule,Machinery,EUR,2023-01-17,2023-01-18,35.7,4688.3,108146.2,441.51,54765.26,1866.13,9,5,0.0,0.1584,0.1346,0.2529,0.1,4,True
SHP-102991804,COSCO,Tokyo,Bremen,air,On_Schedule,Automotive,EUR,2024-06-24,2024-06-26,56.2,3191.1,244.6,0.7,4255.41,179.7,7,3,0.0,0.0616,0.1224,0.8006,,4,True
SHP-100074118,MSC,Ningbo,Singapore,sea,Delayed,Electronics,CNY,2022-06-07,2022-06-25,449.1,16781.4,43.0,0.06,20178.95,1396.3,14,5,5.2,0.3421,0.1436,0.1644,-18.1,3,True
SHP-102693046,Kuehne_Nagel,Mumbai,Houston,road,In_Transit,Food_Beverage,CNY,2022-11-15,2022-11-21,162.2,5217.0,19150.6,60.95,63297.57,730.3,21,1,0.0,0.3946,0.1671,0.5454,-3.0,2,False
SHP-101481809,DHL,Sydney,Los_Angeles,road,At_Port,Electronics,AED,2024-12-13,2024-12-14,25.5,3022.0,698.6,0.88,37796.9,1896.5,1,5,0.0,0.1451,0.2413,0.5187,,2,True
SHP-100309677,DHL,Busan,Barcelona,sea,In_Transit,Electronics,SGD,2022-04-03,2022-04-19,406.2,8915.8,1292.8,1.67,36796.01,1930.5,23,1,0.0,0.397,0.2561,0.287,,4,False
SHP-104137953,COSCO,Mundra,Valencia,sea,In_Transit,Perishables,EUR,2022-01-23,2022-02-20,681.8,13221.3,355.0,0.62,202981.57,6432.24,6,4,0.0,0.2641,0.0932,0.4448,,4,False
SHP-103938234,ONE,Busan,Singapore,sea,Delayed,Machinery,CNY,2024-09-10,2024-09-24,353.3,17217.9,1609.9,3.66,410446.78,3409.19,6,2,44.5,0.1461,0.077,0.7006,-13.7,3,False
SHP-100937531,Maersk,Sydney,Houston,sea,At_Port,Food_Beverage,SGD,2024-06-27,2024-07-21,587.4,6348.0,425.3,1.7,94473.98,2261.14,3,0,0.0,0.106,0.2277,0.3017,,1,False
SHP-102905833,ZIM,Sydney,Mumbai,sea,On_Schedule,Pharmaceuticals,SGD,2022-04-03,2022-04-14,272.8,3069.2,2677.1,3.47,21548.51,883.42,23,5,0.0,0.6634,0.1366,0.4386,,1,True
SHP-104445277,DB_Schenker,Mundra,Piraeus,sea,Customs_Hold,Electronics,CNY,2022-10-05,2022-10-26,514.3,18538.1,4391.7,10.15,16326.96,633.78,6,3,0.0,0.1326,0.0315,0.0405,,1,False
SHP-102131385,UPS,Felixstowe,Savannah,sea,In_Transit,Consumer_Goods,AED,2024-03-14,2024-03-24,248.2,13658.1,96496.6,138.55,29250.69,1390.73,24,0,0.0,0.3345,0.5225,0.2317,,1,True
SHP-101627178,UPS,Hamburg,Singapore,sea,Customs_Hold,Consumer_Goods,EUR,2022-12-01,2022-12-26,605.8,16467.8,196.9,0.32,1543.27,20.15,6,3,0.0,0.2128,0.2363,0.1608,,1,False
SHP-101039434,DHL,Colombo,Baltimore,sea,Delayed,Chemicals,CNY,2023-12-25,2023-12-29,118.0,8679.2,13014.5,25.97,32580.6,2502.54,10,1,65.7,0.4573,0.0975,0.5402,,2,True
SHP-101679567,FedEx,Hamburg,Le_Havre,road,On_Schedule,Machinery,USD,2023-09-29,2023-10-08,229.9,2582.0,1571.8,5.5,16199172.38,879840.8,7,1,0.0,0.3478,0.0391,0.3605,,1,True
SHP-101022144,Yang_Ming,Shanghai,Mumbai,air,In_Transit,Automotive,EUR,2022-06-27,2022-06-27,23.1,7178.9,47220.6,195.6,18396.99,814.03,4,1,0.0,0.4588,0.2426,0.5483,,3,True
SHP-101984704,CMA_CGM,Melbourne,Sydney,sea,On_Schedule,Perishables,GBP,2022-10-17,2022-10-29,291.6,2491.8,1404.8,1.94,63844.35,3594.09,10,3,0.0,0.278,0.0962,0.2986,3.1,2,True
SHP-100034130,Hapag-Lloyd,Chennai,Miami,sea,At_Port,Perishables,AED,2022-11-13,2022-11-20,189.4,21503.3,12175.4,21.02,444304.03,29241.33,1,1,0.0,0.1529,0.1724,0.5627,,4,True
SHP-104328712,ONE,Chennai,Felixstowe,sea,On_Schedule,Consumer_Goods,GBP,2022-07-21,2022-08-06,390.6,21370.9,2064.7,5.37,62057.94,3069.66,15,2,0.0,0.068,0.0678,0.0984,,3,True
SHP-102747025,Kuehne_Nagel,Antwerp,Singapore,air,Delayed,Raw_Materials,EUR,2023-07-10,2023-07-12,71.9,520.0,73.0,0.1,1086722.57,30901.13,4,1,7.7,0.5036,0.0711,0.276,,4,True
SHP-103969854,Yang_Ming,Sydney,Le_Havre,sea,On_Schedule,Machinery,AED,2023-07-03,2023-07-17,345.7,5071.8,549.4,1.16,2816.62,208.74,13,4,0.0,0.0114,0.2509,0.1386,,1,True
SHP-103669121,Maersk,Chennai,Baltimore,sea,Customs_Hold,Pharmaceuticals,USD,2022-08-20,2022-09-17,691.2,16432.4,658.8,2.14,109162.87,6020.84,8,4,0.0,0.316,0.048,0.2476,,4,True
SHP-104899520,ONE,Singapore,Valencia,air,Customs_Hold,Electronics,GBP,2023-01-03,2023-01-03,23.7,13612.4,11132.6,18.32,7880.56,407.75,19,5,0.0,0.3507,0.1291,0.5199,12.4,1,True
SHP-102157704,UPS,Mumbai,New_York,sea,On_Schedule,Perishables,CNY,2022-08-31,2022-09-06,162.8,16605.1,572.5,2.02,31606.95,2187.82,14,5,0.0,0.3273,0.2074,0.2295,,1,True
SHP-103630231,ONE,Ningbo,Rotterdam,air,On_Schedule,Chemicals,EUR,2022-08-15,2022-08-15,12.6,674.7,79479.4,195.55,34036.26,783.43,12,4,0.0,0.6558,0.2401,0.3728,,3,True
SHP-100038380,FedEx,Busan,Sydney,air,Delayed,Food_Beverage,CNY,2023-03-05,2023-03-06,42.2,5243.2,5655.5,14.84,141306.23,3529.42,9,0,19.6,0.124,0.5745,0.3509,,3,False
SHP-100678228,FedEx,Melbourne,Bremen,sea,On_Schedule,Pharmaceuticals,AED,2024-06-10,2024-07-05,602.4,15858.7,1632.1,2.23,10134.1,755.06,11,1,0.0,0.5354,0.0512,0.4781,23.0,4,True
SHP-102071994,ZIM,Tanjung_Pelepas,Sydney,sea,At_Port,Chemicals,EUR,2024-05-19,2024-05-29,259.5,1408.0,2511.4,3.37,158941.28,7072.34,1,3,0.0,0.3567,0.0358,0.3045,9.7,2,False
SHP-104075221,DHL,Tokyo,Los_Angeles,sea,On_Schedule,Perishables,AED,2023-05-19,2023-06-17,716.5,5938.1,5309.0,14.01,321.55,4.81,4,3,0.0,0.4026,0.0832,0.2431,,4,False
SHP-102495100,COSCO,Tanjung_Pelepas,Savannah,sea,Delayed,Machinery,SGD,2022-06-22,2022-07-21,706.8,3168.7,1427.1,2.24,26179.13,571.0,23,5,18.3,0.1229,0.3527,0.5492,,2,False
SHP-102816560,Yang_Ming,Hamburg,Genoa,sea,In_Transit,Food_Beverage,USD,2022-07-05,2022-07-26,513.5,21761.5,8737.6,14.72,11026.52,314.11,19,1,0.0,0.5978,0.0813,0.3002,,3,True
SHP-100903308,DB_Schenker,Jebel_Ali,Rotterdam,air,On_Schedule,Pharmaceuticals,SGD,2024-06-25,2024-06-26,29.7,2855.1,18624.5,38.86,265458.49,17504.42,22,4,0.0,0.2734,0.0302,0.336,,1,True
SHP-104238350,Evergreen,Ningbo,Bremen,sea,At_Port,Pharmaceuticals,USD,2024-04-15,2024-05-07,544.8,2933.0,5250.8,20.49,2252.6,126.07,1,1,0.0,0.4183,0.2965,0.6944,,3,True
SHP-101886291,HMM,Busan,Singapore,road,On_Schedule,Raw_Materials,AED,2024-12-30,2025-01-02,89.3,2349.7,2985.6,8.38,28802.06,1305.39,16,4,0.0,0.3187,0.3187,0.1504,,1,True
SHP-100461226,Evergreen,Guangzhou,Singapore,sea,On_Schedule,Consumer_Goods,AED,2022-02-12,2022-03-01,424.8,9575.0,33589.9,109.26,246735.99,7909.66,3,0,0.0,0.1837,0.6125,0.3973,,4,True
SHP-102511345,HMM,Tokyo,Savannah,sea,In_Transit,Chemicals,SGD,2024-01-30,2024-02-26,671.3,16374.8,6795.1,13.25,44704.23,493.61,1,1,0.0,0.2305,0.1772,0.4203,21.8,3,True
SHP-100804893,UPS,Antwerp,Los_Angeles,air,In_Transit,Pharmaceuticals,GBP,2023-01-06,2023-01-08,68.5,4171.6,329.0,0.49,102108.04,5931.27,18,2,0.0,0.3288,0.2894,0.3691,-14.9,4,True
SHP-102047369,CMA_CGM,Ningbo,Mumbai,sea,Critical_Delay,Machinery,GBP,2024-04-08,2024-04-24,400.0,21982.7,4116.1,7.85,1491039.11,12991.28,9,0,6.0,0.4289,0.1707,0.2342,,3,False
SHP-102779959,Maersk,Shanghai,Le_Havre,rail,In_Transit,Automotive,CNY,2024-03-12,2024-03-19,172.0,2697.0,1140.4,3.26,100044.25,1714.87,14,0,0.0,0.1692,0.4191,0.2165,-19.6,4,False
SHP-104460082,Kuehne_Nagel,Ningbo,Singapore,sea,Delayed,Food_Beverage,AED,2022-07-12,2022-07-26,353.5,3422.5,373.9,0.67,226166.1,16453.99,12,1,31.2,0.3198,0.1081,0.7961,,4,False
SHP-104626592,ONE,Antwerp,Miami,rail,On_Schedule,Machinery,GBP,2024-05-09,2024-05-13,104.3,6646.2,217.2,0.42,1160729.17,27119.32,15,5,0.0,0.2927,0.1723,0.1764,,1,False
SHP-104811431,Yang_Ming,Chennai,Los_Angeles,sea,In_Transit,Machinery,GBP,2023-08-16,2023-09-10,623.6,18489.5,12538.5,18.96,12910.42,660.26,10,1,0.0,0.1629,0.3303,0.2583,,3,False
SHP-104712150,MSC,Melbourne,Le_Havre,sea,In_Transit,Pharmaceuticals,EUR,2022-07-15,2022-07-20,121.1,4418.8,32323.9,84.21,2291761.2,159104.94,2,1,0.0,0.7118,0.2508,0.1454,,4,True
SHP-103876373,Evergreen,Mundra,Bremen,sea,Delayed,Consumer_Goods,USD,2024-12-01,2024-12-07,144.1,16295.5,23001.5,30.0,100365.87,3909.97,19,0,30.0,0.2845,0.073,0.3274,,2,True
SHP-102049350,ZIM,Jebel_Ali,Rotterdam,road,In_Transit,Chemicals,USD,2024-05-19,2024-05-21,67.1,5339.0,2916.8,12.65,136750.62,3491.73,22,0,0.0,0.4459,0.2238,0.0978,,1,True
SHP-103046235,DHL,Mumbai,Mumbai,sea,Critical_Delay,Electronics,SGD,2022-02-17,2022-03-03,351.7,10436.5,2785.0,7.4,789.65,60.84,14,4,37.2,0.1435,0.0844,0.1138,,3,False
SHP-101346894,Kuehne_Nagel,Tanjung_Pelepas,Bremen,sea,On_Schedule,Machinery,USD,2023-10-01,2023-10-25,587.5,19034.5,80396.5,158.11,2215.23,175.04,20,0,0.0,0.5099,0.0224,0.3336,,4,False
SHP-102913028,MSC,Mumbai,Barcelona,road,In_Transit,Machinery,EUR,2023-10-02,2023-10-04,48.6,297.3,1438.8,1.84,93748.74,2224.76,9,5,0.0,0.3007,0.0116,0.4092,,4,False
SHP-101949073,Yang_Ming,Port_Klang,Antwerp,rail,Delivered,Electronics,USD,2023-01-22,2023-01-31,234.8,2510.3,444.9,0.86,159911.33,6832.86,11,2,37.7,0.2229,0.3486,0.1925,,2,False
SHP-101658053,ONE,Colombo,Barcelona,road,Customs_Hold,Consumer_Goods,SGD,2022-10-10,2022-10-11,30.7,3357.3,6846.6,13.69,106131.31,6928.45,3,3,0.0,0.1206,0.1713,0.5507,,3,False
SHP-100160811,DB_Schenker,Antwerp,Piraeus,road,Delayed,Electronics,SGD,2022-02-15,2022-02-17,68.1,7559.7,4277.8,6.53,14379.17,792.25,15,3,12.3,0.2547,0.1664,0.3038,3.4,3,False
SHP-100396471,ZIM,Sydney,Singapore,road,Customs_Hold,Food_Beverage,SGD,2023-06-11,2023-06-14,76.6,6159.5,186.0,0.24,349327.35,8953.75,3,4,0.0,0.5079,0.0751,0.0972,,4,True
SHP-103230912,DB_Schenker,Hamburg,Savannah,sea,In_Transit,Food_Beverage,CNY,2024-10-20,2024-11-08,478.3,9552.0,84790.1,215.47,16934.17,235.25,17,0,0.0,0.2519,0.2134,0.3604,-0.7,1,False
SHP-103895935,MSC,Guangzhou,Dubai,sea,On_Schedule,Machinery,EUR,2023-06-28,2023-07-19,513.8,8547.4,1077.3,3.06,3064388.27,84937.27,21,4,0.0,0.5119,0.2008,0.3056,,2,True
SHP-100384030,Maersk,Felixstowe,Felixstowe,rail,On_Schedule,Textiles,GBP,2024-04-16,2024-04-24,199.7,6358.2,2602.3,3.32,6220.19,47.97,10,5,0.0,0.2547,0.3345,0.5424,,1,True
SHP-101720896,Maersk,Sydney,Los_Angeles,rail,Delayed,Food_Beverage,SGD,2023-10-13,2023-10-19,156.2,3531.1,6814.6,8.57,1359476.06,54888.14,2,4,24.6,0.2692,0.3356,0.1254,,4,True
SHP-103819868,Yang_Ming,Colombo,Le_Havre,sea,In_Transit,Electronics,SGD,2023-07-20,2023-07-27,187.7,8063.9,2332.2,6.71,1899.78,59.0,2,5,0.0,0.1519,0.1078,0.1807,,3,False
SHP-101037542,Evergreen,Tanjung_Pelepas,Dubai,rail,In_Transit,Raw_Materials,EUR,2023-09-02,2023-09-10,210.2,1192.6,32145.2,133.01,265405.74,15028.89,24,1,0.0,0.247,0.1663,0.1801,,1,False
SHP-101901646,Hapag-Lloyd,Port_Klang,Singapore,sea,In_Transit,Perishables,USD,2022-04-07,2022-04-15,203.2,18684.2,10715.3,28.77,6514.12,47.85,4,0,0.0,0.543,0.1962,0.4434,,3,False
SHP-101469349,Hapag-Lloyd,Tanjung_Pelepas,Felixstowe,sea,On_Schedule,Consumer_Goods,EUR,2022-11-15,2022-12-12,669.3,14202.3,2662.4,11.95,1995.29,16.26,7,4,0.0,0.362,0.164,0.4771,11.7,1,True
SHP-102684546,UPS,Rotterdam,Bremen,air,At_Port,Chemicals,GBP,2023-09-18,2023-09-19,37.7,10621.8,3608.1,7.48,11119.83,391.91,6,2,0.0,0.071,0.09,0.5462,15.9,1,False
SHP-104899986,UPS,Colombo,Miami,sea,In_Transit,Electronics,USD,2022-11-12,2022-12-10,690.9,1934.1,3376.6,10.8,12545.05,507.99,2,2,0.0,0.2745,0.3647,0.2742,27.6,1,True
SHP-104999717,COSCO,Chennai,Sydney,sea,In_Transit,Food_Beverage,USD,2023-03-18,2023-04-05,440.2,13230.2,1277.7,4.18,24627.2,891.91,8,3,0.0,0.2044,0.2488,0.3045,,3,True
SHP-104151746,ONE,Port_Klang,Felixstowe,sea,Customs_Hold,Raw_Materials,AED,2024-03-18,2024-03-31,323.1,8236.0,2095.7,9.38,8977.71,323.36,22,2,0.0,0.0331,0.1089,0.2759,,3,True
SHP-100541524,Kuehne_Nagel,Felixstowe,Barcelona,sea,In_Transit,Electronics,SGD,2023-03-10,2023-03-22,299.9,6082.6,1374.7,4.47,3439014.25,215851.14,11,3,0.0,0.3393,0.2825,0.2483,17.0,4,True
SHP-102349434,ONE,Antwerp,Singapore,sea,In_Transit,Pharmaceuticals,GBP,2023-04-25,2023-05-14,461.9,13553.2,99.0,0.2,89655.16,4961.91,15,0,0.0,0.7308,0.0959,0.6081,,2,True
SHP-100550833,DHL,Tanjung_Pelepas,Mumbai,air,At_Port,Pharmaceuticals,SGD,2023-08-07,2023-08-09,54.0,4217.0,5451.4,7.59,8255.3,195.72,10,3,0.0,0.1627,0.1297,0.2048,,3,True
SHP-104438699,COSCO,Shanghai,Dubai,sea,On_Schedule,Raw_Materials,AED,2023-12-02,2023-12-08,163.0,15172.4,1096.6,1.47,3449.33,230.29,9,2,0.0,0.4904,0.1552,0.4023,-18.6,1,True
SHP-102544591,CMA_CGM,Shanghai,Genoa,rail,In_Transit,Raw_Materials,USD,2022-07-23,2022-08-01,217.5,1060.6,1103.4,2.33,260214.5,16118.23,22,2,0.0,0.3671,0.0776,0.4389,,2,False
SHP-102951181,UPS,Ningbo,Antwerp,rail,At_Port,Electronics,EUR,2024-02-20,2024-02-26,144.1,2031.0,100.2,0.14,44956.68,1757.5,21,5,0.0,0.3342,0.0527,0.1111,-13.0,2,False
SHP-101523537,UPS,Dubai,Rotterdam,road,At_Port,Machinery,CNY,2023-09-04,2023-09-06,61.1,4086.9,228.7,0.51,312929.32,9374.02,13,5,0.0,0.6011,0.0913,0.0615,,1,False
SHP-104344221,Hapag-Lloyd,Felixstowe,Le_Havre,sea,Critical_Delay,Machinery,SGD,2022-09-21,2022-10-04,313.0,21890.7,405.2,1.02,21641.05,590.61,3,0,43.3,0.2153,0.1757,0.1304,,4,False
SHP-102828161,FedEx,Dubai,Felixstowe,sea,On_Schedule,Machinery,USD,2022-05-05,2022-05-31,624.4,11005.4,203077.6,261.91,50645.77,3101.06,2,5,0.0,0.4963,0.3974,0.0401,,1,True
SHP-103704307,COSCO,Antwerp,Valencia,rail,In_Transit,Food_Beverage,SGD,2024-07-31,2024-08-05,127.1,1686.2,4503.2,7.73,292933.25,11195.4,5,5,0.0,0.4203,0.0653,0.1244,28.2,2,True
SHP-104197264,MSC,Guangzhou,Barcelona,sea,On_Schedule,Chemicals,SGD,2024-05-06,2024-05-10,118.8,7835.5,1160.4,1.53,101802.05,5014.08,1,3,0.0,0.029,0.1438,0.2393,28.0,1,True
SHP-104823799,Kuehne_Nagel,Port_Klang,Savannah,rail,In_Transit,Raw_Materials,GBP,2022-02-23,2022-03-02,173.0,6981.9,3681.4,4.99,6050.81,468.86,8,3,0.0,0.3031,0.1214,0.1438,,1,True
SHP-100594105,ONE,Port_Klang,Baltimore,sea,On_Schedule,Pharmaceuticals,EUR,2024-03-24,2024-04-21,678.4,6584.7,1472.9,2.67,43831.19,2779.73,2,0,0.0,0.6501,0.4486,0.1237,3.3,1,False
SHP-103673117,ONE,Rotterdam,Piraeus,sea,In_Transit,Electronics,USD,2024-07-24,2024-08-09,392.8,11277.3,411.8,0.88,14478.38,478.8,2,3,0.0,0.0679,0.2043,0.2875,2.1,3,True
SHP-101215757,Hapag-Lloyd,Tanjung_Pelepas,Hamburg,air,In_Transit,Perishables,AED,2024-07-16,2024-07-17,46.6,7662.4,19213.2,24.51,6849.02,544.83,23,3,0.0,0.2108,0.2765,0.6766,-5.8,3,False
SHP-101718822,FedEx,Melbourne,Singapore,sea,On_Schedule,Chemicals,EUR,2022-12-24,2023-01-20,669.1,10604.7,9283.4,13.25,191151.84,8469.39,10,0,0.0,0.1712,0.311,0.1539,,2,False
SHP-103444082,ZIM,Port_Klang,Barcelona,sea,Delayed,Raw_Materials,AED,2023-06-13,2023-07-06,555.0,11611.5,10033.1,42.61,59207.79,3934.56,18,3,18.3,0.1134,0.3512,0.1184,,3,True
SHP-102596889,ZIM,Rotterdam,Genoa,sea,On_Schedule,Automotive,USD,2024-12-25,2025-01-18,594.7,1426.6,2943.3,7.46,298.19,9.74,6,2,0.0,0.2724,0.2197,0.4253,,4,True
SHP-100831553,Evergreen,Sydney,Bremen,sea,At_Port,Food_Beverage,GBP,2023-02-26,2023-03-26,689.3,16640.8,6189.8,15.64,12972.0,216.51,13,1,0.0,0.2992,0.0536,0.4644,,4,True
SHP-103806610,HMM,Antwerp,Mumbai,sea,On_Schedule,Raw_Materials,GBP,2024-04-23,2024-04-28,131.1,6138.4,1243.7,1.63,1290354.73,89564.09,15,5,0.0,0.1572,0.2063,0.7629,,3,True
SHP-102566929,Kuehne_Nagel,Tanjung_Pelepas,Genoa,road,On_Schedule,Perishables,SGD,2023-06-04,2023-06-12,192.6,4294.2,8093.7,17.31,113400.91,8081.37,11,5,0.0,0.2834,0.3131,0.1134,13.8,1,True
SHP-102360815,Evergreen,Tanjung_Pelepas,Hamburg,rail,In_Transit,Chemicals,CNY,2023-07-30,2023-08-01,62.6,6167.3,12.9,0.03,237261.43,5810.38,3,2,0.0,0.2746,0.0078,0.1522,,4,True
SHP-100235469,DHL,Ningbo,Dubai,sea,Critical_Delay,Raw_Materials,GBP,2023-02-15,2023-03-09,533.2,11673.6,3016.7,6.5,12712.53,599.4,12,1,12.1,0.0745,0.1068,0.2025,,1,False
SHP-101131183,UPS,Singapore,Savannah,air,At_Port,Electronics,USD,2024-11-22,2024-11-24,66.9,4182.1,38828.2,186.64,89295.72,2067.16,9,0,0.0,0.4078,0.0732,0.7006,,3,False
SHP-102682417,ZIM,Melbourne,Valencia,road,Customs_Hold,Automotive,CNY,2024-02-01,2024-02-04,82.0,4613.5,13621.9,24.36,1462.0,26.31,14,2,0.0,0.0745,0.0667,0.0935,,1,True
SHP-104386865,CMA_CGM,Port_Klang,Genoa,sea,In_Transit,Machinery,SGD,2022-02-08,2022-03-06,637.1,15639.2,1825.2,4.56,37575.74,1874.76,2,3,0.0,0.1818,0.2204,0.0665,8.0,2,False
SHP-102035389,ONE,Hamburg,Piraeus,sea,In_Transit,Pharmaceuticals,SGD,2024-05-08,2024-06-04,657.1,14543.4,81579.9,105.53,1810943.78,34029.52,13,4,0.0,0.3784,0.0822,0.0551,3.5,4,True
SHP-103867244,UPS,Dubai,Singapore,sea,In_Transit,Consumer_Goods,AED,2024-07-17,2024-08-08,536.2,17847.1,732.8,2.72,88276.91,2357.21,1,1,0.0,0.2067,0.0751,0.4651,,4,True
SHP-104978088,COSCO,Tokyo,Baltimore,road,At_Port,Automotive,USD,2024-11-14,2024-11-16,59.5,6056.8,5687.8,9.34,427091.51,10512.12,5,0,0.0,0.1124,0.0707,0.2234,,4,True
SHP-104534563,DB_Schenker,Dubai,Barcelona,rail,On_Schedule,Textiles,SGD,2023-07-16,2023-07-17,30.2,2824.8,7919.6,13.42,61302.59,3257.96,11,1,0.0,0.086,0.2917,0.3508,23.0,4,False
SHP-101413501,Yang_Ming,Mumbai,Valencia,air,On_Schedule,Perishables,AED,2024-05-16,2024-05-18,53.2,14382.7,1314.0,4.55,48536.28,2199.04,3,5,0.0,0.0382,0.1021,0.2123,-1.0,3,True
SHP-103603896,HMM,Felixstowe,Piraeus,sea,On_Schedule,Pharmaceuticals,GBP,2024-07-27,2024-08-08,310.7,865.1,8335.4,11.0,553.9,6.73,7,4,0.0,0.5392,0.3361,0.2221,,1,True
SHP-103204529,MSC,Mumbai,Rotterdam,air,In_Transit,Food_Beverage,CNY,2022-10-25,2022-10-26,27.0,2428.6,510.2,0.77,20581.48,1605.45,23,4,0.0,0.183,0.1021,0.2296,,3,True
SHP-102567694,HMM,Rotterdam,Piraeus,road,In_Transit,Machinery,CNY,2024-02-18,2024-02-20,57.2,5538.1,42.0,0.1,257501.33,20205.99,22,3,0.0,0.1359,0.1592,0.1588,,1,True
SHP-103392594,DHL,Singapore,Valencia,sea,In_Transit,Automotive,GBP,2024-05-28,2024-06-06,235.9,17850.6,3632.5,7.25,310279.92,9065.85,8,3,0.0,0.5232,0.2351,0.3271,,1,False
SHP-103895912,UPS,Antwerp,New_York,rail,On_Schedule,Machinery,CNY,2023-08-22,2023-08-24,64.3,4235.6,15064.0,22.35,46669.62,502.03,2,5,0.0,0.1993,0.0718,0.6306,0.4,3,True
SHP-104554056,UPS,Hamburg,Felixstowe,sea,In_Transit,Textiles,EUR,2022-01-11,2022-01-27,386.5,20334.4,44819.2,90.62,5011189.23,148033.67,24,1,0.0,0.1996,0.1282,0.4414,25.2,1,False
SHP-100604593,MSC,Busan,Antwerp,sea,Customs_Hold,Chemicals,AED,2022-12-01,2022-12-15,349.1,15487.6,4496.7,9.01,1110939.74,18055.11,14,4,0.0,0.3204,0.0559,0.3807,16.9,4,False
SHP-103405260,Evergreen,Shanghai,Los_Angeles,sea,In_Transit,Raw_Materials,SGD,2024-08-21,2024-09-06,407.9,1353.7,6941.6,8.8,17418.89,624.6,20,0,0.0,0.3364,0.0702,0.4104,,3,False
SHP-100961062,Evergreen,Port_Klang,Valencia,air,At_Port,Electronics,AED,2022-01-25,2022-01-26,30.9,11369.5,2596.8,9.31,2258476.24,31650.69,21,3,0.0,0.1177,0.1332,0.0813,,1,True
SHP-103984440,COSCO,Sydney,Singapore,sea,Delivered,Machinery,SGD,2022-07-31,2022-08-21,508.9,7256.8,9771.4,22.97,42160.66,2450.69,17,4,22.5,0.035,0.2522,0.3976,11.5,2,True
SHP-103369470,DB_Schenker,Shanghai,Dubai,air,On_Schedule,Raw_Materials,SGD,2024-05-06,2024-05-06,23.0,14443.9,8530.1,15.36,2992360.28,226773.48,6,4,0.0,0.3241,0.2777,0.659,,2,True
SHP-102994684,ZIM,Hamburg,Mumbai,air,In_Transit,Electronics,CNY,2022-03-20,2022-03-20,22.6,10934.7,2759.7,5.17,103941.59,6381.35,10,4,0.0,0.6613,0.4749,0.443,5.0,3,True
SHP-103563061,UPS,Mundra,Savannah,sea,On_Schedule,Chemicals,AED,2023-05-29,2023-06-05,175.4,12049.4,611.2,0.98,3423.94,146.88,19,3,0.0,0.1368,0.2997,0.1511,,4,False
SHP-103903901,ONE,Singapore,Singapore,road,In_Transit,Chemicals,EUR,2023-01-27,2023-01-28,45.5,1426.6,13705.1,34.75,43043.19,1725.14,9,3,0.0,0.4384,0.0528,0.7339,,2,False
SHP-103675668,CMA_CGM,Ningbo,Los_Angeles,sea,In_Transit,Chemicals,GBP,2023-04-14,2023-05-09,609.0,21605.8,4438.9,11.18,63062.31,2750.87,9,4,0.0,0.4059,0.23,0.4806,,2,True
SHP-103370202,ZIM,Tanjung_Pelepas,Le_Havre,sea,In_Transit,Consumer_Goods,SGD,2024-01-20,2024-02-18,717.7,15841.7,732.0,1.89,1058775.37,83087.93,1,3,0.0,0.1261,0.4758,0.1351,,2,False
SHP-102212815,HMM,Melbourne,Savannah,road,On_Schedule,Raw_Materials,SGD,2022-02-10,2022-02-15,138.8,1382.0,1800.3,2.33,224436.39,10630.6,19,2,0.0,0.094,0.0688,0.3227,28.8,1,True
SHP-102439996,UPS,Port_Klang,Houston,sea,On_Schedule,Perishables,SGD,2022-10-26,2022-11-01,166.5,5950.4,375.0,0.85,15828.38,1190.58,18,3,0.0,0.0442,0.2377,0.4021,,4,True
SHP-100812986,Evergreen,Colombo,Singapore,sea,At_Port,Electronics,USD,2023-01-23,2023-02-06,359.3,11216.8,1127.6,1.66,1774.13,18.74,10,1,0.0,0.0795,0.1371,0.088,,3,False
SHP-102673430,COSCO,Guangzhou,Mumbai,sea,In_Transit,Automotive,SGD,2023-09-11,2023-10-02,507.7,14190.1,2989.6,4.88,84284.44,1106.22,10,3,0.0,0.4015,0.139,0.7468,,3,False
SHP-103266096,COSCO,Singapore,Barcelona,rail,In_Transit,Perishables,GBP,2022-08-24,2022-08-30,158.4,4166.7,12397.5,16.89,126960.04,1010.33,20,3,0.0,0.2389,0.1108,0.5794,,1,True
SHP-103943289,Hapag-Lloyd,Felixstowe,Barcelona,rail,On_Schedule,Raw_Materials,CNY,2023-04-26,2023-04-30,99.1,1398.2,1927.9,2.7,163837.04,821.57,3,1,0.0,0.2827,0.1744,0.0818,-13.6,4,True
SHP-100987595,DB_Schenker,Singapore,New_York,rail,On_Schedule,Electronics,AED,2022-10-28,2022-11-03,152.9,4695.6,202.3,0.26,107147.79,6680.14,13,1,0.0,0.4376,0.3033,0.2359,-2.7,1,True
SHP-103928695,Hapag-Lloyd,Tokyo,Los_Angeles,sea,Delayed,Consumer_Goods,USD,2024-08-29,2024-09-09,280.8,17427.4,122.3,0.15,219380.11,5165.68,21,2,9.4,0.232,0.0261,0.2853,8.0,3,True
SHP-102289063,Evergreen,Hamburg,Valencia,sea,On_Schedule,Raw_Materials,CNY,2022-07-17,2022-08-12,646.8,19359.4,24521.0,41.29,370871.53,5812.61,11,4,0.0,0.4171,0.2117,0.0689,1.5,1,True
SHP-103276755,HMM,Singapore,Sydney,road,On_Schedule,Electronics,EUR,2024-04-14,2024-04-16,55.5,1662.6,847.4,1.45,18025.77,612.25,4,4,0.0,0.1656,0.0478,0.3864,23.1,3,True
SHP-101129919,COSCO,Jebel_Ali,Bremen,sea,In_Transit,Machinery,SGD,2024-05-27,2024-06-24,692.3,18056.9,31320.1,61.93,95977.86,7026.19,2,3,0.0,0.2018,0.3464,0.1479,3.3,3,False
SHP-102170016,UPS,Rotterdam,Rotterdam,air,Customs_Hold,Pharmaceuticals,SGD,2022-12-08,2022-12-09,27.0,14052.4,29869.0,78.46,262.96,16.23,13,5,0.0,0.2274,0.531,0.0542,,3,False
SHP-101546971,Yang_Ming,Colombo,Houston,rail,On_Schedule,Textiles,EUR,2024-10-11,2024-10-15,118.3,6513.3,11822.7,21.54,157396.09,9731.6,4,2,0.0,0.5724,0.0668,0.2409,,4,False
SHP-104901903,HMM,Hamburg,Genoa,sea,In_Transit,Food_Beverage,AED,2023-03-16,2023-04-01,402.0,9028.8,3602.5,5.15,68672.89,982.56,15,3,0.0,0.3464,0.0997,0.3904,,1,True
SHP-102877259,Maersk,Tokyo,Piraeus,road,In_Transit,Chemicals,GBP,2023-08-16,2023-08-22,158.6,3006.5,184.1,0.33,7868.25,474.85,20,0,0.0,0.1808,0.0293,0.5727,,4,False
SHP-103346845,UPS,Tanjung_Pelepas,Valencia,sea,In_Transit,Automotive,AED,2024-01-13,2024-01-18,129.1,7505.0,417.5,0.56,38431.27,3044.09,16,1,0.0,0.666,0.0536,0.2326,,3,True
SHP-101163360,Kuehne_Nagel,Colombo,Le_Havre,road,Customs_Hold,Chemicals,GBP,2023-06-28,2023-07-07,227.9,5779.9,2532.5,6.28,3122.88,219.87,16,1,0.0,0.1175,0.0631,0.3568,,3,True
SHP-104111802,Maersk,Jebel_Ali,Los_Angeles,sea,Delivered,Consumer_Goods,EUR,2023-01-05,2023-01-20,361.2,11716.3,1771.2,3.52,101339.92,651.69,22,2,64.1,0.1384,0.2901,0.1718,,4,True
SHP-101381564,Yang_Ming,Mumbai,Antwerp,sea,On_Schedule,Machinery,AED,2022-05-25,2022-06-22,681.8,19191.3,2838.3,8.6,203566.54,14270.68,14,3,0.0,0.2559,0.2521,0.2366,15.9,1,False
SHP-103022727,DHL,Chennai,Valencia,rail,On_Schedule,Raw_Materials,AED,2022-07-05,2022-07-14,236.6,6851.8,8864.8,13.71,6038.84,234.52,19,2,0.0,0.6843,0.0682,0.3339,,2,False
SHP-102211708,FedEx,Sydney,Valencia,rail,In_Transit,Machinery,GBP,2023-11-12,2023-11-19,191.2,7807.1,68.8,0.26,3264.0,131.69,2,5,0.0,0.3245,0.1817,0.1482,19.4,4,False
SHP-104499842,COSCO,Busan,Dubai,sea,On_Schedule,Textiles,AED,2024-07-31,2024-08-07,170.6,19174.9,11398.3,31.1,40365.76,2112.64,5,5,0.0,0.412,0.2347,0.8273,,1,True
SHP-100110045,Hapag-Lloyd,Port_Klang,Bremen,road,At_Port,Automotive,USD,2024-02-25,2024-03-01,125.0,5259.5,17095.5,33.77,1158.88,65.69,23,3,0.0,0.5223,0.1544,0.1984,,3,False
SHP-102575549,DB_Schenker,Ningbo,Singapore,air,On_Schedule,Machinery,SGD,2023-04-11,2023-04-11,22.2,11184.6,98.2,0.14,226134.79,8140.42,1,4,0.0,0.1278,0.1136,0.2682,,4,True
SHP-102647077,Evergreen,Guangzhou,New_York,sea,Delivered,Perishables,SGD,2023-06-04,2023-06-10,159.0,7719.1,75.1,0.22,58093.39,606.79,23,4,8.1,0.1569,0.3205,0.2296,12.6,4,True
SHP-103169423,COSCO,Mundra,Houston,sea,On_Schedule,Perishables,GBP,2024-04-02,2024-04-17,362.2,1859.2,70577.1,127.94,46400.97,2978.31,6,5,0.0,0.0831,0.2315,0.3047,,3,True
SHP-104721220,Kuehne_Nagel,Shanghai,Le_Havre,sea,Delivered,Raw_Materials,USD,2022-12-09,2023-01-06,683.9,14487.1,491.2,1.56,1259547.69,65213.22,2,0,20.9,0.515,0.3705,0.5879,5.9,4,True
SHP-102135352,FedEx,Guangzhou,Antwerp,sea,In_Transit,Chemicals,AED,2022-05-16,2022-06-10,600.8,15114.1,312.9,1.39,799286.29,51446.71,4,2,0.0,0.3322,0.0702,0.4065,,1,True
SHP-101936405,CMA_CGM,Tokyo,New_York,road,Customs_Hold,Textiles,CNY,2022-07-07,2022-07-11,102.7,1172.0,1065.5,1.43,42498.9,2662.82,6,5,0.0,0.195,0.355,0.3031,28.8,1,True
SHP-100363331,DHL,Guangzhou,Baltimore,road,At_Port,Automotive,EUR,2023-04-29,2023-05-05,159.6,4756.9,1865.7,2.35,42877.25,277.35,23,2,0.0,0.3765,0.2797,0.543,17.5,3,True
SHP-102716701,FedEx,Shanghai,Hamburg,sea,On_Schedule,Textiles,CNY,2022-08-23,2022-09-19,671.0,2037.0,228132.4,379.16,1660181.7,56564.23,16,1,0.0,0.1702,0.6217,0.3255,-17.8,4,False
SHP-100935018,DB_Schenker,Melbourne,Singapore,sea,Customs_Hold,Food_Beverage,USD,2022-10-30,2022-11-13,337.4,14885.2,26205.3,49.28,13487.44,367.14,24,3,0.0,0.5035,0.4011,0.2753,,1,True
SHP-100189546,MSC,Melbourne,Houston,air,Customs_Hold,Machinery,SGD,2023-09-20,2023-09-22,53.0,13015.0,3154.2,6.89,14252.84,92.78,24,0,0.0,0.1038,0.1509,0.544,,4,True
SHP-101232080,Hapag-Lloyd,Felixstowe,Savannah,sea,At_Port,Chemicals,CNY,2024-01-20,2024-02-15,647.5,6196.9,7286.3,11.45,2886.44,109.64,9,3,0.0,0.3272,0.082,0.133,,4,True
SHP-100296070,ONE,Tanjung_Pelepas,Baltimore,rail,In_Transit,Chemicals,EUR,2023-11-25,2023-11-27,67.1,1466.9,2413.3,11.17,123401.58,7442.79,6,5,0.0,0.2269,0.4538,0.2425,,2,True
SHP-102011776,ZIM,Melbourne,Bremen,rail,Delayed,Food_Beverage,CNY,2023-11-30,2023-12-02,63.0,5997.9,158.3,0.67,35041.56,2388.15,15,4,25.3,0.2302,0.0544,0.4081,,1,True
SHP-101822301,MSC,Port_Klang,Bremen,air,At_Port,Electronics,GBP,2023-10-19,2023-10-20,26.6,11396.0,1735.9,2.74,277860.14,17174.29,23,5,0.0,0.1312,0.1992,0.3728,,4,True
SHP-102175913,Maersk,Felixstowe,Singapore,sea,Delivered,Chemicals,CNY,2023-02-07,2023-02-24,424.2,2978.5,66967.4,230.07,1562.58,55.86,23,1,14.2,0.26,0.3815,0.5616,,3,True
SHP-104573543,DHL,Dubai,Dubai,sea,In_Transit,Pharmaceuticals,GBP,2024-02-28,2024-03-24,603.9,20081.4,1066.3,1.95,4767.91,345.34,10,5,0.0,0.4706,0.1618,0.4618,,4,True
SHP-102121469,Maersk,Rotterdam,New_York,air,Delayed,Perishables,SGD,2024-12-07,2024-12-08,35.7,12447.0,219.9,0.59,101034.53,2582.37,13,1,1.2,0.3224,0.1788,0.6096,,4,True
SHP-101322318,ONE,Port_Klang,Genoa,sea,On_Schedule,Pharmaceuticals,CNY,2023-03-31,2023-04-15,374.4,7143.2,361.4,0.84,9181415.94,632496.39,10,1,0.0,0.4129,0.3421,0.2981,,1,True
SHP-103281045,Kuehne_Nagel,Ningbo,Rotterdam,sea,On_Schedule,Food_Beverage,SGD,2022-12-09,2022-12-21,294.3,12386.1,1310.7,3.94,40141.31,2553.26,1,2,0.0,0.6047,0.154,0.2348,,3,True
SHP-101564211,Hapag-Lloyd,Tokyo,Hamburg,sea,Customs_Hold,Automotive,USD,2022-05-10,2022-05-16,161.3,13728.5,375.7,0.54,142032.35,2482.54,5,1,0.0,0.0707,0.3799,0.4949,-17.3,2,True
SHP-101680753,ONE,Busan,Antwerp,sea,On_Schedule,Machinery,CNY,2024-03-12,2024-03-25,323.9,6696.3,805.0,1.09,14381.66,951.02,15,2,0.0,0.5663,0.1048,0.3203,,4,True
SHP-102251726,Evergreen,Port_Klang,Houston,sea,On_Schedule,Electronics,GBP,2022-07-28,2022-08-16,463.3,17668.3,278.6,0.78,42703.67,420.8,18,1,0.0,0.5367,0.0593,0.366,,3,True
SHP-102730972,ONE,Mundra,Hamburg,rail,Delayed,Pharmaceuticals,GBP,2024-06-16,2024-06-17,37.7,5951.3,21.2,0.05,6052.14,47.85,21,4,12.4,0.3265,0.136,0.4043,-9.7,2,False
SHP-102926514,HMM,Sydney,New_York,sea,In_Transit,Perishables,GBP,2023-02-19,2023-03-20,718.7,859.3,1275.3,1.62,3099.94,23.75,24,1,0.0,0.4052,0.1562,0.5992,16.9,3,True
SHP-101766101,CMA_CGM,Dubai,Barcelona,sea,In_Transit,Chemicals,GBP,2023-05-03,2023-05-14,272.0,15288.7,252.0,0.37,62731.34,849.47,12,5,0.0,0.3697,0.2332,0.6295,,1,True
SHP-101103529,COSCO,Rotterdam,Baltimore,road,On_Schedule,Pharmaceuticals,AED,2023-12-07,2023-12-11,113.6,2228.9,280.9,0.52,17138.23,817.44,20,3,0.0,0.2347,0.0555,0.1312,-15.6,2,False
SHP-102666406,Hapag-Lloyd,Mumbai,Valencia,sea,Delayed,Automotive,GBP,2023-07-30,2023-08-05,161.2,12196.0,4455.6,14.34,4497.86,289.57,16,1,80.4,0.133,0.3491,0.4886,16.4,2,True
SHP-103615383,DHL,Felixstowe,Dubai,air,On_Schedule,Food_Beverage,SGD,2023-12-17,2023-12-18,44.9,11714.0,13700.6,26.52,56374.49,682.77,5,4,0.0,0.2788,0.0881,0.2293,,1,False
SHP-101995303,UPS,Shanghai,Piraeus,sea,In_Transit,Electronics,USD,2023-09-14,2023-09-19,134.1,1996.9,29513.5,57.13,620910.54,25216.36,15,1,0.0,0.2522,0.0851,0.1932,,4,True
SHP-100066607,Maersk,Felixstowe,Dubai,sea,In_Transit,Automotive,EUR,2022-05-02,2022-05-20,440.5,8776.3,1780.4,3.19,2665.99,156.01,4,1,0.0,0.5609,0.0676,0.3909,23.3,1,False
SHP-101405444,DB_Schenker,Tokyo,Le_Havre,air,On_Schedule,Textiles,AED,2023-10-28,2023-10-29,45.0,8468.4,6157.1,9.41,136659.33,4769.03,16,4,0.0,0.2903,0.2462,0.4883,,4,True
SHP-100111225,ONE,Colombo,Sydney,sea,Delayed,Consumer_Goods,CNY,2024-02-20,2024-03-13,535.4,3461.0,18922.9,90.97,7893.96,149.25,5,5,69.9,0.378,0.1439,0.0398,23.8,2,False
SHP-101625181,CMA_CGM,Busan,Antwerp,sea,At_Port,Textiles,GBP,2022-06-05,2022-06-22,415.8,16213.7,6617.7,9.24,4471.85,51.61,13,0,0.0,0.2197,0.4079,0.4339,0.4,3,True
SHP-101408831,UPS,Guangzhou,Baltimore,sea,Delayed,Consumer_Goods,CNY,2023-01-01,2023-01-20,477.3,13658.1,34142.3,97.89,7640.69,285.77,12,0,6.2,0.1127,0.1445,0.265,-12.8,2,False
SHP-102814415,ONE,Mundra,Houston,sea,On_Schedule,Textiles,GBP,2024-01-11,2024-02-03,555.4,14149.2,1093.3,1.47,180619.63,1289.45,7,2,0.0,0.2196,0.5416,0.3991,,3,False
SHP-104862904,Yang_Ming,Tanjung_Pelepas,Barcelona,rail,Delayed,Automotive,AED,2023-01-23,2023-01-24,24.5,7763.9,1282.4,5.47,1111262.05,46628.64,4,2,4.1,0.1507,0.2126,0.6305,,4,False
SHP-104439742,Kuehne_Nagel,Antwerp,Singapore,sea,At_Port,Pharmaceuticals,EUR,2024-06-12,2024-07-08,647.8,10436.0,119.7,0.18,30863.68,1288.28,12,5,0.0,0.1648,0.1458,0.4486,,3,False
SHP-102344257,Evergreen,Chennai,Los_Angeles,rail,On_Schedule,Chemicals,SGD,2023-06-19,2023-06-21,67.8,5714.7,374.3,0.7,11386.99,314.89,20,3,0.0,0.4218,0.3126,0.029,,4,True
SHP-104003807,HMM,Dubai,Miami,sea,Critical_Delay,Food_Beverage,SGD,2024-06-06,2024-06-16,245.4,17381.4,143.2,0.63,53879.8,3951.61,16,4,23.7,0.2974,0.1688,0.5165,,1,False
SHP-103087328,COSCO,Melbourne,Dubai,road,On_Schedule,Machinery,SGD,2022-06-10,2022-06-16,158.3,2218.9,8242.1,13.77,4465.53,141.93,16,4,0.0,0.1259,0.3126,0.2779,,3,False
SHP-102009906,ZIM,Colombo,Houston,road,In_Transit,Raw_Materials,EUR,2024-12-12,2024-12-17,139.9,5237.5,10748.5,31.13,2401.6,61.34,9,1,0.0,0.3378,0.022,0.3879,,4,False
SHP-102832342,MSC,Singapore,Genoa,sea,Delivered,Chemicals,EUR,2024-02-23,2024-03-03,228.8,20490.4,9219.7,44.22,39146.79,1025.2,19,4,42.3,0.3457,0.0476,0.7251,-15.9,3,False
SHP-102328235,MSC,Antwerp,Bremen,sea,Customs_Hold,Pharmaceuticals,AED,2024-07-15,2024-07-24,218.8,19770.0,3276.1,12.26,23741.41,734.26,14,4,0.0,0.0671,0.1609,0.1789,24.4,1,True
SHP-101031270,HMM,Felixstowe,Sydney,rail,On_Schedule,Electronics,AED,2023-02-02,2023-02-07,138.5,1985.3,1326.2,2.31,318658.83,17792.72,19,0,0.0,0.2892,0.184,0.0867,-4.6,1,True
SHP-102766085,UPS,Busan,Le_Havre,rail,On_Schedule,Raw_Materials,GBP,2024-12-27,2024-12-30,87.6,4648.7,3266.1,10.3,30079.95,511.26,1,2,0.0,0.0108,0.0173,0.0413,25.6,4,False
SHP-100053727,Yang_Ming,Dubai,Bremen,rail,In_Transit,Chemicals,USD,2022-10-18,2022-10-25,179.2,2077.2,140017.8,638.56,123681.11,1363.12,10,4,0.0,0.2402,0.1448,0.3372,-18.4,1,False
SHP-100935955,DB_Schenker,Hamburg,Barcelona,sea,In_Transit,Perishables,CNY,2024-12-21,2025-01-04,346.3,17886.3,1183.3,3.6,226.75,11.87,9,5,0.0,0.1793,0.3055,0.5955,,3,False
SHP-104577023,MSC,Jebel_Ali,Houston,air,Delivered,Textiles,CNY,2024-12-09,2024-12-10,36.0,12222.8,1825.8,5.97,8966.07,192.86,8,1,79.7,0.3153,0.1481,0.4604,-17.7,1,True
SHP-101004403,Hapag-Lloyd,Guangzhou,Sydney,sea,In_Transit,Machinery,AED,2023-11-24,2023-12-09,370.3,11757.2,905.2,4.42,37776.91,388.43,16,3,0.0,0.158,0.0614,0.2558,15.3,2,False
SHP-101646197,DB_Schenker,Guangzhou,Piraeus,road,At_Port,Pharmaceuticals,CNY,2022-09-26,2022-10-02,164.6,6003.2,3337.3,13.91,3488.42,149.31,5,4,0.0,0.1559,0.204,0.1485,,1,False
SHP-102001961,DHL,Sydney,Rotterdam,rail,On_Schedule,Perishables,EUR,2024-12-22,2024-12-27,140.2,2175.1,6250.7,19.38,37339.7,1349.13,24,5,0.0,0.0787,0.1715,0.1809,,3,False
SHP-104050136,Hapag-Lloyd,Sydney,Sydney,sea,In_Transit,Chemicals,USD,2022-03-24,2022-04-12,464.7,18638.4,5976.9,16.83,47091.02,3464.38,19,2,0.0,0.136,0.2732,0.2959,4.8,1,True
SHP-103358305,DHL,Mundra,Houston,rail,On_Schedule,Pharmaceuticals,EUR,2023-05-18,2023-05-24,149.6,2829.4,658.3,1.44,112477.37,2694.62,17,1,0.0,0.3818,0.1942,0.115,,4,True
SHP-102131908,MSC,Ningbo,Miami,sea,In_Transit,Chemicals,CNY,2024-06-15,2024-07-10,621.2,16529.0,151.2,0.24,617821.67,11863.58,4,1,0.0,0.2269,0.0824,0.5799,10.2,2,True
SHP-101533034,Hapag-Lloyd,Shanghai,Genoa,road,On_Schedule,Textiles,EUR,2024-12-20,2024-12-22,55.5,6275.3,13728.2,24.65,189623.82,1141.77,21,0,0.0,0.0549,0.1972,0.2402,-16.5,3,False
SHP-101210563,ZIM,Tanjung_Pelepas,Miami,sea,In_Transit,Electronics,USD,2022-05-17,2022-06-02,393.9,17473.5,3806.5,8.81,372865.38,20482.52,14,2,0.0,0.254,0.5148,0.3705,13.1,2,True
SHP-103987766,ONE,Mumbai,Barcelona,sea,On_Schedule,Machinery,SGD,2024-02-20,2024-03-06,380.1,12296.9,812.7,1.58,181235.2,1294.92,18,5,0.0,0.3157,0.247,0.3169,,3,False
SHP-101939630,UPS,Ningbo,Le_Havre,sea,In_Transit,Electronics,CNY,2022-11-10,2022-11-14,104.2,4475.6,17017.2,27.85,405587.4,13113.05,14,2,0.0,0.3705,0.0253,0.2082,,2,False
SHP-104934845,Kuehne_Nagel,Antwerp,Savannah,air,On_Schedule,Perishables,CNY,2022-12-12,2022-12-14,70.3,10096.9,1687.8,7.97,30328.88,745.85,24,0,0.0,0.1513,0.0303,0.2244,-5.4,4,False
SHP-104154757,DB_Schenker,Dubai,Dubai,sea,In_Transit,Pharmaceuticals,EUR,2023-12-04,2023-12-29,612.0,849.5,1344.1,2.55,268677.97,19247.07,4,3,0.0,0.3191,0.0751,0.4234,11.6,1,False
SHP-104951806,FedEx,Antwerp,Le_Havre,rail,On_Schedule,Automotive,SGD,2024-02-23,2024-02-25,70.0,6344.3,2663.2,5.63,124046.79,3360.96,15,0,0.0,0.2769,0.0387,0.5283,,3,False
SHP-100427672,Yang_Ming,Sydney,Los_Angeles,sea,In_Transit,Machinery,AED,2022-05-26,2022-06-03,214.4,13231.2,279.9,0.82,561344.36,23742.94,23,0,0.0,0.3904,0.223,0.324,,4,False
SHP-104361900,COSCO,Tanjung_Pelepas,Singapore,sea,On_Schedule,Automotive,SGD,2024-08-05,2024-08-11,147.7,2455.8,7516.9,11.0,107034.9,6689.05,11,3,0.0,0.6538,0.5459,0.4972,-10.6,2,False
SHP-103389656,Evergreen,Chennai,Houston,road,On_Schedule,Chemicals,SGD,2024-12-18,2024-12-22,97.4,7513.3,568.9,1.04,36612.57,1018.13,11,1,0.0,0.3576,0.086,0.5015,,4,True
SHP-101922919,HMM,Melbourne,Mumbai,sea,On_Schedule,Chemicals,AED,2024-03-01,2024-03-15,338.4,8073.1,1709.6,2.44,1789.57,120.52,12,5,0.0,0.4067,0.3461,0.205,,2,False
SHP-104303111,HMM,Port_Klang,Singapore,road,In_Transit,Consumer_Goods,SGD,2023-06-04,2023-06-06,62.2,7147.0,574.1,0.74,75211.75,2986.44,23,5,0.0,0.3258,0.4001,0.1866,,4,False
SHP-104349142,MSC,Port_Klang,Singapore,sea,At_Port,Electronics,EUR,2022-10-19,2022-11-16,686.4,20406.2,21198.3,85.0,19758.36,742.48,24,4,0.0,0.2124,0.2444,0.2263,,4,False
SHP-103044710,HMM,Rotterdam,New_York,sea,On_Schedule,Chemicals,AED,2024-07-02,2024-07-16,354.3,2080.3,3147.7,9.87,87739.33,2411.71,17,5,0.0,0.5172,0.2875,0.3328,4.3,3,True
SHP-104390922,Evergreen,Ningbo,Singapore,road,On_Schedule,Machinery,USD,2022-04-23,2022-05-01,213.5,642.0,22951.3,45.26,12510.51,283.84,1,3,0.0,0.3936,0.1657,0.0578,-16.5,3,True
SHP-102635550,CMA_CGM,Port_Klang,Savannah,air,Delivered,Pharmaceuticals,CNY,2022-03-23,2022-03-24,39.4,8754.2,1729.7,3.0,219893.5,9422.35,13,5,3.3,0.1357,0.0113,0.1029,,2,True
SHP-104200940,Evergreen,Busan,Rotterdam,air,In_Transit,Textiles,USD,2024-09-27,2024-09-29,54.0,9208.5,738.7,1.22,33688.27,892.91,23,3,0.0,0.133,0.2257,0.1083,,1,True
SHP-103183444,FedEx,Hamburg,Bremen,sea,On_Schedule,Machinery,CNY,2022-10-02,2022-10-23,527.9,13026.3,633.0,1.17,1434.88,19.09,17,1,0.0,0.1516,0.2808,0.3516,-15.5,4,False
SHP-100292791,ONE,Jebel_Ali,Miami,sea,In_Transit,Automotive,CNY,2024-05-02,2024-05-22,503.4,10341.0,9052.2,22.43,701667.54,3660.21,22,1,0.0,0.2257,0.3606,0.2355,-12.8,2,True
SHP-102445656,Maersk,Chennai,Dubai,air,In_Transit,Food_Beverage,EUR,2024-04-29,2024-04-30,42.6,3206.1,326.7,0.95,34469.77,1285.93,6,0,0.0,0.3246,0.2259,0.247,,3,True
SHP-102133309,Yang_Ming,Ningbo,Houston,air,Delayed,Raw_Materials,SGD,2023-03-11,2023-03-11,19.1,5358.2,9650.4,13.27,24498.46,1397.5,16,4,5.2,0.2524,0.4204,0.3249,,2,False
SHP-102826270,HMM,Dubai,Antwerp,road,On_Schedule,Food_Beverage,CNY,2022-12-24,2022-12-27,76.5,310.3,1452.4,2.26,57252.29,3012.04,1,4,0.0,0.1817,0.1332,0.1341,,3,False
SHP-102976455,MSC,Melbourne,Houston,sea,At_Port,Textiles,CNY,2023-12-28,2024-01-04,172.1,4484.6,5594.1,9.44,143397.0,9438.23,1,2,0.0,0.2464,0.2371,0.3314,29.7,2,False
SHP-100044890,HMM,Ningbo,New_York,sea,At_Port,Food_Beverage,GBP,2024-04-27,2024-05-22,622.3,21526.7,8722.3,19.45,52103.92,452.53,7,1,0.0,0.1861,0.1826,0.1676,,3,False
SHP-101367478,DB_Schenker,Ningbo,Dubai,air,At_Port,Automotive,EUR,2023-11-17,2023-11-18,46.9,4971.1,62677.3,89.74,45640.42,359.28,16,1,0.0,0.3318,0.1873,0.1463,,4,False
SHP-102437224,Yang_Ming,Ningbo,Bremen,sea,Customs_Hold,Consumer_Goods,AED,2024-06-30,2024-07-25,620.3,2180.1,587.4,2.25,145347.85,7179.54,5,2,0.0,0.3393,0.2121,0.192,,3,False
SHP-101092028,Evergreen,Tanjung_Pelepas,Valencia,sea,On_Schedule,Textiles,USD,2024-05-24,2024-06-06,314.0,1691.5,13089.7,18.19,25288.25,950.63,1,4,0.0,0.2787,0.0146,0.4842,,4,False
SHP-102758006,CMA_CGM,Shanghai,Baltimore,sea,On_Schedule,Food_Beverage,CNY,2024-05-07,2024-05-11,101.5,16827.2,6294.1,13.78,599383.69,26288.83,10,5,0.0,0.5759,0.0669,0.6083,,2,True
SHP-102569266,HMM,Jebel_Ali,Le_Havre,sea,In_Transit,Textiles,AED,2023-02-07,2023-02-14,170.5,1161.1,682.9,1.1,101976.99,7596.08,10,0,0.0,0.3325,0.1591,0.8535,,3,True
SHP-102596518,Evergreen,Melbourne,New_York,air,Delayed,Pharmaceuticals,GBP,2022-03-18,2022-03-20,61.3,11099.2,3062.6,8.4,5228.86,34.22,17,1,7.8,0.241,0.2477,0.3728,16.8,1,True
SHP-102646266,Hapag-Lloyd,Singapore,Baltimore,rail,On_Schedule,Chemicals,CNY,2024-09-05,2024-09-13,196.0,1247.0,3008.1,5.21,45589.22,2664.32,20,5,0.0,0.0475,0.1264,0.3681,,2,True
SHP-101097500,Maersk,Colombo,Le_Havre,sea,In_Transit,Raw_Materials,GBP,2024-06-29,2024-07-22,558.1,7675.1,24805.3,76.34,1156.39,69.42,24,1,0.0,0.1876,0.0223,0.1844,10.8,3,True
SHP-101327471,Kuehne_Nagel,Antwerp,Genoa,air,Delayed,Textiles,EUR,2024-06-21,2024-06-23,49.5,12475.6,2381.8,5.58,36400.85,2571.42,15,5,22.9,0.4456,0.0358,0.2806,,2,True
SHP-100377355,Kuehne_Nagel,Ningbo,Houston,air,On_Schedule,Textiles,SGD,2023-07-31,2023-08-01,34.7,11084.8,3449.2,9.36,18036.72,831.55,13,1,0.0,0.1578,0.0729,0.3476,,4,True
SHP-101100832,COSCO,Port_Klang,Singapore,sea,At_Port,Chemicals,GBP,2024-08-04,2024-08-15,275.4,17689.4,31500.8,40.91,9721.53,646.73,12,4,0.0,0.1155,0.0757,0.3335,12.1,1,False
SHP-103548018,HMM,Jebel_Ali,Genoa,sea,In_Transit,Machinery,SGD,2023-09-30,2023-10-24,581.7,21218.7,1425.7,2.69,251349.4,11217.7,23,1,0.0,0.3402,0.3991,0.1268,,2,False
SHP-102464810,DHL,Mundra,Singapore,rail,Critical_Delay,Pharmaceuticals,USD,2024-01-28,2024-02-01,99.4,5471.2,10383.3,13.34,70508.07,5295.99,13,1,39.0,0.1935,0.024,0.5389,28.5,2,True
SHP-101383604,Hapag-Lloyd,Shanghai,Valencia,sea,On_Schedule,Machinery,CNY,2022-03-08,2022-03-19,283.4,21469.9,500000.0,1519.44,7259282.87,475417.29,19,5,0.0,0.0289,0.2788,0.3342,,2,True
SHP-103899971,COSCO,Mundra,Rotterdam,sea,Critical_Delay,Chemicals,GBP,2023-10-17,2023-10-30,317.3,12524.1,12708.5,33.02,886675.51,18978.77,13,2,17.7,0.2389,0.2605,0.068,12.0,1,True
SHP-100230519,DHL,Port_Klang,Mumbai,air,On_Schedule,Chemicals,SGD,2022-01-29,2022-01-31,51.1,9122.5,3125.4,4.3,219891.64,17422.22,9,5,0.0,0.2342,0.2496,0.4751,,3,True
SHP-102301163,Hapag-Lloyd,Tanjung_Pelepas,Antwerp,sea,In_Transit,Consumer_Goods,AED,2022-08-19,2022-08-29,248.1,15887.0,1179.2,1.67,1062946.93,65252.4,19,4,0.0,0.2088,0.4122,0.406,2.0,1,False
SHP-103023219,Hapag-Lloyd,Rotterdam,New_York,road,In_Transit,Machinery,USD,2024-07-01,2024-07-07,167.0,1106.6,569.4,2.66,761881.96,10977.88,1,4,0.0,0.0596,0.0893,0.4656,,2,True
SHP-100687094,Kuehne_Nagel,Mundra,Piraeus,rail,Delayed,Consumer_Goods,USD,2022-10-07,2022-10-12,139.3,6269.0,1240.5,3.23,12113.4,473.24,16,5,26.2,0.5118,0.0591,0.2337,,2,True
SHP-100658409,DB_Schenker,Sydney,Rotterdam,sea,On_Schedule,Electronics,CNY,2024-07-21,2024-07-31,247.4,14825.0,274.0,0.56,9204.9,656.07,8,3,0.0,0.3523,0.0198,0.1811,,3,True
SHP-103056647,ZIM,Mumbai,New_York,sea,Delivered,Machinery,EUR,2024-05-11,2024-06-08,694.7,13751.5,8535.9,13.5,93239.68,3534.05,18,1,50.0,0.1533,0.1603,0.1953,,4,True
SHP-100801776,UPS,Shanghai,Sydney,air,In_Transit,Chemicals,SGD,2022-05-05,2022-05-06,31.4,12302.1,9402.3,13.9,639472.26,14984.27,3,3,0.0,0.3457,0.2046,0.059,,4,True
SHP-104894200,FedEx,Antwerp,Genoa,sea,In_Transit,Raw_Materials,GBP,2024-01-21,2024-02-14,576.2,21972.8,245.7,0.41,7045.87,380.68,13,2,0.0,0.5983,0.2127,0.1272,-11.2,4,False
SHP-102476142,ONE,Port_Klang,Dubai,sea,On_Schedule,Raw_Materials,CNY,2022-05-14,2022-05-27,335.9,4554.9,3408.9,14.73,1217515.74,85797.78,7,5,0.0,0.3256,0.0469,0.2279,0.9,1,True
SHP-101030091,COSCO,Rotterdam,Felixstowe,sea,Delayed,Electronics,GBP,2022-08-24,2022-09-10,410.3,16758.2,1641.1,4.5,246038.01,1273.76,9,5,24.9,0.2405,0.0813,0.53,,1,False
SHP-101904027,Yang_Ming,Felixstowe,Houston,sea,At_Port,Textiles,CNY,2022-01-16,2022-01-30,351.3,14712.0,124779.3,167.65,572962.4,14635.3,19,2,0.0,0.2911,0.0213,0.3636,,1,True
SHP-101897209,Hapag-Lloyd,Tanjung_Pelepas,Valencia,air,Delayed,Perishables,SGD,2022-01-16,2022-01-18,51.2,5819.3,104378.4,391.06,14475.97,1059.9,14,1,5.6,0.3976,0.0784,0.4181,,2,True
SHP-100282213,Maersk,Singapore,Miami,sea,Delivered,Textiles,CNY,2023-04-10,2023-05-03,559.3,4671.9,390.7,0.85,6327.84,113.7,10,5,6.1,0.1461,0.1759,0.5099,-3.6,2,True
SHP-101549861,HMM,Antwerp,Baltimore,air,In_Transit,Automotive,USD,2024-10-11,2024-10-12,44.2,11611.2,679.7,2.9,121384.06,5006.28,24,4,0.0,0.1286,0.3524,0.0697,,1,True
SHP-104908403,Yang_Ming,Chennai,Antwerp,sea,At_Port,Consumer_Goods,EUR,2023-11-05,2023-11-14,220.4,10219.7,13098.0,19.6,16074.16,810.29,15,1,0.0,0.3855,0.4809,0.4618,,2,True
SHP-100999401,MSC,Colombo,Felixstowe,sea,On_Schedule,Automotive,SGD,2024-04-20,2024-04-30,262.0,4278.4,334226.5,432.54,64292.0,1648.32,13,0,0.0,0.5087,0.0325,0.5405,,1,False
SHP-103526327,DHL,Tokyo,Piraeus,air,Delivered,Electronics,CNY,2024-07-26,2024-07-28,65.0,6040.6,18806.2,71.84,15154.56,1204.34,18,3,70.1,0.3643,0.3129,0.1405,,2,False
SHP-101981893,MSC,Tanjung_Pelepas,New_York,air,On_Schedule,Consumer_Goods,GBP,2022-11-14,2022-11-14,17.8,3044.3,716.7,1.67,83533.28,3914.53,1,3,0.0,0.6441,0.2352,0.4593,,3,True
SHP-100949896,Yang_Ming,Port_Klang,Savannah,sea,Critical_Delay,Electronics,GBP,2022-04-18,2022-05-02,355.4,19237.1,4730.5,9.13,11116.82,822.62,12,4,16.8,0.1077,0.3292,0.338,10.9,4,False
SHP-100984595,FedEx,Tokyo,Mumbai,air,In_Transit,Food_Beverage,EUR,2022-12-15,2022-12-16,37.4,10665.4,16276.5,51.59,57561.64,3037.79,21,4,0.0,0.0463,0.2963,0.4662,,4,True
SHP-100758811,Evergreen,Busan,Valencia,air,In_Transit,Chemicals,CNY,2024-11-11,2024-11-12,40.8,12000.1,26603.1,47.76,150312.45,1244.43,22,1,0.0,0.3994,0.4186,0.6562,,4,False
SHP-101506224,CMA_CGM,Chennai,Antwerp,sea,At_Port,Food_Beverage,USD,2022-02-27,2022-03-24,602.7,19064.5,25096.6,46.53,27956.81,928.53,18,2,0.0,0.1633,0.3221,0.3559,-13.7,1,True
SHP-103873733,Yang_Ming,Antwerp,Los_Angeles,sea,Delayed,Perishables,USD,2024-12-07,2025-01-01,615.1,5054.9,780.3,1.02,41511.68,1010.08,1,4,35.7,0.3885,0.2737,0.3191,,2,True
SHP-100128140,ZIM,Melbourne,Singapore,sea,Delayed,Perishables,SGD,2024-10-27,2024-11-18,536.5,15984.8,379.5,0.61,33774.32,1141.98,22,0,0.9,0.0937,0.3363,0.3353,,3,False
SHP-101900985,MSC,Chennai,Genoa,sea,On_Schedule,Perishables,USD,2023-10-24,2023-11-04,282.3,18231.5,7647.0,14.76,60147.04,4734.92,12,5,0.0,0.0852,0.1779,0.1235,27.5,2,True
SHP-101450832,Kuehne_Nagel,Dubai,Singapore,sea,Critical_Delay,Consumer_Goods,GBP,2022-12-08,2023-01-04,663.4,14974.9,236.4,0.46,16110.61,516.77,3,3,31.7,0.1019,0.0514,0.3986,-9.2,1,True
SHP-104226499,DHL,Felixstowe,Mumbai,sea,On_Schedule,Machinery,EUR,2024-06-01,2024-06-10,239.9,13036.8,2824.3,11.82,270430.07,6943.63,11,0,0.0,0.5338,0.365,0.5102,,3,True
SHP-104017261,Evergreen,Singapore,Piraeus,sea,In_Transit,Pharmaceuticals,EUR,2022-10-18,2022-10-31,323.1,6446.2,1551.0,4.43,17577.7,623.18,3,2,0.0,0.2743,0.3163,0.1416,,1,False
SHP-100227510,FedEx,Felixstowe,Hamburg,sea,On_Schedule,Pharmaceuticals,EUR,2022-02-28,2022-03-20,491.4,13635.0,722.4,1.11,75668.39,2859.77,19,0,0.0,0.4275,0.3761,0.3146,,4,True
SHP-104976086,Kuehne_Nagel,Mumbai,Valencia,sea,On_Schedule,Automotive,AED,2023-11-29,2023-12-10,270.9,19906.3,9892.9,34.81,54927.85,2630.01,16,5,0.0,0.1054,0.1454,0.3206,3.7,3,True
SHP-103355624,MSC,Tanjung_Pelepas,New_York,road,Delayed,Consumer_Goods,AED,2023-05-12,2023-05-13,35.9,2434.1,866.6,1.54,692128.49,17209.41,1,4,1.7,0.2201,0.2867,0.2275,,3,False
SHP-103123969,Maersk,Tanjung_Pelepas,Los_Angeles,rail,On_Schedule,Electronics,AED,2024-04-05,2024-04-08,72.6,4188.9,182.4,0.26,179645.15,7247.0,2,3,0.0,0.1943,0.0635,0.1757,,1,False
SHP-102985553,Evergreen,Sydney,Rotterdam,sea,On_Schedule,Raw_Materials,USD,2022-10-01,2022-10-11,242.5,3944.8,10241.6,15.85,323686.9,14766.39,6,0,0.0,0.0661,0.1962,0.5046,,2,False
SHP-103158195,Yang_Ming,Busan,Miami,rail,Delayed,Consumer_Goods,GBP,2023-06-19,2023-06-26,172.6,5363.7,2919.3,6.34,19420814.66,320656.03,18,4,13.1,0.2911,0.2496,0.2146,,3,False
SHP-103576347,FedEx,Singapore,Barcelona,sea,On_Schedule,Raw_Materials,SGD,2024-06-05,2024-06-09,97.8,8826.1,1395.3,1.91,242141.0,6761.59,6,4,0.0,0.1485,0.1651,0.6577,,4,True
SHP-102514151,ZIM,Ningbo,Sydney,air,At_Port,Raw_Materials,USD,2022-03-12,2022-03-14,48.8,13427.4,521.5,1.0,2633171.77,208081.64,7,5,0.0,0.6766,0.0842,0.168,,2,False
SHP-104307809,UPS,Busan,Bremen,sea,At_Port,Pharmaceuticals,GBP,2023-05-12,2023-05-25,314.6,4904.3,1502.7,4.36,2203.26,173.44,14,2,0.0,0.1943,0.5788,0.2109,-18.5,1,True
SHP-100929925,COSCO,Tokyo,Hamburg,sea,On_Schedule,Textiles,CNY,2022-10-13,2022-11-03,512.1,15243.7,5152.1,9.71,15162.71,1157.81,15,3,0.0,0.5194,0.4136,0.1549,,4,True
SHP-102780447,DHL,Colombo,Hamburg,sea,On_Schedule,Chemicals,GBP,2024-08-16,2024-09-04,460.6,3234.3,4652.7,12.66,322392.01,20285.38,5,1,0.0,0.139,0.2103,0.4109,,3,False
SHP-104106685,CMA_CGM,Rotterdam,Singapore,sea,In_Transit,Electronics,AED,2023-09-17,2023-09-25,203.8,18943.0,1218.9,2.32,10387.05,387.08,21,1,0.0,0.2488,0.122,0.6014,,1,True
SHP-102257192,HMM,Tokyo,Piraeus,sea,Customs_Hold,Food_Beverage,AED,2024-05-16,2024-06-02,419.0,9622.1,1158.1,1.67,3364.2,261.4,24,4,0.0,0.1299,0.3658,0.0358,,2,True
SHP-103169662,Evergreen,Rotterdam,Bremen,air,In_Transit,Raw_Materials,GBP,2024-10-30,2024-10-31,44.1,12963.9,20520.5,85.71,38092.33,313.24,18,0,0.0,0.2329,0.1981,0.2879,,2,True
SHP-101911282,UPS,Jebel_Ali,Genoa,sea,At_Port,Chemicals,EUR,2023-12-04,2023-12-08,106.7,3327.5,1164.4,1.76,32284.31,1424.54,19,1,0.0,0.5512,0.202,0.1451,,1,True
SHP-102294828,UPS,Mundra,Mumbai,air,In_Transit,Raw_Materials,EUR,2024-07-02,2024-07-02,16.1,9807.6,353.0,0.68,8942.76,304.7,1,4,0.0,0.2613,0.2358,0.4598,27.9,4,True
SHP-101299266,FedEx,Felixstowe,Hamburg,sea,In_Transit,Pharmaceuticals,AED,2022-02-26,2022-03-18,494.1,7558.9,79276.3,254.8,11520.94,748.57,18,5,0.0,0.3324,0.0712,0.4347,,1,True
SHP-101815063,FedEx,Tanjung_Pelepas,Hamburg,road,On_Schedule,Textiles,SGD,2022-12-29,2023-01-02,109.2,3218.3,437364.8,1072.82,13334.0,368.53,7,5,0.0,0.4412,0.1301,0.2468,-17.6,1,True
SHP-101472403,DHL,Sydney,Savannah,sea,In_Transit,Textiles,GBP,2022-05-09,2022-05-22,320.8,13812.4,15635.5,25.28,275087.81,7429.49,1,0,0.0,0.21,0.1299,0.7741,-4.1,2,True
SHP-103543806,ONE,Port_Klang,Singapore,rail,Customs_Hold,Pharmaceuticals,EUR,2023-06-19,2023-06-22,83.5,6419.7,8187.1,16.58,331366.97,22236.71,18,1,0.0,0.1884,0.541,0.2167,14.9,2,True
SHP-101774253,Hapag-Lloyd,Felixstowe,Le_Havre,sea,At_Port,Electronics,GBP,2023-05-31,2023-06-12,310.1,21519.9,37778.2,47.71,2538460.6,112681.76,15,0,0.0,0.2013,0.0329,0.3103,24.4,3,False
SHP-103050857,ZIM,Colombo,Piraeus,sea,On_Schedule,Machinery,SGD,2023-12-08,2024-01-01,577.3,14247.4,4056.9,8.83,89225.35,7091.63,4,2,0.0,0.5848,0.2725,0.4077,20.4,4,True
SHP-102177379,ONE,Rotterdam,Bremen,sea,In_Transit,Electronics,USD,2022-01-31,2022-02-20,480.7,6806.6,41.1,0.12,7985.38,625.58,11,5,0.0,0.5901,0.187,0.3659,,4,False
SHP-101374052,DB_Schenker,Melbourne,Savannah,sea,At_Port,Machinery,AED,2022-04-20,2022-05-01,271.4,5008.5,6562.9,9.56,34020.44,2599.5,15,2,0.0,0.2186,0.2141,0.095,20.1,4,True
SHP-100627443,MSC,Sydney,Le_Havre,sea,On_Schedule,Machinery,EUR,2022-06-28,2022-07-11,327.5,10536.9,59915.0,90.17,2171666.96,116840.45,5,0,0.0,0.301,0.2333,0.2263,-13.0,3,False
SHP-102973367,Hapag-Lloyd,Singapore,Rotterdam,sea,On_Schedule,Raw_Materials,EUR,2023-12-14,2023-12-26,298.7,5404.0,621.1,1.54,43620.94,695.89,5,0,0.0,0.1301,0.3042,0.1477,,4,True
SHP-100732425,ZIM,Hamburg,Rotterdam,sea,At_Port,Textiles,EUR,2023-06-14,2023-07-04,503.4,20020.0,684.4,2.35,61561.71,506.48,24,5,0.0,0.3772,0.3766,0.2997,,2,False
SHP-100398886,Evergreen,Ningbo,Miami,road,Customs_Hold,Consumer_Goods,EUR,2023-10-27,2023-11-01,121.3,6874.9,429.3,0.78,9602.8,467.23,15,1,0.0,0.2938,0.0838,0.2229,,1,True
SHP-103558933,UPS,Ningbo,Hamburg,sea,Customs_Hold,Electronics,EUR,2024-08-04,2024-08-31,663.1,7437.1,22947.5,35.26,187494.56,11033.61,7,1,0.0,0.0671,0.5032,0.5122,,1,False
SHP-100172864,CMA_CGM,Jebel_Ali,Barcelona,air,At_Port,Electronics,SGD,2023-02-19,2023-02-20,40.4,5796.8,65591.5,126.25,7997.01,110.24,22,1,0.0,0.5849,0.2248,0.5429,-16.0,4,True
SHP-102970713,MSC,Mumbai,Baltimore,sea,In_Transit,Automotive,CNY,2024-04-21,2024-04-28,184.8,12325.3,10630.2,28.61,115792.51,4978.93,13,5,0.0,0.5993,0.042,0.2651,29.0,1,True
SHP-100635616,ONE,Tokyo,Barcelona,air,Delivered,Electronics,GBP,2024-02-17,2024-02-17,19.0,9185.7,2888.2,9.05,63814.34,1179.41,24,5,67.9,0.2747,0.2859,0.4534,-17.2,4,False
SHP-104924356,Evergreen,Melbourne,Bremen,sea,In_Transit,Food_Beverage,GBP,2023-09-17,2023-10-07,484.4,13516.5,2335.4,6.41,496486.66,23648.42,3,1,0.0,0.3997,0.2152,0.678,,3,False
SHP-102467661,MSC,Antwerp,Barcelona,road,Delayed,Machinery,SGD,2023-06-19,2023-06-24,141.2,3172.9,2150.0,2.97,10877.22,798.4,19,3,2.3,0.4666,0.4672,0.4373,,3,False
SHP-104381481,Evergreen,Dubai,Felixstowe,sea,In_Transit,Machinery,AED,2022-12-18,2022-12-31,333.5,8973.4,835.4,1.27,69720.69,5334.47,3,3,0.0,0.1409,0.007,0.6981,8.7,3,False
SHP-100331877,Maersk,Hamburg,Baltimore,air,Critical_Delay,Food_Beverage,AED,2023-07-25,2023-07-27,69.7,12266.8,4163.4,19.86,16181.48,1147.87,19,5,5.8,0.2636,0.2988,0.3466,6.4,3,True
SHP-101697669,DHL,Ningbo,Savannah,sea,At_Port,Chemicals,CNY,2024-04-30,2024-05-09,222.8,4899.2,9630.3,12.43,341994.27,14519.31,3,2,0.0,0.1201,0.0543,0.3665,,2,True
SHP-100353674,ZIM,Shanghai,Hamburg,sea,In_Transit,Machinery,USD,2023-09-10,2023-10-08,683.6,12398.9,5474.9,25.74,19504.81,105.71,8,5,0.0,0.5226,0.2946,0.1165,,2,False
SHP-103101711,FedEx,Rotterdam,Valencia,air,In_Transit,Automotive,AED,2024-12-14,2024-12-15,44.7,4864.7,1256.2,1.93,38512.4,195.79,14,3,0.0,0.1826,0.2708,0.1924,,1,True
SHP-102118474,ONE,Ningbo,Savannah,sea,On_Schedule,Chemicals,EUR,2022-04-28,2022-05-06,215.2,15622.8,1942.3,3.31,158317.27,3139.95,24,2,0.0,0.1354,0.1922,0.2157,,1,True
SHP-101839513,FedEx,Dubai,Miami,sea,Critical_Delay,Machinery,GBP,2024-04-03,2024-04-11,209.1,4215.6,7272.5,9.62,28045.92,692.01,3,1,6.8,0.2931,0.0439,0.4527,9.5,1,True
SHP-100700775,CMA_CGM,Melbourne,Antwerp,sea,On_Schedule,Textiles,USD,2022-06-27,2022-07-15,444.7,4599.1,8505.0,31.67,72446.75,2000.36,21,3,0.0,0.335,0.3442,0.0786,,3,False
SHP-104153951,ONE,Rotterdam,Antwerp,sea,Delivered,Pharmaceuticals,USD,2024-06-25,2024-07-21,639.3,18038.2,482.3,1.14,153716.28,2230.09,17,3,11.4,0.2196,0.0555,0.4214,23.6,1,True
SHP-104133726,ONE,Jebel_Ali,Genoa,rail,At_Port,Machinery,GBP,2022-02-07,2022-02-13,165.1,5039.9,4921.1,10.28,14087.74,81.28,2,0,0.0,0.2113,0.2368,0.4068,,1,True
SHP-100450701,COSCO,Tanjung_Pelepas,Felixstowe,road,On_Schedule,Food_Beverage,GBP,2023-10-28,2023-11-04,170.6,5737.4,782.7,1.22,8499.3,672.15,13,2,0.0,0.2725,0.0599,0.32,,1,False
SHP-104011751,FedEx,Guangzhou,Bremen,air,On_Schedule,Perishables,GBP,2022-11-07,2022-11-08,42.4,9697.8,8990.8,25.65,162561.94,7379.32,1,0,0.0,0.5903,0.1569,0.1419,,2,True
SHP-101671017,Maersk,Dubai,Piraeus,sea,On_Schedule,Chemicals,GBP,2024-02-28,2024-03-20,526.5,14426.3,1700.6,2.39,139457.94,4995.28,16,5,0.0,0.0882,0.2826,0.3435,,1,True
SHP-101679745,HMM,Mundra,Sydney,sea,Customs_Hold,Chemicals,USD,2023-07-29,2023-08-21,552.7,13871.2,698.0,1.28,10689.61,712.67,6,5,0.0,0.1355,0.283,0.3175,24.0,2,False
SHP-103420466,Maersk,Hamburg,Mumbai,sea,Delayed,Perishables,GBP,2022-07-02,2022-07-24,549.6,13356.9,7455.4,11.09,4829.9,280.74,11,2,17.6,0.3128,0.3257,0.6017,10.2,4,True
SHP-101024822,Yang_Ming,Tokyo,Miami,sea,On_Schedule,Electronics,USD,2024-02-02,2024-02-22,485.0,17117.9,354.1,0.66,147425.7,4966.0,5,4,0.0,0.0923,0.311,0.3786,,3,False
SHP-101224029,HMM,Shanghai,New_York,air,In_Transit,Chemicals,AED,2022-05-14,2022-05-16,54.4,2878.4,5132.0,7.43,33934.41,2012.43,4,5,0.0,0.2885,0.1448,0.1394,19.8,4,True
SHP-104968908,Hapag-Lloyd,Chennai,Sydney,sea,Delayed,Perishables,AED,2023-11-20,2023-12-06,393.4,7828.9,3998.0,17.74,4978.43,133.83,9,0,26.4,0.2405,0.0673,0.3066,,1,False
SHP-102280063,Kuehne_Nagel,Tokyo,Miami,sea,In_Transit,Chemicals,AED,2022-09-08,2022-10-05,659.1,14295.8,17937.2,32.55,20572.65,1114.76,23,5,0.0,0.3652,0.3277,0.1684,,4,True
SHP-101463564,FedEx,Mumbai,Singapore,air,At_Port,Food_Beverage,GBP,2023-11-02,2023-11-04,66.7,13762.1,20717.1,80.6,830733.73,33463.06,22,3,0.0,0.4943,0.2177,0.2086,,1,True
SHP-100574665,COSCO,Melbourne,Dubai,sea,In_Transit,Raw_Materials,SGD,2023-11-28,2023-12-03,135.1,19678.9,16982.7,49.88,1721868.97,62973.7,14,3,0.0,0.5588,0.0659,0.1862,,3,True
SHP-104125444,ZIM,Jebel_Ali,New_York,rail,Customs_Hold,Electronics,GBP,2024-05-05,2024-05-13,208.8,4309.0,381.4,0.64,251995.84,8193.36,4,2,0.0,0.152,0.0254,0.3959,,1,True
SHP-104342581,Kuehne_Nagel,Guangzhou,Baltimore,air,On_Schedule,Pharmaceuticals,EUR,2022-08-16,2022-08-16,18.0,7133.9,126.4,0.35,116069.32,6133.29,23,0,0.0,0.6398,0.0572,0.3879,,2,False
SHP-102066982,MSC,Rotterdam,New_York,sea,In_Transit,Perishables,SGD,2023-11-29,2023-12-12,316.0,12543.2,3755.5,5.74,100010.86,1556.99,14,1,0.0,0.1476,0.1789,0.3331,,4,True
SHP-103738840,ONE,Dubai,Dubai,air,On_Schedule,Consumer_Goods,GBP,2024-01-11,2024-01-12,35.8,10871.9,107675.0,148.16,356035.8,7865.92,21,2,0.0,0.2829,0.3915,0.2714,,4,True
SHP-101148654,Hapag-Lloyd,Jebel_Ali,Sydney,sea,At_Port,Electronics,USD,2024-06-21,2024-07-09,445.4,19840.2,1909.8,4.54,1723.92,53.01,8,0,0.0,0.1437,0.2578,0.2995,,4,True
SHP-100390222,ZIM,Guangzhou,Miami,sea,Delayed,Raw_Materials,GBP,2024-05-30,2024-06-14,364.6,15938.2,3224.2,6.67,143541.17,8066.16,20,3,8.3,0.3504,0.0667,0.2403,,4,True
SHP-100142967,DHL,Shanghai,Piraeus,air,On_Schedule,Automotive,EUR,2022-09-08,2022-09-08,15.7,11847.0,1571.4,4.79,26449.17,558.85,13,2,0.0,0.3091,0.2165,0.4264,,2,False
SHP-104089411,COSCO,Felixstowe,Hamburg,sea,At_Port,Perishables,SGD,2022-07-10,2022-07-31,511.2,13708.3,9780.9,20.41,6171.29,76.46,5,5,0.0,0.0928,0.0431,0.2445,,2,False
SHP-100991584,DHL,Mundra,Antwerp,air,On_Schedule,Consumer_Goods,USD,2022-07-30,2022-08-01,51.7,5469.6,43999.8,75.16,780.82,38.0,7,1,0.0,0.1256,0.0296,0.5333,,3,True
SHP-104537540,DB_Schenker,Sydney,Antwerp,air,In_Transit,Pharmaceuticals,USD,2023-01-05,2023-01-05,15.0,10584.0,23079.3,106.13,74814.91,3901.31,22,5,0.0,0.1197,0.0436,0.5587,6.8,1,True
SHP-102925931,COSCO,Guangzhou,Barcelona,road,Customs_Hold,Raw_Materials,SGD,2022-09-29,2022-10-06,185.4,5688.9,12219.8,30.49,35518.69,2342.27,21,4,0.0,0.5427,0.3227,0.1578,,3,True
SHP-102310563,Maersk,Busan,Barcelona,sea,At_Port,Pharmaceuticals,CNY,2023-12-10,2024-01-06,657.4,2057.7,4913.0,13.03,44058.61,2440.24,20,0,0.0,0.6936,0.2158,0.1535,,3,False
SHP-102636281,DB_Schenker,Busan,Los_Angeles,rail,In_Transit,Electronics,GBP,2023-10-01,2023-10-03,56.3,6721.1,470.4,0.7,227074.07,17996.25,4,1,0.0,0.3158,0.166,0.3341,,1,True
SHP-103419096,Maersk,Chennai,Piraeus,road,On_Schedule,Automotive,SGD,2023-08-13,2023-08-16,84.1,2052.6,1237.1,2.2,71510.64,4785.49,24,1,0.0,0.0465,0.3791,0.1409,,3,True
SHP-102143306,HMM,Guangzhou,Hamburg,sea,Customs_Hold,Raw_Materials,CNY,2022-08-09,2022-08-18,230.6,3961.1,501.5,0.87,18617.98,367.49,21,5,0.0,0.4166,0.1998,0.4637,,3,False
SHP-104939928,ONE,Busan,Savannah,air,On_Schedule,Raw_Materials,USD,2022-11-17,2022-11-18,41.3,10027.2,4015.8,7.98,3648533.32,35248.57,2,1,0.0,0.5987,0.2503,0.1142,,3,True
SHP-103076710,ZIM,Ningbo,New_York,sea,On_Schedule,Perishables,EUR,2024-10-15,2024-10-31,392.1,7116.5,269.0,0.42,2233.8,59.55,17,2,0.0,0.3213,0.2354,0.3788,,1,True
SHP-103556969,COSCO,Antwerp,Mumbai,rail,At_Port,Textiles,SGD,2022-06-21,2022-06-27,149.2,1588.4,24164.2,50.64,71660.61,4368.3,7,0,0.0,0.2329,0.3694,0.4449,-4.0,2,False
SHP-103791601,CMA_CGM,Antwerp,Hamburg,sea,In_Transit,Electronics,SGD,2024-06-30,2024-07-18,453.6,16097.0,3667.1,9.45,13825.61,427.08,19,3,0.0,0.0409,0.0489,0.1562,,1,True
SHP-103319126,Maersk,Busan,Rotterdam,rail,On_Schedule,Raw_Materials,AED,2023-11-22,2023-12-01,229.8,534.6,378.5,1.22,218295.64,12788.76,5,1,0.0,0.2116,0.1676,0.344,-5.7,4,False
SHP-104611806,COSCO,Antwerp,Le_Havre,sea,Delayed,Perishables,GBP,2022-06-15,2022-07-10,600.5,20633.4,339075.7,610.02,7457.52,56.11,16,4,13.1,0.4978,0.0815,0.1481,,3,False
SHP-100426174,Yang_Ming,Ningbo,Valencia,rail,On_Schedule,Textiles,SGD,2022-10-25,2022-10-29,117.5,3224.6,5975.4,29.1,795184.69,62451.0,16,0,0.0,0.0869,0.089,0.3739,26.6,2,True
SHP-103976874,Maersk,Port_Klang,Rotterdam,sea,In_Transit,Electronics,SGD,2023-01-22,2023-01-26,111.3,15241.7,2120.2,5.39,47017.5,2634.23,7,1,0.0,0.3407,0.1199,0.2334,,3,True
SHP-100031888,Evergreen,Tokyo,Bremen,rail,On_Schedule,Pharmaceuticals,GBP,2024-01-13,2024-01-15,54.7,7778.2,1491.9,1.96,1085.82,23.62,12,5,0.0,0.2775,0.0395,0.2555,,4,True
SHP-102234275,Maersk,Melbourne,Baltimore,sea,In_Transit,Chemicals,CNY,2024-01-27,2024-02-14,433.2,14736.1,59830.5,78.97,119736.35,6435.43,3,0,0.0,0.2873,0.1345,0.2314,,3,True
SHP-104638255,ZIM,Felixstowe,Antwerp,sea,In_Transit,Raw_Materials,SGD,2023-05-07,2023-05-14,183.0,20521.3,22140.9,54.98,664.64,17.18,19,4,0.0,0.1827,0.2609,0.2766,,1,True
SHP-102887925,FedEx,Melbourne,Singapore,rail,Delayed,Automotive,USD,2022-03-29,2022-04-02,110.7,4614.9,42320.4,151.04,143357.6,9467.81,10,1,60.9,0.1283,0.0729,0.3968,,2,False
SHP-100926761,DB_Schenker,Melbourne,Singapore,rail,On_Schedule,Chemicals,SGD,2024-08-02,2024-08-10,206.4,7147.4,13.4,0.02,141879.98,11249.43,9,3,0.0,0.1566,0.0794,0.4246,,3,False
SHP-102728972,Yang_Ming,Singapore,Valencia,sea,At_Port,Automotive,AED,2023-04-02,2023-04-29,653.1,4265.3,973.4,1.5,835777.15,25862.01,21,3,0.0,0.2247,0.1079,0.2301,21.5,3,True
SHP-104828702,Kuehne_Nagel,Busan,Savannah,rail,On_Schedule,Electronics,EUR,2024-01-31,2024-02-02,64.8,520.2,187.3,0.56,37852.37,1757.43,16,4,0.0,0.3127,0.3923,0.5665,,4,True
SHP-103884485,UPS,Ningbo,Savannah,air,In_Transit,Food_Beverage,USD,2023-09-02,2023-09-04,63.3,13586.7,8420.7,13.57,1257870.54,60983.04,8,5,0.0,0.0691,0.1542,0.3108,,3,False
SHP-102223193,Yang_Ming,Felixstowe,Savannah,air,Delayed,Chemicals,EUR,2024-12-18,2024-12-19,45.6,4572.7,7244.5,13.58,3215.93,231.68,15,5,11.9,0.2209,0.0722,0.1325,,1,True
SHP-102069625,CMA_CGM,Shanghai,Genoa,sea,In_Transit,Pharmaceuticals,CNY,2022-12-14,2022-12-22,208.6,9226.4,377346.5,1315.56,24795.0,1519.79,11,2,0.0,0.1612,0.3803,0.4508,7.0,3,True
SHP-102990637,ZIM,Ningbo,Genoa,rail,On_Schedule,Consumer_Goods,CNY,2022-03-01,2022-03-05,104.1,7685.2,492.7,1.71,57189.2,3716.56,17,0,0.0,0.283,0.0168,0.3356,,1,True
SHP-102290569,Yang_Ming,Felixstowe,Genoa,sea,In_Transit,Electronics,GBP,2024-01-16,2024-02-08,568.8,11799.0,5123.2,14.01,50726.62,3723.81,2,0,0.0,0.3584,0.3084,0.2393,,3,True
SHP-104047760,DHL,Jebel_Ali,Dubai,road,In_Transit,Chemicals,SGD,2022-02-19,2022-02-20,43.2,6753.2,2121.5,9.23,134064.52,7409.08,4,2,0.0,0.4197,0.2923,0.068,,2,False
SHP-103537152,COSCO,Jebel_Ali,Miami,rail,In_Transit,Automotive,AED,2023-02-21,2023-02-25,110.4,2164.4,26193.9,58.7,102117.0,2327.8,22,4,0.0,0.0983,0.2694,0.4119,,3,True
SHP-100272477,Hapag-Lloyd,Jebel_Ali,Hamburg,rail,Delayed,Electronics,CNY,2022-03-16,2022-03-17,31.0,4944.6,598.4,0.78,40431.09,1725.98,3,2,16.8,0.4605,0.0857,0.2196,,1,True
SHP-102394750,ZIM,Felixstowe,Baltimore,road,On_Schedule,Raw_Materials,EUR,2023-11-11,2023-11-19,204.3,4238.3,107.6,0.15,2584.1,31.07,13,2,0.0,0.4032,0.264,0.4721,,3,True
SHP-101126384,CMA_CGM,Sydney,Piraeus,sea,Delayed,Perishables,AED,2022-08-14,2022-08-19,126.3,7247.1,2334.8,9.45,13001.6,401.38,24,4,17.2,0.4136,0.1973,0.2796,,3,True
SHP-101724236,Yang_Ming,Port_Klang,Barcelona,rail,On_Schedule,Consumer_Goods,SGD,2024-07-05,2024-07-09,99.4,1966.2,454.6,0.63,509683.17,18691.95,22,5,0.0,0.3854,0.049,0.1771,,4,True
SHP-101614226,COSCO,Chennai,Valencia,road,On_Schedule,Chemicals,CNY,2023-12-09,2023-12-12,76.8,1906.1,17683.1,22.63,40478.52,2102.11,10,4,0.0,0.5594,0.2912,0.5914,,2,False
SHP-102933488,Kuehne_Nagel,Mundra,Houston,air,Customs_Hold,Textiles,GBP,2024-04-21,2024-04-22,24.8,6914.5,2364.2,4.79,118501.08,5814.11,5,5,0.0,0.5322,0.0526,0.363,-1.3,1,True
SHP-103088832,Kuehne_Nagel,Dubai,Singapore,sea,On_Schedule,Chemicals,CNY,2023-01-08,2023-02-04,666.8,13066.6,3643.7,7.42,184871.0,2913.6,9,2,0.0,0.0441,0.0798,0.7599,,2,True
SHP-102945973,CMA_CGM,Singapore,New_York,rail,In_Transit,Electronics,EUR,2023-10-19,2023-10-21,71.1,669.5,9734.5,47.24,8989.5,592.76,22,3,0.0,0.2365,0.1042,0.1767,,3,True
SHP-101498299,COSCO,Ningbo,Mumbai,rail,In_Transit,Consumer_Goods,USD,2024-11-21,2024-11-27,166.2,5106.6,10099.7,20.91,5398670.79,72533.25,17,3,0.0,0.1731,0.1618,0.6044,,2,False
SHP-100823594,Evergreen,Shanghai,Rotterdam,road,In_Transit,Raw_Materials,AED,2022-03-13,2022-03-20,184.8,2630.3,7966.3,38.04,80514.22,1565.96,5,0,0.0,0.4115,0.2194,0.1445,,4,False
SHP-100283424,ONE,Tanjung_Pelepas,Antwerp,rail,On_Schedule,Electronics,SGD,2023-01-29,2023-02-04,148.8,4082.9,5460.7,11.14,146533.95,2905.85,20,0,0.0,0.6326,0.2839,0.0654,-14.2,4,False
SHP-101953956,DHL,Hamburg,Mumbai,sea,In_Transit,Raw_Materials,EUR,2024-10-12,2024-10-21,237.6,2292.7,111.2,0.3,14183.95,107.54,15,5,0.0,0.0778,0.0671,0.3434,,4,True
SHP-100237461,DB_Schenker,Hamburg,Valencia,sea,At_Port,Textiles,SGD,2024-06-07,2024-06-26,472.7,12004.5,104641.6,374.07,241212.45,3615.04,15,3,0.0,0.4273,0.2703,0.578,,2,False
SHP-102235860,MSC,Colombo,Piraeus,sea,At_Port,Chemicals,AED,2022-12-26,2023-01-18,572.3,4877.0,898.1,1.13,203821.27,8990.71,14,1,0.0,0.0823,0.2965,0.177,,2,False
SHP-101295309,Evergreen,Mundra,Miami,sea,Critical_Delay,Raw_Materials,AED,2024-05-06,2024-05-25,464.1,11330.7,4501.4,16.92,4174.3,203.48,23,4,25.3,0.2436,0.2053,0.0981,5.7,4,False
SHP-100551068,Evergreen,Colombo,Sydney,road,On_Schedule,Pharmaceuticals,SGD,2022-05-15,2022-05-21,161.3,6969.5,971.4,1.73,180082.61,10942.83,14,5,0.0,0.1699,0.1125,0.2219,,1,True
SHP-100591656,HMM,Mumbai,New_York,road,In_Transit,Perishables,EUR,2022-02-05,2022-02-13,192.7,6735.4,23492.6,46.61,3273.71,106.84,14,3,0.0,0.0623,0.4851,0.1626,,3,True
SHP-101569242,FedEx,Hamburg,Antwerp,road,On_Schedule,Textiles,GBP,2023-06-19,2023-06-23,103.2,5800.8,20061.6,31.0,69416.12,3085.22,13,2,0.0,0.2254,0.0083,0.2168,,4,True
SHP-100065320,DHL,Rotterdam,Baltimore,air,Delivered,Pharmaceuticals,CNY,2022-01-10,2022-01-10,14.7,7490.0,29474.0,61.11,1914.54,76.39,19,5,32.9,0.3696,0.1376,0.6237,-18.8,1,True
SHP-100481079,Hapag-Lloyd,Shanghai,Antwerp,sea,On_Schedule,Automotive,GBP,2023-11-08,2023-12-06,683.4,13617.4,5326.8,15.16,95360.07,5852.82,24,1,0.0,0.2046,0.1071,0.138,,1,True
SHP-101562612,MSC,Rotterdam,Valencia,road,On_Schedule,Chemicals,USD,2023-06-17,2023-06-21,105.4,7072.5,6297.6,8.66,4627.1,360.57,11,1,0.0,0.3822,0.1993,0.1915,10.4,2,True
SHP-100752592,DHL,Rotterdam,Miami,sea,On_Schedule,Consumer_Goods,USD,2024-05-09,2024-06-04,636.4,11348.7,25987.7,33.19,640.98,48.49,13,2,0.0,0.1831,0.0504,0.4849,,3,False
SHP-101473388,HMM,Tokyo,Bremen,rail,On_Schedule,Machinery,SGD,2022-01-03,2022-01-11,209.2,5111.0,5189.5,11.25,7535.15,243.09,16,2,0.0,0.1431,0.0483,0.2287,,1,True
SHP-101447190,ZIM,Singapore,Mumbai,sea,Delivered,Consumer_Goods,GBP,2022-09-29,2022-10-27,690.5,21670.6,335.7,0.5,47874.41,1012.32,23,2,50.3,0.3703,0.7953,0.5146,,2,False
SHP-102433809,ZIM,Chennai,Miami,road,On_Schedule,Raw_Materials,GBP,2024-12-28,2024-12-29,25.7,5659.5,1760.2,2.43,96003.58,4934.35,10,4,0.0,0.1168,0.1818,0.4527,23.6,3,True
SHP-100380116,ONE,Dubai,Baltimore,sea,In_Transit,Chemicals,CNY,2024-12-15,2025-01-07,556.7,16090.8,2757.8,4.75,46478.04,584.59,18,1,0.0,0.0589,0.109,0.2295,,4,False
SHP-103790103,Maersk,Jebel_Ali,Dubai,air,Delivered,Pharmaceuticals,GBP,2023-07-17,2023-07-18,43.6,8927.7,151.3,0.43,7674.77,262.89,19,2,19.7,0.1715,0.0345,0.1805,-9.8,1,True
SHP-104000095,ZIM,Melbourne,New_York,air,On_Schedule,Textiles,AED,2023-08-07,2023-08-09,53.0,14358.6,6525.7,11.39,249206.18,15678.08,12,0,0.0,0.2442,0.0152,0.3876,,4,False
SHP-102064639,UPS,Antwerp,Mumbai,sea,On_Schedule,Chemicals,GBP,2023-06-11,2023-07-09,677.0,9944.2,5813.1,12.16,1478551.05,115022.08,17,4,0.0,0.1494,0.0995,0.336,,3,False
SHP-101032221,ZIM,Port_Klang,Singapore,sea,On_Schedule,Raw_Materials,CNY,2023-04-19,2023-05-11,542.4,10790.9,16899.5,54.37,615974.06,18406.19,20,1,0.0,0.0989,0.0098,0.5459,,4,True
SHP-101719734,COSCO,Singapore,Bremen,sea,On_Schedule,Food_Beverage,AED,2023-11-30,2023-12-29,698.1,8876.9,7527.1,36.12,96394.27,2348.79,21,2,0.0,0.3857,0.1394,0.3024,,4,True
SHP-103267928,Hapag-Lloyd,Tanjung_Pelepas,Singapore,sea,At_Port,Textiles,EUR,2024-03-13,2024-04-05,558.7,16477.0,191.6,0.84,467491.33,30154.04,24,2,0.0,0.0693,0.1232,0.2143,,4,True
SHP-101568461,COSCO,Rotterdam,Felixstowe,sea,On_Schedule,Chemicals,AED,2023-06-03,2023-06-09,146.1,19599.9,117576.4,242.98,2276409.41,136790.67,4,3,0.0,0.3485,0.1212,0.5935,,2,False
SHP-102161005,Hapag-Lloyd,Colombo,Antwerp,sea,Delayed,Automotive,CNY,2023-09-14,2023-10-03,478.5,9116.2,4011.4,7.05,9747.07,555.75,7,1,24.5,0.5716,0.5232,0.5643,,2,True
SHP-104944852,ONE,Singapore,Hamburg,sea,On_Schedule,Machinery,GBP,2024-07-05,2024-07-15,263.0,17541.4,6141.5,12.93,17501.24,1292.38,9,1,0.0,0.1423,0.1629,0.4448,,3,True
SHP-103976029,CMA_CGM,Rotterdam,Los_Angeles,air,On_Schedule,Food_Beverage,SGD,2023-03-28,2023-03-29,25.3,7553.4,486.3,1.09,24242.86,704.87,2,0,0.0,0.7032,0.1538,0.4323,-1.6,3,True
SHP-104676252,DB_Schenker,Singapore,Mumbai,air,On_Schedule,Electronics,SGD,2024-01-26,2024-01-28,52.2,9872.5,5061.6,12.42,3753.07,148.67,3,1,0.0,0.4486,0.3847,0.1707,,2,True
SHP-102704878,MSC,Colombo,Mumbai,road,At_Port,Perishables,USD,2024-05-23,2024-05-28,131.2,7393.2,27750.6,83.03,3704.51,34.31,17,5,0.0,0.3128,0.149,0.0293,,4,False
SHP-101378122,Maersk,Felixstowe,Genoa,road,On_Schedule,Chemicals,GBP,2022-11-03,2022-11-04,35.6,4908.1,3936.5,12.85,1870530.23,73667.79,19,4,0.0,0.0975,0.5391,0.2145,-13.5,3,False
SHP-104835299,Evergreen,Felixstowe,Mumbai,sea,In_Transit,Textiles,USD,2023-03-27,2023-04-24,680.0,13985.6,961.2,3.52,25987.76,2013.63,12,0,0.0,0.2752,0.27,0.1108,,4,False
SHP-103130732,Kuehne_Nagel,Rotterdam,Piraeus,sea,On_Schedule,Electronics,AED,2022-02-20,2022-02-28,195.9,11198.3,866.4,1.86,26085.32,661.73,4,0,0.0,0.3567,0.1263,0.5389,,1,True
SHP-100242655,Evergreen,Mumbai,Bremen,air,Delayed,Electronics,SGD,2023-06-18,2023-06-19,30.0,760.7,3964.0,11.51,5939.84,293.36,17,5,29.0,0.3184,0.0684,0.3078,,3,False
SHP-103011848,Hapag-Lloyd,Guangzhou,Hamburg,rail,At_Port,Raw_Materials,GBP,2024-09-15,2024-09-21,165.5,4373.1,986.0,1.68,140249.65,9728.53,18,1,0.0,0.3795,0.2301,0.4482,,4,False
SHP-100298786,Yang_Ming,Felixstowe,Barcelona,sea,In_Transit,Textiles,CNY,2023-06-17,2023-07-04,414.4,10534.6,677.4,1.55,158372.91,5344.01,22,0,0.0,0.0456,0.1928,0.5557,,1,False
SHP-102847958,ONE,Shanghai,Genoa,sea,In_Transit,Food_Beverage,GBP,2022-09-18,2022-09-29,279.7,21976.4,6655.5,18.88,63101.16,3377.23,3,4,0.0,0.5465,0.1552,0.1264,28.8,3,False
SHP-100510448,CMA_CGM,Shanghai,New_York,air,On_Schedule,Consumer_Goods,USD,2022-03-02,2022-03-04,53.7,13670.1,13322.3,55.68,2136200.3,50596.32,11,0,0.0,0.2084,0.1237,0.1586,,4,False
SHP-100989864,Hapag-Lloyd,Mumbai,Miami,sea,On_Schedule,Chemicals,AED,2023-06-01,2023-06-24,560.5,12744.8,768.7,1.83,290267.67,6443.76,14,5,0.0,0.4274,0.2698,0.3709,-12.0,1,True
SHP-100098529,Evergreen,Busan,Valencia,road,Delayed,Textiles,CNY,2024-03-11,2024-03-15,117.3,2551.7,78832.4,116.23,35836.85,1802.21,11,4,10.6,0.1513,0.3134,0.4804,,2,True
SHP-104428030,DHL,Sydney,Antwerp,road,In_Transit,Electronics,USD,2022-06-25,2022-06-27,60.5,4054.5,2591.1,4.29,42139.9,2136.21,3,1,0.0,0.361,0.0894,0.4549,,2,True
SHP-104798630,HMM,Chennai,Baltimore,air,On_Schedule,Machinery,AED,2024-01-07,2024-01-09,53.6,12634.6,34460.3,150.04,625571.41,6299.38,7,4,0.0,0.219,0.2648,0.4078,,1,False
SHP-104220425,COSCO,Ningbo,Bremen,sea,On_Schedule,Textiles,AED,2024-06-02,2024-06-10,209.8,12321.6,108.6,0.29,56228.4,2321.33,1,0,0.0,0.006,0.3239,0.1588,,1,False
SHP-102100300,MSC,Ningbo,Felixstowe,sea,Critical_Delay,Automotive,GBP,2024-01-30,2024-02-14,373.0,4628.2,157569.2,310.34,88647.54,3484.27,17,5,0.3,0.1986,0.1939,0.2114,,2,True
SHP-103188651,CMA_CGM,Dubai,Mumbai,rail,In_Transit,Perishables,SGD,2022-12-14,2022-12-22,204.4,5404.0,5356.2,7.64,403811.52,16463.24,3,3,0.0,0.1147,0.0354,0.1013,,2,True
SHP-100734198,HMM,Hamburg,Le_Havre,sea,Critical_Delay,Raw_Materials,CNY,2023-09-06,2023-09-14,203.6,16286.3,14903.6,32.99,77915.83,4996.77,4,5,18.1,0.2767,0.1593,0.1447,,1,True
SHP-102546570,HMM,Tanjung_Pelepas,Rotterdam,sea,On_Schedule,Food_Beverage,USD,2024-11-10,2024-11-27,421.6,14229.2,2167.4,3.38,2024097.84,143810.93,9,0,0.0,0.1825,0.3111,0.3647,,1,False
SHP-101447674,DB_Schenker,Port_Klang,Houston,air,Customs_Hold,Consumer_Goods,USD,2022-06-08,2022-06-10,66.5,6768.5,4071.4,17.41,56503.56,477.14,4,4,0.0,0.2184,0.0909,0.1831,,3,False
SHP-103823659,ONE,Melbourne,Los_Angeles,sea,On_Schedule,Textiles,CNY,2022-10-11,2022-11-09,713.6,7520.9,201.7,0.35,36647.76,1968.59,16,1,0.0,0.1709,0.0823,0.5274,,4,True
SHP-100613963,COSCO,Rotterdam,Los_Angeles,sea,In_Transit,Pharmaceuticals,EUR,2024-02-05,2024-02-18,328.2,15908.9,11701.2,19.96,202484.35,13135.97,11,0,0.0,0.2317,0.1417,0.1807,13.1,1,True
SHP-103169510,Evergreen,Tokyo,Miami,sea,On_Schedule,Consumer_Goods,GBP,2024-03-28,2024-04-18,514.6,9563.2,251.2,0.81,62080.87,837.65,6,2,0.0,0.2458,0.0518,0.2286,,2,False
SHP-103484501,DB_Schenker,Mundra,Le_Havre,sea,In_Transit,Textiles,AED,2022-08-25,2022-09-10,400.6,7064.4,3381.2,4.62,136993.99,10594.85,16,4,0.0,0.1259,0.094,0.3567,,3,True
SHP-100611507,MSC,Ningbo,Dubai,road,Delivered,Automotive,SGD,2022-05-01,2022-05-05,114.2,5024.1,939.8,1.19,150440.98,9658.12,11,3,33.8,0.3156,0.115,0.3492,,1,True
SHP-104930005,ONE,Port_Klang,Felixstowe,sea,Delayed,Automotive,EUR,2023-08-16,2023-09-07,546.0,17880.3,16274.4,40.58,12465.03,411.41,16,5,37.3,0.319,0.2037,0.5443,1.5,4,True
SHP-102123203,COSCO,Rotterdam,Sydney,sea,Delayed,Automotive,USD,2024-01-28,2024-02-23,632.1,890.8,117.8,0.28,107806.12,5349.95,16,0,54.3,0.3071,0.2538,0.2503,-14.7,1,True
SHP-100930643,Hapag-Lloyd,Melbourne,Baltimore,air,Critical_Delay,Perishables,USD,2024-05-21,2024-05-21,16.4,3756.5,139.7,0.22,4018.08,119.76,17,0,17.0,0.6654,0.0267,0.1793,22.2,3,True
SHP-104259630,ONE,Mundra,Miami,rail,Delivered,Pharmaceuticals,CNY,2023-02-19,2023-02-23,117.3,3651.4,13701.8,59.03,7959.62,225.22,19,1,16.4,0.1082,0.0295,0.7324,2.6,4,True
SHP-103284278,CMA_CGM,Busan,Le_Havre,sea,Delayed,Chemicals,AED,2022-09-03,2022-10-02,710.2,10256.7,4149.6,13.32,1860286.9,35039.27,18,3,27.5,0.7538,0.2632,0.0472,,1,False
SHP-103773692,Maersk,Tanjung_Pelepas,Bremen,rail,In_Transit,Automotive,EUR,2022-04-06,2022-04-14,198.1,6100.0,28816.4,137.62,21581.96,873.78,2,3,0.0,0.3159,0.2715,0.2945,,1,False
SHP-103928437,UPS,Port_Klang,Baltimore,rail,Delayed,Electronics,USD,2022-05-24,2022-06-02,229.8,1037.6,26.1,0.04,48244.97,1728.98,19,4,3.0,0.2556,0.1603,0.4338,,1,True
SHP-102201220,Kuehne_Nagel,Busan,Piraeus,road,On_Schedule,Pharmaceuticals,AED,2023-03-02,2023-03-11,216.8,4192.6,789.7,1.39,216707.63,1913.93,19,2,0.0,0.4072,0.1773,0.309,,4,True
SHP-101859395,Maersk,Hamburg,Houston,sea,On_Schedule,Food_Beverage,SGD,2024-07-11,2024-07-23,301.1,21678.9,2360.9,6.3,27136.8,2161.89,20,4,0.0,0.2464,0.2688,0.9055,,1,True
SHP-103139491,Hapag-Lloyd,Sydney,Le_Havre,air,Customs_Hold,Textiles,GBP,2023-12-18,2023-12-20,54.5,3538.1,281.3,1.3,5161.1,273.06,6,5,0.0,0.2936,0.0277,0.089,6.7,3,True
SHP-102693891,MSC,Hamburg,Singapore,road,On_Schedule,Textiles,EUR,2024-12-21,2024-12-22,47.0,2833.1,2245.2,5.89,426532.06,4841.23,23,2,0.0,0.3105,0.1862,0.0513,,2,True
SHP-101540864,CMA_CGM,Felixstowe,Genoa,sea,In_Transit,Perishables,AED,2022-12-05,2022-12-24,458.0,16374.0,5607.2,7.06,14440.77,1091.85,12,0,0.0,0.7942,0.1731,0.101,-1.1,4,True
SHP-103353046,ONE,Guangzhou,Houston,sea,On_Schedule,Perishables,CNY,2023-08-20,2023-09-14,620.8,2007.5,472.9,0.6,62456.25,577.65,7,5,0.0,0.1908,0.4865,0.2599,,2,False
SHP-102554518,HMM,Rotterdam,Savannah,sea,On_Schedule,Electronics,GBP,2024-06-12,2024-06-19,174.1,9049.6,33997.7,126.34,284846.9,22293.29,17,3,0.0,0.1168,0.1763,0.4625,,1,False
SHP-100504717,CMA_CGM,Colombo,Baltimore,sea,Delayed,Raw_Materials,USD,2022-09-30,2022-10-06,148.6,11978.0,26443.5,38.9,58381.65,1607.62,15,3,0.3,0.4392,0.0427,0.2628,,3,True
SHP-100716669,FedEx,Singapore,Rotterdam,sea,Delayed,Raw_Materials,USD,2024-08-23,2024-09-20,677.7,10522.4,1080.9,2.34,72972.41,2748.8,17,3,21.2,0.1095,0.3651,0.0956,,3,False
SHP-102031076,ZIM,Hamburg,Houston,sea,In_Transit,Machinery,EUR,2024-05-03,2024-05-11,209.8,17098.6,470.0,0.87,123930.46,1561.23,8,3,0.0,0.5018,0.0693,0.4229,,2,True
SHP-103310664,MSC,Shanghai,Genoa,road,Delayed,Machinery,USD,2022-09-10,2022-09-16,153.5,2953.4,68069.2,95.79,206780.49,8524.85,23,0,14.1,0.4873,0.0589,0.4078,-15.9,2,True
SHP-103209252,CMA_CGM,Sydney,Mumbai,air,Delayed,Perishables,EUR,2023-03-10,2023-03-11,47.6,14787.7,1000.0,1.34,6569.57,105.2,9,1,1.8,0.0359,0.065,0.4414,-6.4,1,True
SHP-102966332,HMM,Felixstowe,Barcelona,rail,In_Transit,Pharmaceuticals,CNY,2023-10-13,2023-10-18,143.4,5659.9,9485.5,22.32,265465.06,19797.18,8,1,0.0,0.1612,0.0482,0.6088,27.9,1,True
SHP-102504899,ONE,Busan,Los_Angeles,sea,On_Schedule,Machinery,SGD,2024-02-15,2024-03-03,417.0,11577.6,995.2,1.71,113201.84,597.23,17,5,0.0,0.3699,0.4297,0.1076,,4,False
SHP-103754953,Maersk,Mumbai,Bremen,air,At_Port,Electronics,CNY,2024-09-09,2024-09-10,36.0,10326.3,390.1,0.52,65116.87,1216.89,14,2,0.0,0.4152,0.3367,0.1395,,4,True
SHP-104245549,Hapag-Lloyd,Tokyo,Felixstowe,sea,Delayed,Chemicals,EUR,2023-03-15,2023-04-08,589.5,3988.6,1114.9,2.6,123020.97,688.17,23,0,42.5,0.2516,0.5024,0.1517,17.5,4,True
SHP-100678537,Hapag-Lloyd,Singapore,Hamburg,sea,In_Transit,Consumer_Goods,EUR,2024-08-25,2024-09-02,206.8,14909.2,1296.6,2.23,17803.29,119.59,18,0,0.0,0.2268,0.5203,0.6278,,4,True
SHP-102386556,DB_Schenker,Colombo,Houston,sea,In_Transit,Food_Beverage,GBP,2022-12-15,2022-12-26,269.1,5718.8,1278.0,2.61,187428.16,6595.03,5,4,0.0,0.2711,0.2,0.2555,-5.3,3,True
SHP-100307726,UPS,Colombo,Houston,sea,On_Schedule,Electronics,EUR,2023-06-08,2023-06-14,166.9,11192.3,15538.7,21.16,621614.93,6427.17,9,4,0.0,0.3412,0.4795,0.2336,-11.5,2,False
SHP-104975141,Yang_Ming,Tanjung_Pelepas,Houston,air,In_Transit,Textiles,SGD,2023-03-19,2023-03-19,15.9,11422.4,5994.9,10.8,357483.92,13786.69,17,5,0.0,0.04,0.2951,0.343,,1,True
SHP-103702550,HMM,Jebel_Ali,Houston,air,On_Schedule,Food_Beverage,EUR,2024-05-28,2024-05-28,12.9,10872.2,160.4,0.31,4432.1,211.3,2,2,0.0,0.268,0.1147,0.2564,,4,True
SHP-102250555,MSC,Jebel_Ali,Rotterdam,sea,In_Transit,Automotive,GBP,2023-07-06,2023-08-02,665.9,4056.3,2779.4,6.7,136394.62,10063.05,22,1,0.0,0.5092,0.0912,0.6191,,4,True
SHP-103621230,Evergreen,Tokyo,Savannah,air,On_Schedule,Textiles,SGD,2023-05-03,2023-05-05,48.6,5600.9,822.8,1.26,388938.39,17604.44,11,3,0.0,0.3087,0.2979,0.3161,,1,True
SHP-102620855,UPS,Chennai,Singapore,rail,Customs_Hold,Electronics,CNY,2023-06-12,2023-06-17,142.7,5990.9,10670.1,15.13,4049.44,274.13,8,0,0.0,0.5005,0.31,0.3542,-17.8,1,False
SHP-103189022,DB_Schenker,Singapore,Mumbai,sea,Customs_Hold,Electronics,AED,2023-02-20,2023-03-20,695.5,2492.5,2043.5,3.0,3701.97,173.04,15,2,0.0,0.2381,0.0483,0.0741,-16.6,2,True
SHP-102402939,ONE,Hamburg,Dubai,sea,In_Transit,Electronics,USD,2022-03-17,2022-04-02,387.8,14606.7,6703.9,9.55,19716.49,354.01,8,2,0.0,0.2128,0.2545,0.3937,,3,True
SHP-100213800,Yang_Ming,Hamburg,Los_Angeles,sea,On_Schedule,Textiles,USD,2022-07-15,2022-08-07,556.7,11798.5,31312.9,87.75,42383.71,344.82,20,0,0.0,0.1548,0.1911,0.1833,-4.7,2,True
SHP-100678261,UPS,Hamburg,Singapore,air,At_Port,Chemicals,CNY,2023-01-13,2023-01-14,32.6,5580.2,244.2,0.32,54553.95,2922.38,7,0,0.0,0.2615,0.4738,0.2396,-8.0,2,False
SHP-100555822,MSC,Mumbai,Felixstowe,sea,In_Transit,Machinery,SGD,2023-07-19,2023-08-11,556.3,16872.2,43440.6,84.67,7800.37,169.79,10,5,0.0,0.3753,0.0823,0.595,,1,True
SHP-104142074,ZIM,Mundra,Savannah,sea,In_Transit,Perishables,SGD,2022-01-11,2022-01-23,295.1,1131.4,4325.4,5.97,3632.82,176.29,7,3,0.0,0.1893,0.1565,0.4225,,1,False
SHP-100831066,MSC,Rotterdam,Savannah,sea,On_Schedule,Automotive,USD,2023-08-31,2023-09-22,535.1,1572.9,1156.6,3.16,2966.44,173.19,22,1,0.0,0.4336,0.0144,0.5166,,4,False
SHP-104288932,UPS,Busan,Antwerp,sea,In_Transit,Chemicals,CNY,2024-05-14,2024-05-27,327.0,5364.4,1298.0,1.81,15281.48,799.59,4,4,0.0,0.1422,0.1584,0.3359,,1,False
SHP-101240428,FedEx,Busan,Hamburg,sea,At_Port,Chemicals,USD,2024-04-23,2024-05-20,670.3,20702.6,170.2,0.21,216106.34,15751.51,3,3,0.0,0.2378,0.2604,0.7159,,1,True
SHP-103908811,ONE,Mumbai,Genoa,rail,On_Schedule,Electronics,AED,2023-06-11,2023-06-15,111.8,1365.6,475.7,2.05,835395.01,66826.02,14,5,0.0,0.3712,0.1246,0.0311,,3,True
SHP-101412799,DHL,Ningbo,Bremen,air,Delayed,Chemicals,GBP,2024-08-25,2024-08-27,49.8,3158.0,7803.5,10.79,53089.68,3806.55,5,2,13.7,0.4161,0.175,0.2359,,2,True
SHP-100009012,Kuehne_Nagel,Chennai,Bremen,rail,On_Schedule,Chemicals,AED,2022-08-20,2022-08-21,33.9,3067.2,47873.6,60.58,48416.47,1089.14,15,0,0.0,0.1012,0.1707,0.5645,,1,True
SHP-100866495,Hapag-Lloyd,Tanjung_Pelepas,Savannah,sea,In_Transit,Electronics,AED,2024-07-13,2024-07-30,415.6,969.1,15106.5,32.93,55088.81,2496.94,21,4,0.0,0.0944,0.1407,0.8079,,1,True
SHP-104604259,Yang_Ming,Chennai,Felixstowe,rail,Delayed,Perishables,USD,2022-04-01,2022-04-04,79.0,763.6,5.5,0.01,30795.98,1196.14,22,1,4.8,0.4931,0.1804,0.4215,-1.4,1,True
SHP-101813862,Hapag-Lloyd,Mumbai,Savannah,road,Customs_Hold,Raw_Materials,CNY,2023-03-16,2023-03-19,92.0,2547.0,3777.3,11.05,180354.92,6509.2,6,5,0.0,0.1296,0.3141,0.2074,,1,False
SHP-104204684,CMA_CGM,Sydney,Hamburg,air,On_Schedule,Machinery,AED,2022-08-23,2022-08-24,34.7,2950.5,1684.4,5.34,323135.23,9702.18,22,5,0.0,0.3009,0.3926,0.1757,,2,True
SHP-102765178,CMA_CGM,Tokyo,Singapore,rail,On_Schedule,Machinery,SGD,2023-05-15,2023-05-18,74.7,1132.3,3390.4,5.26,1522949.36,39796.09,5,0,0.0,0.1616,0.2034,0.4253,25.0,4,False
SHP-103016897,UPS,Mundra,Miami,sea,On_Schedule,Textiles,CNY,2023-10-12,2023-10-16,107.5,3884.7,1651.0,2.41,5882.43,319.38,16,3,0.0,0.3661,0.3063,0.1117,,3,False
SHP-100017006,Kuehne_Nagel,Tanjung_Pelepas,Le_Havre,sea,Critical_Delay,Perishables,GBP,2023-01-22,2023-02-09,444.7,5896.8,60581.4,226.3,1522.62,116.13,23,5,35.8,0.2232,0.1413,0.1742,25.2,1,False
SHP-101193574,Hapag-Lloyd,Mundra,Rotterdam,rail,On_Schedule,Automotive,AED,2022-07-28,2022-07-31,92.6,6180.2,737.1,3.31,690505.79,12730.73,8,2,0.0,0.1114,0.202,0.3058,,3,True
SHP-103131109,HMM,Sydney,Valencia,sea,Delayed,Pharmaceuticals,EUR,2023-04-13,2023-04-27,355.1,11514.8,12148.4,22.5,184296.76,4462.04,3,3,6.2,0.1798,0.1548,0.7325,16.5,2,True
SHP-101494339,Yang_Ming,Antwerp,Piraeus,rail,At_Port,Machinery,AED,2022-12-07,2022-12-13,150.9,4153.3,336.5,0.45,14414.86,904.81,17,0,0.0,0.2343,0.4592,0.4956,-14.0,3,True
SHP-100903492,ZIM,Mundra,Bremen,sea,On_Schedule,Automotive,SGD,2023-11-22,2023-11-30,193.2,3419.8,13236.9,22.73,13398.1,532.7,19,0,0.0,0.2628,0.2142,0.1169,,2,True
SHP-100497386,Evergreen,Guangzhou,Savannah,sea,Delivered,Perishables,AED,2022-03-07,2022-03-24,429.9,16372.0,7115.0,24.29,18403.73,536.88,20,2,14.2,0.4497,0.4014,0.3533,,3,False
SHP-101030129,Hapag-Lloyd,Melbourne,Le_Havre,air,Critical_Delay,Electronics,USD,2022-05-31,2022-06-02,64.8,9900.1,3436.0,7.63,79396.26,3062.8,9,1,30.6,0.3272,0.1571,0.3652,,2,True
SHP-100339687,UPS,Chennai,Dubai,air,At_Port,Raw_Materials,GBP,2022-11-16,2022-11-17,42.8,10198.9,350440.5,575.11,92945.66,2896.62,22,1,0.0,0.1891,0.1163,0.7365,-10.4,2,True
SHP-103901019,DHL,Busan,Los_Angeles,sea,On_Schedule,Automotive,GBP,2022-07-31,2022-08-04,107.1,5666.7,520.5,0.74,272956.83,16837.45,5,1,0.0,0.0055,0.1576,0.8212,,3,True
SHP-101249977,MSC,Tanjung_Pelepas,Piraeus,road,On_Schedule,Machinery,USD,2023-07-14,2023-07-17,84.3,6853.9,8602.9,20.37,2953056.87,20932.69,22,1,0.0,0.3764,0.3866,0.2679,5.1,3,False
SHP-104708931,Evergreen,Colombo,Hamburg,rail,Delivered,Pharmaceuticals,AED,2024-01-28,2024-02-05,194.7,4129.5,4329.7,16.4,855083.66,17493.74,6,4,9.2,0.207,0.1284,0.3748,13.2,2,False
SHP-103672050,Maersk,Antwerp,Hamburg,sea,Customs_Hold,Automotive,AED,2022-02-18,2022-03-13,573.2,18872.7,1813.2,5.99,9409.36,219.19,16,0,0.0,0.0584,0.1039,0.2952,,2,True
SHP-103436085,Hapag-Lloyd,Melbourne,Piraeus,sea,Customs_Hold,Textiles,AED,2023-06-14,2023-06-30,397.2,18032.0,362.6,0.57,440761.74,17181.26,7,1,0.0,0.5453,0.4076,0.6005,,4,True
SHP-103380402,FedEx,Singapore,Los_Angeles,sea,In_Transit,Textiles,EUR,2022-10-07,2022-11-05,715.9,21618.8,16048.7,27.29,3528606.01,251828.95,21,4,0.0,0.2167,0.39,0.3255,-4.8,1,True
SHP-102237744,HMM,Guangzhou,New_York,sea,Delayed,Consumer_Goods,AED,2022-11-27,2022-12-13,385.8,1126.7,52001.9,128.26,151225.08,9860.78,21,1,4.2,0.1915,0.3233,0.5112,-11.9,1,False
SHP-102807187,Evergreen,Shanghai,Hamburg,air,Delayed,Consumer_Goods,GBP,2023-05-10,2023-05-12,66.5,13669.5,2516.6,6.64,208230.42,2315.62,13,2,14.9,0.1884,0.1139,0.0754,,2,True
SHP-100630288,COSCO,Felixstowe,Sydney,road,At_Port,Chemicals,SGD,2022-07-07,2022-07-08,36.8,2044.8,17499.7,45.8,189679.85,5328.76,12,1,0.0,0.1097,0.1657,0.2542,,2,True
SHP-103034693,Evergreen,Antwerp,Baltimore,road,Delayed,Machinery,CNY,2023-06-30,2023-07-05,131.6,5341.2,3974.4,7.05,26265.26,1226.27,1,0,26.6,0.1205,0.0539,0.2913,,4,True
SHP-102394555,COSCO,Felixstowe,Rotterdam,rail,At_Port,Food_Beverage,SGD,2023-03-11,2023-03-16,122.1,3456.5,26925.4,88.17,17655.76,1287.76,21,0,0.0,0.0637,0.0965,0.4375,-11.4,1,True
SHP-103339893,DHL,Rotterdam,Mumbai,sea,At_Port,Automotive,EUR,2023-10-03,2023-10-16,319.5,13240.3,42490.7,63.83,31490.98,2282.6,5,3,0.0,0.4437,0.1139,0.6448,,4,False
SHP-104856987,Maersk,Colombo,New_York,sea,In_Transit,Pharmaceuticals,SGD,2022-10-13,2022-11-04,534.3,6953.1,5356.4,12.03,40803.09,828.14,12,3,0.0,0.2534,0.0563,0.3224,,3,True
SHP-104981727,Hapag-Lloyd,Busan,Dubai,air,Critical_Delay,Automotive,AED,2024-05-22,2024-05-24,61.6,2820.4,38709.9,124.25,72799.12,3999.93,21,4,25.9,0.309,0.0875,0.4167,24.2,3,True
SHP-101672035,Hapag-Lloyd,Antwerp,Savannah,sea,In_Transit,Pharmaceuticals,AED,2022-06-11,2022-06-28,412.0,4363.3,2389.6,4.02,5177.4,300.82,3,0,0.0,0.234,0.0107,0.6318,24.4,2,False
SHP-102484123,Hapag-Lloyd,Shanghai,Hamburg,air,On_Schedule,Machinery,EUR,2024-07-24,2024-07-25,40.5,6124.7,108.5,0.15,128551.63,6967.06,11,3,0.0,0.2191,0.456,0.2323,,4,True
SHP-103406661,Kuehne_Nagel,Singapore,Antwerp,road,At_Port,Textiles,AED,2023-06-03,2023-06-06,95.2,248.4,10747.9,22.57,387133.15,3670.91,6,5,0.0,0.3902,0.0729,0.2982,,3,True
SHP-102416662,COSCO,Guangzhou,Mumbai,sea,Customs_Hold,Consumer_Goods,USD,2022-04-09,2022-04-20,270.8,8949.6,4493.7,9.98,47842.28,3391.94,4,3,0.0,0.1998,0.3407,0.308,,2,True
SHP-104797868,HMM,Jebel_Ali,Piraeus,sea,On_Schedule,Chemicals,USD,2023-09-14,2023-09-24,248.3,14176.3,1963.7,4.94,653622.9,48129.96,15,4,0.0,0.2809,0.2815,0.2581,,3,True
SHP-100352587,Hapag-Lloyd,Singapore,Genoa,sea,In_Transit,Automotive,CNY,2023-12-10,2024-01-06,662.8,17586.0,7470.6,14.95,57117.53,2544.56,17,3,0.0,0.1516,0.084,0.5898,,3,True
SHP-100764146,FedEx,Mumbai,Sydney,sea,Delayed,Chemicals,USD,2022-02-20,2022-03-04,293.5,18942.5,483.5,1.36,160830.57,11238.63,17,1,20.3,0.0342,0.097,0.2404,,1,False
SHP-102730713,CMA_CGM,Hamburg,Savannah,air,In_Transit,Machinery,AED,2024-08-30,2024-08-30,15.0,2860.9,404.0,1.22,3148.55,31.93,5,1,0.0,0.1344,0.2041,0.5275,,4,True
SHP-104330800,COSCO,Melbourne,Dubai,air,In_Transit,Chemicals,USD,2024-11-21,2024-11-23,55.6,6146.9,1053.8,2.12,37915.77,2485.7,8,5,0.0,0.042,0.2254,0.2328,,2,False
SHP-104373538,ONE,Shanghai,Hamburg,rail,Delayed,Perishables,SGD,2023-07-01,2023-07-10,233.8,6240.2,810.0,1.95,1051014.61,27078.32,13,1,15.8,0.363,0.1508,0.1261,,2,True
SHP-102051427,DHL,Singapore,Los_Angeles,road,In_Transit,Automotive,GBP,2024-03-15,2024-03-21,151.4,6208.4,546.9,1.22,32701.72,452.25,16,3,0.0,0.3396,0.193,0.0662,,1,True
SHP-103026733,UPS,Shanghai,Felixstowe,sea,On_Schedule,Pharmaceuticals,AED,2024-11-15,2024-12-10,600.2,11046.4,2609.2,7.92,124104.23,7365.72,18,1,0.0,0.1664,0.1036,0.2941,,3,False
SHP-100244284,ONE,Singapore,Mumbai,air,At_Port,Consumer_Goods,USD,2022-08-06,2022-08-06,13.3,10472.3,214837.8,326.27,14107.95,355.44,23,1,0.0,0.1554,0.3459,0.0513,20.3,1,True
SHP-104360298,FedEx,Tanjung_Pelepas,New_York,sea,In_Transit,Textiles,EUR,2024-10-13,2024-11-10,682.6,8679.5,3531.0,5.41,9374.06,52.51,11,5,0.0,0.0964,0.4514,0.227,,3,True
SHP-102096647,Maersk,Shanghai,Savannah,rail,In_Transit,Chemicals,EUR,2023-02-26,2023-03-03,134.2,5584.6,41561.5,74.83,12613.58,597.86,5,0,0.0,0.1039,0.2087,0.3697,,4,False
SHP-103016355,ZIM,Melbourne,Piraeus,sea,On_Schedule,Food_Beverage,USD,2023-09-14,2023-09-19,134.9,13167.4,1321.3,2.92,18034.27,1036.7,15,2,0.0,0.1995,0.1298,0.4827,,1,True
SHP-100676200,UPS,Port_Klang,Bremen,sea,Delivered,Automotive,CNY,2023-05-14,2023-06-07,594.7,7686.1,38440.3,100.74,617128.63,42051.57,20,4,2.0,0.2917,0.2544,0.4119,,1,True
SHP-103282596,Yang_Ming,Dubai,Felixstowe,rail,Delayed,Food_Beverage,AED,2023-12-24,2023-12-25,32.4,3095.6,1505.1,6.6,89008.58,5650.4,6,3,3.4,0.0996,0.219,0.2,,1,False
SHP-102756582,Yang_Ming,Rotterdam,Rotterdam,sea,At_Port,Electronics,CNY,2022-04-04,2022-04-22,440.5,9614.5,964.4,1.91,62773.21,4354.58,2,3,0.0,0.3134,0.3423,0.4199,,3,True
SHP-100492223,DB_Schenker,Dubai,New_York,rail,On_Schedule,Perishables,GBP,2023-07-19,2023-07-28,216.7,1220.8,2590.7,4.64,19948.38,118.56,11,1,0.0,0.0394,0.1183,0.0669,,1,False
SHP-103241432,Yang_Ming,Rotterdam,Baltimore,air,In_Transit,Pharmaceuticals,CNY,2024-03-09,2024-03-10,47.0,6007.8,1546.8,3.0,82805.03,1863.84,17,0,0.0,0.4899,0.5069,0.5236,,2,True
SHP-100162008,Yang_Ming,Colombo,Felixstowe,air,Delayed,Raw_Materials,AED,2024-01-08,2024-01-08,22.6,13832.5,660.8,3.08,5258.42,213.24,5,3,10.7,0.2598,0.1553,0.6156,,3,True
SHP-102206242,DB_Schenker,Singapore,Dubai,air,On_Schedule,Machinery,GBP,2022-08-30,2022-08-30,21.9,736.1,2229.5,3.54,1669206.23,99151.41,21,2,0.0,0.3206,0.1409,0.1591,,1,True
SHP-102671216,COSCO,Tanjung_Pelepas,Antwerp,air,On_Schedule,Raw_Materials,EUR,2023-06-20,2023-06-22,58.1,2208.7,1323.8,2.49,3428.97,195.47,22,0,0.0,0.3089,0.1308,0.3036,,1,True
SHP-102524135,ZIM,Sydney,Rotterdam,air,On_Schedule,Machinery,USD,2022-12-11,2022-12-13,53.8,9125.5,439358.1,1816.76,95098.57,1121.94,13,3,0.0,0.1857,0.3227,0.2453,,4,True
SHP-103571214,Evergreen,Mundra,Miami,sea,On_Schedule,Pharmaceuticals,AED,2023-07-22,2023-08-01,250.6,2928.0,2876.8,9.24,4167.28,175.49,21,0,0.0,0.1539,0.3548,0.2243,,4,True
SHP-100774992,DHL,Guangzhou,Sydney,road,On_Schedule,Electronics,CNY,2024-09-11,2024-09-20,238.9,3957.7,60162.7,108.42,793.86,44.09,18,3,0.0,0.3088,0.5345,0.2068,,1,False
SHP-100147396,Maersk,Jebel_Ali,Rotterdam,sea,Customs_Hold,Textiles,EUR,2024-07-07,2024-08-05,718.9,1734.9,112044.4,184.59,4021.83,131.16,20,4,0.0,0.3567,0.3475,0.3535,,1,False
SHP-104376042,MSC,Singapore,Hamburg,sea,In_Transit,Electronics,SGD,2024-02-29,2024-03-15,372.2,18370.1,101328.6,150.19,7064.98,85.41,13,2,0.0,0.2274,0.0695,0.0969,,1,False
SHP-100364438,DHL,Jebel_Ali,Felixstowe,sea,On_Schedule,Food_Beverage,AED,2022-04-15,2022-05-04,460.4,17710.3,8703.4,14.26,35234.57,1946.68,20,2,0.0,0.2796,0.1501,0.1961,,2,False
SHP-102092146,UPS,Rotterdam,New_York,sea,At_Port,Chemicals,AED,2023-05-06,2023-05-12,144.4,9278.2,2072.3,3.64,72163.43,3939.18,23,0,0.0,0.162,0.3224,0.1273,,2,False
SHP-103822515,ZIM,Port_Klang,Valencia,sea,In_Transit,Automotive,CNY,2022-11-14,2022-12-02,447.7,4260.8,1970.5,3.73,229358.67,13506.54,6,4,0.0,0.1596,0.0685,0.3039,-17.8,3,False
SHP-104639229,Evergreen,Felixstowe,Rotterdam,road,Delivered,Pharmaceuticals,SGD,2022-12-27,2022-12-30,77.8,828.1,5083.1,19.57,15284.01,322.18,9,4,12.3,0.3917,0.4544,0.397,,3,False
SHP-100551070,Hapag-Lloyd,Tanjung_Pelepas,Houston,sea,In_Transit,Raw_Materials,AED,2024-01-27,2024-02-22,637.2,3736.5,9832.8,25.95,491013.63,32402.7,23,0,0.0,0.765,0.0126,0.2582,,3,True
SHP-100603203,MSC,Ningbo,Le_Havre,air,At_Port,Electronics,USD,2024-12-01,2024-12-01,15.3,11955.4,8434.0,10.98,131247.88,1853.01,22,3,0.0,0.3687,0.5295,0.1945,,1,True
SHP-101845662,ONE,Mumbai,Barcelona,air,Customs_Hold,Pharmaceuticals,CNY,2022-02-19,2022-02-20,39.7,1232.3,735.1,1.41,100615.16,1663.68,2,3,0.0,0.2618,0.0909,0.2914,,1,True
SHP-104460456,ZIM,Tanjung_Pelepas,Barcelona,rail,On_Schedule,Food_Beverage,SGD,2022-12-10,2022-12-12,55.9,4983.7,24397.0,51.33,4953.88,101.26,15,1,0.0,0.5288,0.1208,0.4402,-6.1,2,False
SHP-104824953,DHL,Ningbo,Le_Havre,rail,On_Schedule,Textiles,AED,2024-09-13,2024-09-17,97.8,2242.6,4844.4,8.46,471998.61,7932.92,12,3,0.0,0.3291,0.1738,0.3959,,3,True
SHP-104426035,CMA_CGM,Shanghai,Miami,air,Delayed,Pharmaceuticals,AED,2024-04-17,2024-04-19,49.6,11341.4,122.1,0.21,348293.33,2312.96,3,2,24.9,0.3494,0.1191,0.5091,,2,True
SHP-100621453,Kuehne_Nagel,Port_Klang,Barcelona,sea,On_Schedule,Raw_Materials,GBP,2024-08-29,2024-09-10,289.9,21193.2,7225.1,22.73,1467.7,34.29,15,1,0.0,0.1519,0.0277,0.2015,,1,False
SHP-104566141,CMA_CGM,Singapore,Miami,road,In_Transit,Perishables,GBP,2024-03-08,2024-03-10,67.0,1261.0,21762.1,70.27,9918.1,625.65,8,0,0.0,0.0958,0.0258,0.676,,3,True
SHP-104036575,FedEx,Colombo,Sydney,sea,Critical_Delay,Electronics,GBP,2024-01-07,2024-02-02,647.1,11756.7,50180.3,94.55,201342.21,14580.21,15,0,17.5,0.3743,0.0152,0.0754,,2,False
SHP-103892452,MSC,Chennai,Rotterdam,road,Customs_Hold,Textiles,AED,2023-06-10,2023-06-11,39.0,1485.6,1034.8,2.32,105344.37,4676.66,14,3,0.0,0.4379,0.3716,0.2744,7.0,2,True
SHP-103614004,HMM,Melbourne,Felixstowe,sea,Customs_Hold,Consumer_Goods,USD,2023-06-26,2023-07-01,127.3,3657.3,1293.1,1.87,2142.13,28.46,21,3,0.0,0.2604,0.2846,0.2019,-19.4,2,True
SHP-103491474,Evergreen,Chennai,Felixstowe,road,On_Schedule,Machinery,SGD,2024-09-01,2024-09-10,218.8,1992.5,14214.3,23.39,53678.78,2527.34,3,5,0.0,0.2974,0.0566,0.6999,-8.8,2,True
SHP-103526240,FedEx,Antwerp,Piraeus,sea,At_Port,Machinery,CNY,2022-08-04,2022-08-25,521.1,11713.6,29932.9,44.54,2722700.63,62405.79,3,4,0.0,0.3661,0.0637,0.1929,,1,True
SHP-102605672,Hapag-Lloyd,Melbourne,Le_Havre,sea,Delayed,Automotive,GBP,2024-10-08,2024-10-18,249.2,2531.7,22857.7,59.68,204613.16,12077.73,17,5,109.7,0.343,0.1526,0.4091,,4,True
SHP-103762232,Maersk,Colombo,Le_Havre,air,Delayed,Raw_Materials,USD,2022-12-16,2022-12-18,69.9,14732.3,59389.1,267.76,126377.38,3994.58,3,5,4.6,0.42,0.4793,0.1639,,1,False
SHP-103225540,HMM,Felixstowe,Mumbai,road,On_Schedule,Chemicals,SGD,2022-02-16,2022-02-17,48.0,1944.0,2115.5,4.91,311.19,23.35,1,5,0.0,0.3169,0.0932,0.1339,22.2,4,False
SHP-104589049,HMM,Rotterdam,Houston,road,On_Schedule,Machinery,AED,2023-05-02,2023-05-04,54.7,367.9,2019.4,2.59,11783.77,484.59,12,0,0.0,0.4475,0.3135,0.2502,,3,True
SHP-100238531,COSCO,Tanjung_Pelepas,Mumbai,sea,Customs_Hold,Automotive,CNY,2022-03-24,2022-03-30,163.6,14302.5,1744.4,2.21,32121.55,2136.09,3,2,0.0,0.3349,0.3182,0.4781,,1,True
SHP-103756272,Kuehne_Nagel,Busan,Valencia,rail,Critical_Delay,Pharmaceuticals,USD,2024-12-03,2024-12-06,93.2,477.1,8545.8,11.01,29792.71,458.44,7,0,34.3,0.3403,0.1231,0.5898,,4,False
SHP-104056706,FedEx,Busan,New_York,rail,In_Transit,Pharmaceuticals,CNY,2024-12-15,2024-12-23,202.3,4401.3,1991.3,5.49,14954.88,654.19,23,4,0.0,0.1071,0.0814,0.1676,,1,True
SHP-100612283,Maersk,Mumbai,Singapore,sea,Delivered,Food_Beverage,AED,2024-02-12,2024-03-01,454.3,21772.0,13678.6,26.0,50846.79,1072.69,17,0,3.2,0.4909,0.1943,0.274,,3,False
SHP-101425452,COSCO,Jebel_Ali,Miami,sea,On_Schedule,Machinery,CNY,2022-01-06,2022-01-20,359.6,21058.7,4673.5,5.85,19463.15,382.12,17,3,0.0,0.0937,0.042,0.26,-8.3,4,True
SHP-101200680,COSCO,Shanghai,Dubai,sea,On_Schedule,Food_Beverage,EUR,2022-03-15,2022-03-26,281.4,21710.5,13890.2,33.91,27101.07,887.5,16,0,0.0,0.2543,0.0311,0.1927,,2,True
SHP-100655050,ONE,Guangzhou,Singapore,sea,On_Schedule,Chemicals,AED,2023-01-23,2023-01-31,199.3,6581.6,239.7,1.18,27245.63,805.76,21,3,0.0,0.1369,0.0666,0.4713,,4,True
SHP-103833096,UPS,Antwerp,Singapore,sea,On_Schedule,Pharmaceuticals,CNY,2024-08-18,2024-09-16,707.9,5329.6,4705.2,6.67,77202.95,4656.66,24,0,0.0,0.476,0.1555,0.2234,,1,True
SHP-100283103,FedEx,Jebel_Ali,New_York,air,Customs_Hold,Consumer_Goods,EUR,2022-11-15,2022-11-16,31.3,13187.0,14715.6,48.82,254.23,20.07,11,3,0.0,0.4006,0.4136,0.3559,,3,True
SHP-103189260,Hapag-Lloyd,Melbourne,Miami,sea,On_Schedule,Pharmaceuticals,EUR,2024-12-03,2024-12-21,446.5,4217.0,2841.7,6.25,11852.21,408.48,2,1,0.0,0.0355,0.3573,0.3143,,3,True
SHP-103014540,Yang_Ming,Antwerp,Dubai,rail,On_Schedule,Raw_Materials,GBP,2024-12-14,2024-12-16,68.2,2049.6,18581.5,27.51,7481.14,541.25,3,1,0.0,0.2517,0.2296,0.439,,3,True
SHP-103161927,COSCO,Ningbo,Houston,sea,Critical_Delay,Pharmaceuticals,EUR,2023-08-28,2023-09-26,698.7,14620.0,36.2,0.05,1070.12,54.31,2,0,20.5,0.6421,0.1679,0.3904,,2,True
SHP-103100083,ONE,Rotterdam,Le_Havre,sea,In_Transit,Machinery,EUR,2022-06-10,2022-06-27,413.2,3767.7,657.9,0.88,39164.45,1136.64,17,4,0.0,0.1634,0.1086,0.3034,,1,True
SHP-102596564,FedEx,Rotterdam,Piraeus,road,On_Schedule,Automotive,GBP,2022-08-28,2022-09-03,146.6,3113.5,38862.5,60.76,16531.03,485.96,5,2,0.0,0.3968,0.4776,0.4778,,1,False
SHP-103772618,Maersk,Tanjung_Pelepas,Genoa,air,At_Port,Raw_Materials,CNY,2023-02-18,2023-02-19,38.1,5414.1,208.6,0.73,101867.2,1774.29,4,1,0.0,0.0165,0.1605,0.4641,,4,True
SHP-100178164,DB_Schenker,Ningbo,Sydney,road,In_Transit,Automotive,EUR,2022-11-03,2022-11-10,169.9,2163.9,3122.2,8.4,9987.07,90.05,24,0,0.0,0.3468,0.2736,0.1381,,2,False
SHP-103659697,Evergreen,Melbourne,Bremen,road,In_Transit,Automotive,SGD,2022-10-19,2022-10-26,173.1,1607.5,22141.5,31.19,415767.49,27773.67,3,4,0.0,0.392,0.3156,0.5451,,4,True
SHP-103965103,COSCO,Shanghai,Baltimore,sea,In_Transit,Textiles,EUR,2024-05-03,2024-05-13,248.2,19278.7,8677.4,13.02,396406.37,11136.28,15,1,0.0,0.4018,0.1137,0.2094,4.2,2,True
SHP-102269615,UPS,Melbourne,Savannah,air,On_Schedule,Perishables,AED,2023-07-09,2023-07-09,22.2,3986.1,4033.8,9.0,26641.9,1981.99,15,4,0.0,0.6261,0.1907,0.5527,,3,True
SHP-104688409,Hapag-Lloyd,Mundra,Mumbai,air,Delivered,Textiles,SGD,2023-08-15,2023-08-15,20.3,4091.0,190.9,0.45,68386.19,3886.16,12,3,0.0,0.5192,0.1367,0.315,,2,True
SHP-102613437,COSCO,Chennai,Baltimore,air,Delayed,Perishables,USD,2022-11-25,2022-11-27,53.6,12562.8,1161.3,1.6,357842.48,21331.89,7,0,12.3,0.2573,0.3022,0.266,-4.4,2,False
SHP-101909607,Evergreen,Antwerp,Miami,sea,On_Schedule,Chemicals,CNY,2024-06-11,2024-06-18,170.4,6900.7,3150.8,8.71,59792.33,570.8,17,2,0.0,0.4277,0.4392,0.2725,,1,True
SHP-100769248,COSCO,Tanjung_Pelepas,Le_Havre,sea,Critical_Delay,Textiles,USD,2024-08-12,2024-08-30,434.2,21050.0,41377.6,73.33,12650.36,771.1,19,4,25.3,0.0525,0.1188,0.3093,-8.0,3,False
SHP-104581072,Maersk,Hamburg,Los_Angeles,air,On_Schedule,Electronics,GBP,2024-06-13,2024-06-14,25.3,8455.5,118.6,0.18,44872.12,356.93,18,5,0.0,0.1688,0.1511,0.2581,,3,False
SHP-102606148,DHL,Jebel_Ali,Mumbai,road,At_Port,Food_Beverage,AED,2023-10-22,2023-10-24,62.3,7259.5,1130.5,1.78,4772.96,141.34,15,2,0.0,0.3038,0.4897,0.2143,,3,False
SHP-100139479,FedEx,Mumbai,Genoa,sea,On_Schedule,Machinery,SGD,2022-02-03,2022-03-04,704.2,17938.8,1296.3,2.33,14302.98,633.73,14,3,0.0,0.3193,0.1887,0.1859,,1,False
SHP-101657878,Maersk,Mumbai,Le_Havre,sea,In_Transit,Pharmaceuticals,AED,2023-03-23,2023-04-02,245.5,16973.1,155.5,0.23,283936.45,3655.61,20,1,0.0,0.3791,0.1188,0.4066,,4,False
SHP-102874925,ONE,Jebel_Ali,New_York,sea,Delayed,Consumer_Goods,GBP,2023-01-30,2023-02-13,350.4,11585.1,1935.3,5.2,15749.83,815.75,13,4,1.3,0.2538,0.3095,0.5217,,3,True
SHP-104438003,Hapag-Lloyd,Melbourne,Barcelona,sea,At_Port,Raw_Materials,SGD,2024-08-02,2024-08-20,438.2,11817.9,2113.3,6.2,980749.15,52787.86,18,2,0.0,0.0549,0.0468,0.0726,,3,True
SHP-100241551,DB_Schenker,Tanjung_Pelepas,Le_Havre,sea,At_Port,Textiles,AED,2024-10-28,2024-11-19,542.4,11575.0,13392.1,20.39,96424.12,6465.72,2,3,0.0,0.0885,0.0846,0.3838,,4,False
SHP-101146521,Hapag-Lloyd,Felixstowe,Savannah,road,On_Schedule,Pharmaceuticals,SGD,2022-07-08,2022-07-15,172.6,4947.6,3877.0,4.9,1905.22,19.35,13,1,0.0,0.3374,0.1154,0.3415,,1,False
SHP-103501223,UPS,Antwerp,Singapore,rail,Delivered,Automotive,EUR,2022-12-09,2022-12-18,225.1,3802.5,50765.5,143.36,1690.57,26.32,12,5,30.1,0.5633,0.0019,0.2039,,2,False
SHP-104229228,DHL,Rotterdam,Valencia,rail,On_Schedule,Electronics,GBP,2022-10-20,2022-10-27,189.1,3346.6,7516.6,36.25,1095845.39,54079.5,5,5,0.0,0.578,0.2013,0.6507,,3,True
SHP-104246720,COSCO,Busan,Genoa,sea,Critical_Delay,Perishables,GBP,2024-10-22,2024-11-09,447.8,15861.3,7747.9,10.19,114400.56,927.77,4,5,11.3,0.3365,0.3495,0.3893,,2,True
SHP-101414223,MSC,Jebel_Ali,Savannah,rail,On_Schedule,Automotive,GBP,2023-10-27,2023-10-29,62.4,3222.0,4045.4,11.75,107016.94,3672.76,14,5,0.0,0.2831,0.0569,0.5866,-12.6,2,True
SHP-101939183,DHL,Sydney,Los_Angeles,air,At_Port,Electronics,GBP,2022-05-25,2022-05-27,71.4,8957.2,520.6,0.97,230354.91,4703.68,4,5,0.0,0.4326,0.0892,0.3476,,3,True
SHP-102438869,DHL,Jebel_Ali,Barcelona,air,On_Schedule,Machinery,GBP,2023-10-26,2023-10-26,24.0,6871.3,4214.5,7.57,1537.43,106.35,9,4,0.0,0.0984,0.4496,0.2379,,1,False
SHP-103310050,FedEx,Shanghai,Singapore,sea,On_Schedule,Pharmaceuticals,EUR,2024-11-11,2024-11-17,165.1,10755.6,427.2,0.68,166973.97,3016.3,16,4,0.0,0.2537,0.2304,0.3635,-0.9,2,True
SHP-103687106,MSC,Mundra,Rotterdam,road,Delivered,Perishables,SGD,2022-03-08,2022-03-13,132.4,4920.9,2780.4,3.89,80887.45,561.78,6,3,24.6,0.3134,0.0664,0.0462,,4,False
SHP-104472611,UPS,Rotterdam,Miami,air,Delayed,Textiles,SGD,2022-02-02,2022-02-03,34.8,506.2,500000.0,2149.69,121003.38,5965.84,14,1,16.3,0.4092,0.0722,0.3034,-10.9,4,True
SHP-101150479,Hapag-Lloyd,Jebel_Ali,Houston,sea,On_Schedule,Textiles,SGD,2022-12-07,2022-12-14,168.7,20090.1,419.4,0.8,5474.77,419.82,1,4,0.0,0.2232,0.0641,0.6776,,2,True
SHP-100681194,UPS,Colombo,Bremen,sea,Critical_Delay,Automotive,CNY,2023-01-24,2023-02-10,423.6,4422.9,231.4,0.38,19744.22,1245.3,13,1,59.5,0.3229,0.0529,0.395,16.0,2,True
SHP-102269873,CMA_CGM,Port_Klang,Bremen,air,On_Schedule,Pharmaceuticals,EUR,2022-03-07,2022-03-08,42.3,13465.2,1095.5,2.57,285876.08,5092.23,19,3,0.0,0.1725,0.4101,0.4591,6.4,4,True
SHP-100791659,Evergreen,Busan,Le_Havre,air,Customs_Hold,Consumer_Goods,USD,2023-08-05,2023-08-06,31.3,9031.7,1987.1,3.55,7803.42,585.78,19,1,0.0,0.638,0.4105,0.2956,,4,True
SHP-104275647,HMM,Busan,Antwerp,sea,On_Schedule,Textiles,SGD,2023-04-04,2023-04-29,617.1,12467.0,7087.6,11.39,20659.71,1492.52,4,0,0.0,0.8664,0.1448,0.1744,17.7,3,True
SHP-101527551,Hapag-Lloyd,Sydney,Hamburg,sea,In_Transit,Pharmaceuticals,GBP,2023-06-18,2023-06-24,161.0,4059.5,13753.0,35.53,69536.81,2619.74,9,2,0.0,0.4807,0.4406,0.3325,,1,True
SHP-103776462,HMM,Busan,Felixstowe,sea,Delayed,Automotive,SGD,2022-05-08,2022-05-28,497.7,7697.1,960.3,2.96,6542.84,279.21,2,1,8.8,0.4353,0.1291,0.4846,,3,True
SHP-101967433,CMA_CGM,Guangzhou,Genoa,rail,Customs_Hold,Food_Beverage,EUR,2024-08-09,2024-08-10,33.8,786.1,333.3,0.73,80537.28,5841.84,22,4,0.0,0.1905,0.2267,0.1811,-16.7,1,True
SHP-101733355,COSCO,Jebel_Ali,Bremen,air,Delayed,Consumer_Goods,SGD,2022-04-14,2022-04-15,44.9,5707.2,5826.9,21.35,27921.89,1598.36,22,1,89.7,0.1761,0.408,0.1857,,1,False
SHP-102806503,Kuehne_Nagel,Hamburg,Dubai,sea,Delayed,Food_Beverage,AED,2022-05-06,2022-05-15,232.5,18734.8,557.6,0.97,167170.59,5244.54,1,0,16.9,0.4446,0.0206,0.56,,3,True
SHP-100948446,ZIM,Guangzhou,Dubai,air,On_Schedule,Electronics,EUR,2023-10-16,2023-10-16,18.7,4449.4,13106.7,16.74,15769.13,823.13,10,4,0.0,0.3319,0.1288,0.7996,,3,True
SHP-100894649,DB_Schenker,Chennai,Mumbai,air,On_Schedule,Perishables,AED,2022-02-03,2022-02-04,34.3,9103.3,1131.5,2.06,12022.09,879.63,7,4,0.0,0.6593,0.288,0.2411,,4,True
SHP-102276583,DHL,Tokyo,Sydney,road,In_Transit,Textiles,EUR,2023-08-02,2023-08-09,178.0,6689.0,13317.0,37.58,5453.51,373.47,1,0,0.0,0.5082,0.2345,0.2688,,4,True
SHP-104360329,ZIM,Hamburg,Sydney,air,Customs_Hold,Textiles,SGD,2024-10-27,2024-10-28,35.3,11086.9,7797.1,11.7,2368251.78,27756.61,19,5,0.0,0.4724,0.1711,0.1232,,3,True
SHP-100699426,Hapag-Lloyd,Shanghai,Miami,road,Customs_Hold,Automotive,GBP,2023-04-16,2023-04-23,178.5,4923.9,8314.1,21.12,3684.49,25.77,12,0,0.0,0.4662,0.299,0.1868,,2,True
SHP-100258957,Maersk,Port_Klang,Le_Havre,rail,In_Transit,Machinery,USD,2023-01-17,2023-01-20,92.5,2411.6,4542.7,9.68,211242.77,4529.05,1,1,0.0,0.0914,0.017,0.409,,2,True
SHP-104689341,CMA_CGM,Tanjung_Pelepas,Savannah,sea,On_Schedule,Raw_Materials,EUR,2022-08-29,2022-09-06,195.2,10314.8,213174.3,384.32,73230.4,3205.96,21,1,0.0,0.4554,0.2096,0.2391,,2,True
SHP-103858442,Evergreen,Melbourne,Mumbai,sea,Delayed,Chemicals,EUR,2023-07-30,2023-08-14,372.6,16954.3,2284.4,5.2,10977.49,81.01,9,4,11.5,0.4725,0.0465,0.41,16.0,1,False
SHP-103026238,Yang_Ming,Tokyo,Genoa,sea,At_Port,Textiles,CNY,2022-03-24,2022-04-10,427.7,17339.4,34.4,0.16,353714.92,17065.78,21,3,0.0,0.2276,0.0434,0.4917,,3,True
SHP-104592978,FedEx,Sydney,Piraeus,road,On_Schedule,Pharmaceuticals,CNY,2022-05-11,2022-05-18,189.7,7157.2,13977.0,33.81,186493.71,3870.98,12,5,0.0,0.1985,0.1983,0.8169,,4,True
SHP-104860302,COSCO,Busan,Felixstowe,air,In_Transit,Automotive,USD,2023-03-05,2023-03-07,61.9,13676.9,9261.3,23.65,204169.06,4038.92,4,0,0.0,0.4086,0.1715,0.5441,,2,True
SHP-104654161,Maersk,Rotterdam,Miami,road,On_Schedule,Perishables,GBP,2024-08-13,2024-08-16,83.2,937.9,658.0,2.27,8437.19,656.14,23,3,0.0,0.0624,0.3453,0.6171,,4,True
SHP-104783097,CMA_CGM,Tanjung_Pelepas,Barcelona,air,On_Schedule,Machinery,GBP,2023-04-18,2023-04-20,63.9,5890.6,473.2,1.04,157991.02,3472.99,10,3,0.0,0.1118,0.1236,0.152,-3.2,4,True
SHP-101184247,Yang_Ming,Tokyo,Antwerp,road,On_Schedule,Perishables,CNY,2022-05-16,2022-05-24,195.6,4283.8,75.2,0.19,27220.68,1787.14,7,5,0.0,0.2414,0.3061,0.1289,,1,False
SHP-103523861,Yang_Ming,Hamburg,Los_Angeles,sea,Customs_Hold,Machinery,GBP,2022-03-16,2022-04-14,701.3,6787.8,4863.7,12.61,54930.92,1795.55,22,5,0.0,0.2322,0.0932,0.3635,,4,True
SHP-104683370,DB_Schenker,Ningbo,Savannah,sea,Delivered,Automotive,AED,2022-09-22,2022-10-19,658.6,14894.2,155.7,0.21,27465.92,2078.19,16,0,20.9,0.236,0.0578,0.0793,20.4,2,False
SHP-100521116,ZIM,Chennai,Sydney,air,In_Transit,Raw_Materials,EUR,2024-07-18,2024-07-20,59.7,6886.6,6249.9,10.35,5766.79,293.8,9,2,0.0,0.3626,0.0854,0.5107,,2,False
SHP-102334010,HMM,Port_Klang,Hamburg,sea,In_Transit,Pharmaceuticals,GBP,2023-11-10,2023-11-19,223.1,12421.9,383.0,0.49,124592.86,3687.43,18,3,0.0,0.1465,0.3088,0.1845,16.5,2,True
SHP-100326895,MSC,Shanghai,Savannah,sea,On_Schedule,Textiles,USD,2022-03-20,2022-04-07,448.6,3342.6,1424.3,2.41,23750.24,300.99,7,2,0.0,0.4944,0.0288,0.6366,,3,True
SHP-102325939,FedEx,Tokyo,Singapore,sea,Customs_Hold,Pharmaceuticals,GBP,2024-08-20,2024-08-24,105.4,1775.0,7083.3,16.62,101794.26,5736.71,20,2,0.0,0.1337,0.5825,0.2791,,2,True
SHP-104607780,Hapag-Lloyd,Chennai,Houston,sea,At_Port,Chemicals,AED,2024-10-28,2024-11-09,296.6,11688.6,2331.3,9.62,823271.76,61396.36,7,3,0.0,0.6902,0.3078,0.3266,11.8,2,True
SHP-102954283,FedEx,Tanjung_Pelepas,New_York,rail,On_Schedule,Perishables,CNY,2024-10-20,2024-10-28,201.7,6858.6,1012.1,3.39,48825.66,1390.74,11,2,0.0,0.5041,0.1419,0.3413,,2,True
SHP-103413388,COSCO,Dubai,Rotterdam,sea,Critical_Delay,Perishables,AED,2024-12-04,2024-12-16,290.2,10152.9,14328.0,24.55,494799.63,19810.45,21,0,6.2,0.5535,0.2572,0.1797,-2.0,3,True
SHP-100474677,Yang_Ming,Mundra,New_York,sea,In_Transit,Food_Beverage,CNY,2024-07-02,2024-07-07,123.1,14545.7,717.1,2.04,39082.37,874.04,14,5,0.0,0.0892,0.2318,0.1553,,4,True
SHP-100445817,CMA_CGM,Jebel_Ali,Sydney,air,In_Transit,Electronics,AED,2023-02-12,2023-02-14,65.0,10277.5,27892.3,58.41,189856.0,12227.55,19,2,0.0,0.2036,0.1416,0.4724,,2,False
SHP-103421827,ZIM,Rotterdam,Miami,sea,Customs_Hold,Food_Beverage,AED,2022-01-15,2022-02-09,621.6,12454.3,1201.0,3.31,452260.32,33950.49,5,4,0.0,0.2246,0.038,0.2306,9.4,4,True
SHP-102927539,FedEx,Sydney,Valencia,rail,In_Transit,Electronics,SGD,2022-01-10,2022-01-17,178.0,937.0,380.7,1.05,28247.03,1265.32,5,3,0.0,0.1272,0.1048,0.3252,20.6,2,True
SHP-101596136,DHL,Tanjung_Pelepas,Bremen,sea,On_Schedule,Perishables,GBP,2023-09-18,2023-10-05,414.2,5583.5,107528.0,236.51,215285.57,11735.11,21,0,0.0,0.184,0.2412,0.3989,,3,True
SHP-100525828,DHL,Melbourne,Hamburg,sea,On_Schedule,Consumer_Goods,SGD,2022-05-11,2022-05-27,391.2,3512.1,1272.7,4.12,2287.91,128.29,15,3,0.0,0.2367,0.0405,0.075,15.3,1,True
SHP-100041038,Maersk,Melbourne,Felixstowe,rail,In_Transit,Automotive,GBP,2023-08-06,2023-08-10,97.2,2610.7,90679.6,115.43,121985.74,5672.9,7,4,0.0,0.2914,0.0657,0.5939,,1,True
SHP-100590166,HMM,Dubai,Antwerp,air,In_Transit,Chemicals,AED,2023-10-31,2023-11-01,37.7,8167.6,24519.4,32.45,8562.1,87.17,14,0,0.0,0.1356,0.2602,0.547,,3,False
SHP-100839178,MSC,Shanghai,Valencia,sea,Delayed,Electronics,GBP,2022-11-10,2022-11-23,325.6,8318.5,116688.3,184.42,97929.93,7295.61,21,5,24.9,0.117,0.1773,0.1756,25.5,1,False
SHP-103701220,CMA_CGM,Busan,Valencia,sea,In_Transit,Perishables,AED,2022-06-30,2022-07-13,318.3,17356.4,4838.0,21.81,250605.62,4893.3,7,2,0.0,0.3144,0.1532,0.1832,,2,False
SHP-104298713,MSC,Jebel_Ali,Le_Havre,air,On_Schedule,Chemicals,USD,2022-02-11,2022-02-11,21.3,6354.0,578.0,0.77,231815.63,8831.47,14,2,0.0,0.1759,0.1874,0.1259,15.5,1,False
SHP-104829654,HMM,Mundra,Hamburg,rail,Critical_Delay,Pharmaceuticals,GBP,2022-03-10,2022-03-12,48.9,3893.0,4122.9,9.85,2099.49,54.7,20,4,14.6,0.6114,0.1246,0.2784,,4,True
SHP-103734338,HMM,Dubai,Hamburg,sea,In_Transit,Pharmaceuticals,EUR,2022-06-14,2022-06-18,116.5,17370.9,21091.5,57.12,664751.48,48955.64,23,0,0.0,0.2893,0.263,0.1807,-7.9,3,True
SHP-101699138,HMM,Shanghai,Los_Angeles,sea,On_Schedule,Electronics,EUR,2022-02-12,2022-02-25,331.2,4463.8,3873.9,4.85,604219.56,39952.07,13,3,0.0,0.0903,0.0015,0.2135,21.2,3,True
SHP-102940964,Yang_Ming,Tanjung_Pelepas,Houston,sea,On_Schedule,Food_Beverage,AED,2022-05-08,2022-05-22,345.4,7868.7,15829.0,48.61,21492.72,457.89,15,5,0.0,0.2193,0.1443,0.2457,,3,True
SHP-100864762,Hapag-Lloyd,Antwerp,Bremen,rail,At_Port,Machinery,CNY,2024-12-10,2024-12-18,198.4,3806.7,8927.1,12.41,1408.89,12.22,2,3,0.0,0.1375,0.4206,0.4403,,3,True
SHP-102698417,Yang_Ming,Tokyo,Sydney,sea,On_Schedule,Textiles,GBP,2024-05-04,2024-05-31,665.6,21166.1,340.9,0.52,89829.73,6187.16,16,3,0.0,0.1672,0.0501,0.4134,,4,True
SHP-102807183,Yang_Ming,Guangzhou,Miami,sea,In_Transit,Machinery,GBP,2024-07-12,2024-07-26,358.6,17098.0,2906.9,4.15,336510.97,10262.32,17,0,0.0,0.2672,0.0204,0.4382,,2,False
SHP-104357890,CMA_CGM,Port_Klang,Singapore,air,At_Port,Textiles,AED,2022-06-28,2022-06-29,46.7,4089.0,367.3,0.57,7652.25,38.42,10,3,0.0,0.4645,0.0284,0.4538,,2,False
SHP-104996240,Kuehne_Nagel,Dubai,Sydney,sea,In_Transit,Pharmaceuticals,CNY,2023-07-15,2023-07-19,110.7,11823.9,3420.6,7.72,18878.91,144.53,24,1,0.0,0.0402,0.1604,0.6034,,1,True
SHP-103088375,DHL,Rotterdam,Miami,air,In_Transit,Automotive,EUR,2023-05-08,2023-05-08,13.8,7598.3,2332.5,3.31,134399.34,5747.95,20,2,0.0,0.2129,0.0253,0.1635,24.5,4,True
SHP-104580901,FedEx,Hamburg,Sydney,road,In_Transit,Machinery,AED,2023-02-01,2023-02-09,206.1,7813.6,5099.2,14.69,63934.73,3438.88,4,2,0.0,0.572,0.1639,0.2002,,4,True
SHP-100639358,HMM,Ningbo,Piraeus,sea,On_Schedule,Food_Beverage,USD,2022-03-29,2022-04-23,600.2,15518.8,500000.0,1388.62,59804.74,3925.6,22,2,0.0,0.1054,0.4409,0.4059,-2.7,1,False
SHP-101477976,Kuehne_Nagel,Ningbo,Genoa,sea,Customs_Hold,Automotive,USD,2024-08-21,2024-09-14,583.6,14938.0,39627.3,69.25,5839.4,394.12,4,4,0.0,0.2487,0.1545,0.4977,,1,False
SHP-104159055,Maersk,Jebel_Ali,Bremen,rail,In_Transit,Chemicals,CNY,2024-04-29,2024-05-07,210.1,2686.6,40666.8,85.57,197629.85,7687.8,12,5,0.0,0.0295,0.2118,0.4913,,2,False
SHP-101837514,FedEx,Port_Klang,Los_Angeles,sea,In_Transit,Machinery,AED,2024-01-10,2024-01-31,518.7,6632.6,7642.4,18.71,2911933.84,74535.48,24,1,0.0,0.2128,0.3207,0.2287,,4,True
SHP-103467309,UPS,Antwerp,New_York,sea,Delayed,Consumer_Goods,SGD,2024-10-29,2024-11-17,470.5,15507.6,317.0,0.54,744779.4,43318.58,18,1,26.0,0.4643,0.0563,0.4444,,3,True
SHP-104709899,DB_Schenker,Rotterdam,Sydney,sea,Delayed,Raw_Materials,AED,2022-07-01,2022-07-12,280.8,10964.5,99.0,0.29,15865.37,357.51,5,2,43.5,0.1594,0.2451,0.1746,18.5,2,False
SHP-102326050,Kuehne_Nagel,Tanjung_Pelepas,Bremen,rail,Customs_Hold,Electronics,AED,2022-06-08,2022-06-17,222.8,685.3,160.3,0.24,27788.3,1397.37,8,5,0.0,0.1911,0.2675,0.5277,,3,False
SHP-104315184,Maersk,Chennai,Le_Havre,rail,Delivered,Automotive,GBP,2023-08-31,2023-09-06,163.3,208.1,5472.9,6.95,267974.97,12492.13,5,3,1.7,0.1787,0.2831,0.5543,21.3,4,True
SHP-100481281,CMA_CGM,Shanghai,Los_Angeles,air,On_Schedule,Chemicals,AED,2023-07-30,2023-08-01,50.1,7352.4,2686.0,4.53,61729.5,4606.86,20,4,0.0,0.221,0.4089,0.3398,,3,False
SHP-102939482,UPS,Rotterdam,Genoa,air,In_Transit,Food_Beverage,EUR,2024-08-06,2024-08-06,14.6,14392.0,13166.8,29.51,4277748.2,173371.85,13,4,0.0,0.4203,0.3667,0.1341,9.2,2,True
SHP-100040058,Evergreen,Hamburg,Bremen,sea,Delayed,Consumer_Goods,CNY,2023-08-21,2023-08-26,140.0,3634.9,13712.0,26.75,85265.24,1159.18,5,4,65.7,0.0663,0.0944,0.3138,,3,True
SHP-102594844,ONE,Rotterdam,Hamburg,rail,In_Transit,Food_Beverage,AED,2022-07-08,2022-07-17,217.3,5211.1,5334.4,11.0,15837.23,1247.95,22,4,0.0,0.422,0.0518,0.1192,26.4,1,True
SHP-104140364,COSCO,Chennai,Baltimore,air,Customs_Hold,Perishables,GBP,2024-03-20,2024-03-20,22.3,11969.8,96.1,0.25,35008.11,1728.37,9,5,0.0,0.2775,0.1665,0.3366,,4,False
SHP-100668047,DB_Schenker,Mumbai,Miami,rail,On_Schedule,Chemicals,CNY,2022-10-21,2022-10-26,136.9,7355.1,11447.6,19.42,9005.51,170.68,5,3,0.0,0.3512,0.0589,0.1092,,1,True
SHP-104748033,UPS,Shanghai,Mumbai,sea,On_Schedule,Machinery,AED,2023-08-13,2023-09-08,639.6,12154.4,338.1,0.77,114466.04,6174.3,15,5,0.0,0.1153,0.2556,0.4044,,3,False
SHP-101915614,UPS,Guangzhou,Singapore,air,Delayed,Automotive,CNY,2024-05-27,2024-05-29,69.4,5285.8,855.1,1.75,523263.35,11984.93,8,5,9.8,0.0318,0.2933,0.1431,,4,False
SHP-102649704,MSC,Mumbai,Le_Havre,sea,On_Schedule,Consumer_Goods,GBP,2023-02-08,2023-02-23,370.5,12623.4,10027.4,16.93,123453.41,2907.41,9,0,0.0,0.2141,0.2255,0.4294,-3.8,1,True
SHP-100634721,Hapag-Lloyd,Tanjung_Pelepas,Hamburg,sea,Delayed,Food_Beverage,EUR,2023-02-02,2023-02-18,406.6,3912.8,30792.6,121.96,395679.75,17173.8,9,1,10.7,0.3797,0.2236,0.0928,,2,True
SHP-102028950,FedEx,Tanjung_Pelepas,Mumbai,sea,Delivered,Automotive,AED,2022-08-17,2022-09-15,708.5,10652.9,1438.2,2.23,5538.07,73.03,12,5,0.0,0.1536,0.1624,0.212,7.0,4,True
SHP-103229718,ONE,Guangzhou,Hamburg,road,On_Schedule,Automotive,EUR,2022-08-24,2022-08-29,124.7,6210.7,7342.5,26.4,466129.05,27904.61,15,1,0.0,0.7224,0.3173,0.2931,14.9,1,True
SHP-100170725,FedEx,Port_Klang,Houston,sea,Delayed,Machinery,USD,2024-05-23,2024-06-01,238.0,13128.0,489.7,2.42,53791.37,1821.16,21,3,20.1,0.3195,0.0583,0.3333,,3,True
SHP-100625948,Hapag-Lloyd,Melbourne,Antwerp,air,In_Transit,Chemicals,CNY,2024-06-12,2024-06-13,40.2,12289.8,3560.5,6.75,24868.56,1178.24,15,3,0.0,0.5131,0.1421,0.4327,,2,True
SHP-102846420,MSC,Melbourne,New_York,road,In_Transit,Machinery,GBP,2024-05-28,2024-06-02,134.4,3278.0,2998.7,4.32,14537.36,109.18,5,1,0.0,0.3245,0.3693,0.6961,,4,False
SHP-102124800,COSCO,Colombo,Dubai,air,Delayed,Textiles,GBP,2024-03-25,2024-03-25,17.9,10930.6,20693.7,45.07,772772.61,22861.69,3,0,3.6,0.2199,0.1058,0.2559,,4,True
SHP-104007833,ZIM,Rotterdam,Mumbai,sea,Critical_Delay,Electronics,SGD,2022-05-06,2022-05-25,468.2,4291.2,17486.4,63.25,11055.82,700.5,24,3,4.4,0.0942,0.0948,0.4921,-8.6,4,True
SHP-102101175,Maersk,Port_Klang,Le_Havre,air,At_Port,Consumer_Goods,SGD,2023-12-27,2023-12-27,12.1,13378.2,9773.6,12.81,21779.31,1205.01,20,2,0.0,0.3459,0.5543,0.1955,,1,True
SHP-103771981,MSC,Guangzhou,Antwerp,sea,On_Schedule,Perishables,GBP,2023-02-28,2023-03-22,543.2,17779.8,5167.4,18.3,1891.94,121.19,8,3,0.0,0.0967,0.1092,0.2365,,1,True
SHP-104151036,Hapag-Lloyd,Jebel_Ali,Houston,sea,On_Schedule,Raw_Materials,AED,2022-05-03,2022-05-19,393.5,16379.6,12613.5,24.31,933406.13,56324.74,7,1,0.0,0.2449,0.0788,0.5728,,3,True
SHP-103283874,ONE,Sydney,Barcelona,air,In_Transit,Textiles,AED,2024-06-20,2024-06-21,39.3,14877.3,788.7,1.06,14045.55,286.35,2,5,0.0,0.5969,0.4647,0.317,,1,False
SHP-101677514,HMM,Dubai,Dubai,sea,On_Schedule,Machinery,USD,2022-04-02,2022-04-28,626.1,8529.1,179.2,0.28,14399.99,861.59,5,0,0.0,0.4094,0.0768,0.4878,,4,True
SHP-100234936,Yang_Ming,Busan,Rotterdam,road,On_Schedule,Raw_Materials,AED,2022-06-24,2022-06-25,42.2,1342.0,1001.2,2.86,9112.65,308.99,22,3,0.0,0.4741,0.2158,0.5453,26.2,4,False
SHP-104706303,ZIM,Hamburg,Valencia,air,On_Schedule,Consumer_Goods,USD,2023-10-23,2023-10-25,49.7,7405.9,3767.4,5.47,85193.07,4257.84,3,5,0.0,0.4348,0.3344,0.2636,2.4,3,False
SHP-100484025,HMM,Jebel_Ali,New_York,air,At_Port,Chemicals,USD,2023-12-21,2023-12-21,17.3,5548.4,1043.6,3.29,70609.69,1864.49,20,5,0.0,0.4496,0.3618,0.309,,4,True
SHP-102451511,UPS,Ningbo,Hamburg,sea,In_Transit,Consumer_Goods,CNY,2023-08-19,2023-08-27,209.8,12372.6,32106.2,112.67,240798.04,6336.75,22,2,0.0,0.4786,0.009,0.4923,,4,True
SHP-102052506,HMM,Mumbai,Piraeus,sea,Delivered,Consumer_Goods,GBP,2024-05-28,2024-06-03,148.6,6712.5,1961.9,2.45,3247.1,22.21,7,3,17.0,0.3109,0.2624,0.1468,,4,True
SHP-101980530,Maersk,Mumbai,Valencia,air,At_Port,Perishables,SGD,2024-06-24,2024-06-25,29.9,10182.2,6389.6,20.1,54195.21,1575.83,12,4,0.0,0.5273,0.3775,0.0377,4.6,4,True
SHP-104977597,ZIM,Tanjung_Pelepas,Genoa,rail,In_Transit,Consumer_Goods,USD,2022-03-15,2022-03-20,124.1,2920.7,4156.4,11.0,3687.15,176.32,8,5,0.0,0.0809,0.1346,0.5821,,4,True
SHP-100068047,COSCO,Mundra,Antwerp,sea,On_Schedule,Machinery,SGD,2023-09-24,2023-10-08,349.7,19866.1,41893.8,60.22,2793313.92,89015.03,18,2,0.0,0.3624,0.345,0.1915,,4,True
SHP-103813377,Hapag-Lloyd,Colombo,Genoa,rail,Customs_Hold,Food_Beverage,CNY,2023-02-25,2023-02-28,78.0,4234.0,1797.2,4.25,13015.65,235.81,22,2,0.0,0.483,0.5061,0.2043,,3,False
SHP-101329490,ZIM,Busan,Houston,air,Delayed,Pharmaceuticals,USD,2022-01-28,2022-01-29,33.8,8386.7,2114.6,7.49,2122276.96,25793.74,7,3,35.8,0.108,0.2087,0.2496,,3,True
SHP-100457391,COSCO,Melbourne,Barcelona,sea,Delayed,Textiles,CNY,2024-03-13,2024-03-31,440.3,4049.0,1546.4,7.21,929403.82,10820.14,10,0,21.9,0.3079,0.0703,0.5652,,2,True
SHP-100944656,COSCO,Antwerp,Felixstowe,sea,Customs_Hold,Perishables,GBP,2024-12-19,2024-12-26,179.5,21965.1,1261.8,6.23,107416.32,660.11,3,3,0.0,0.0517,0.0743,0.207,,3,True
SHP-102470819,ONE,Jebel_Ali,Genoa,road,Delayed,Pharmaceuticals,GBP,2023-06-24,2023-07-03,237.9,1499.4,63.3,0.09,75227.13,665.56,12,4,10.7,0.3478,0.0672,0.3463,3.2,3,False
SHP-100461356,Maersk,Shanghai,Miami,air,On_Schedule,Food_Beverage,USD,2022-01-28,2022-01-29,47.3,3336.7,4012.2,14.68,24127.11,1456.29,8,0,0.0,0.3654,0.0696,0.2153,,3,False
SHP-100126677,DB_Schenker,Hamburg,Piraeus,sea,On_Schedule,Textiles,USD,2023-11-15,2023-12-14,713.0,13773.4,211.8,0.32,525471.87,26688.99,3,3,0.0,0.5526,0.0609,0.1916,23.8,3,False
SHP-102642849,ZIM,Felixstowe,Piraeus,sea,On_Schedule,Food_Beverage,AED,2022-07-31,2022-08-23,553.0,16281.4,34.8,0.11,156309.01,7821.55,17,0,0.0,0.5244,0.1969,0.6286,,1,False
SHP-100743342,HMM,Dubai,Los_Angeles,sea,In_Transit,Raw_Materials,SGD,2023-05-20,2023-06-01,294.2,13457.7,33037.6,102.62,2689.84,140.58,1,2,0.0,0.1996,0.264,0.0554,-8.0,4,False
SHP-103831958,Evergreen,Mundra,Rotterdam,air,Customs_Hold,Automotive,AED,2024-12-09,2024-12-11,71.4,1093.6,14292.3,26.11,14753.04,1120.15,2,4,0.0,0.4583,0.1553,0.5602,-14.9,3,False
SHP-100053152,Evergreen,Ningbo,Valencia,rail,On_Schedule,Pharmaceuticals,SGD,2023-01-04,2023-01-11,181.4,5652.1,4349.1,10.37,390720.76,3959.44,11,5,0.0,0.1924,0.027,0.3047,,1,True
SHP-102652464,UPS,Chennai,Singapore,air,On_Schedule,Textiles,USD,2023-07-09,2023-07-10,43.4,14787.8,3842.8,5.26,57991.94,3044.98,3,1,0.0,0.4065,0.1805,0.403,,1,True
SHP-102094494,UPS,Chennai,Houston,air,On_Schedule,Automotive,USD,2024-01-29,2024-01-31,60.4,13696.5,2881.0,11.93,519310.41,9493.01,2,1,0.0,0.515,0.3742,0.0893,26.5,3,True
SHP-102297422,Kuehne_Nagel,Mundra,Piraeus,air,On_Schedule,Chemicals,USD,2023-07-03,2023-07-05,62.6,8000.4,94.0,0.26,186792.79,14503.24,21,3,0.0,0.3521,0.274,0.1862,,4,False
SHP-101471316,Hapag-Lloyd,Mumbai,Bremen,sea,Critical_Delay,Electronics,GBP,2022-04-23,2022-05-17,585.6,6100.0,47.3,0.11,4281.79,172.79,9,1,1.7,0.4313,0.1033,0.2883,,1,True
SHP-102897796,CMA_CGM,Mundra,Savannah,air,On_Schedule,Pharmaceuticals,EUR,2022-01-12,2022-01-13,26.9,13909.4,27.5,0.1,1198986.83,45023.39,16,2,0.0,0.0866,0.1937,0.1014,,1,True
SHP-101882698,Hapag-Lloyd,Singapore,Antwerp,air,In_Transit,Automotive,AED,2022-10-14,2022-10-16,66.3,8915.7,6888.1,12.93,16029.24,1163.43,17,5,0.0,0.061,0.1128,0.1768,,2,False
SHP-101015819,UPS,Jebel_Ali,Hamburg,sea,At_Port,Pharmaceuticals,USD,2024-10-30,2024-11-27,684.1,20427.4,523.1,1.37,153735.46,3318.29,22,5,0.0,0.1911,0.228,0.1503,,1,False
SHP-101618162,UPS,Chennai,Piraeus,sea,In_Transit,Food_Beverage,AED,2024-08-01,2024-08-20,465.7,5377.8,170.4,0.43,360800.28,11181.74,21,5,0.0,0.4998,0.0912,0.3864,,4,True
SHP-101908216,MSC,Chennai,Miami,air,In_Transit,Textiles,GBP,2023-03-11,2023-03-12,36.5,10372.4,837.2,2.41,604993.31,19606.17,15,0,0.0,0.072,0.3877,0.5971,,2,False
SHP-102804475,MSC,Antwerp,Barcelona,rail,In_Transit,Food_Beverage,EUR,2023-10-31,2023-11-03,94.8,7314.8,29312.0,79.8,87674.69,451.57,18,4,0.0,0.6212,0.1402,0.4124,,2,False
SHP-104891576,DB_Schenker,Singapore,Los_Angeles,sea,In_Transit,Machinery,USD,2024-10-03,2024-10-14,282.1,5284.4,75.7,0.12,4833.78,106.64,3,3,0.0,0.2153,0.0318,0.1371,,3,True
SHP-100118688,Hapag-Lloyd,Port_Klang,Rotterdam,sea,On_Schedule,Pharmaceuticals,SGD,2024-04-02,2024-04-19,422.4,2881.9,46108.3,148.1,261091.75,4889.06,24,5,0.0,0.356,0.3356,0.251,-17.5,2,True
SHP-103177707,Maersk,Sydney,Piraeus,road,Delayed,Perishables,USD,2022-01-02,2022-01-04,48.1,595.2,234865.5,335.43,43363.66,2251.2,19,5,37.6,0.2884,0.046,0.1775,,3,False
SHP-102631995,Yang_Ming,Busan,Piraeus,air,On_Schedule,Perishables,AED,2024-10-27,2024-10-29,48.5,13006.7,163.8,0.36,17548.25,97.94,5,1,0.0,0.5225,0.0731,0.2623,,2,True
SHP-100090906,COSCO,Chennai,Dubai,air,In_Transit,Electronics,USD,2023-02-21,2023-02-22,43.1,3933.9,5833.0,11.05,30878.99,2405.07,12,2,0.0,0.2775,0.1334,0.4192,,4,True
SHP-101459662,COSCO,Antwerp,Sydney,sea,In_Transit,Chemicals,USD,2024-09-23,2024-10-13,488.9,11604.0,3409.2,4.34,56523.8,1593.93,11,5,0.0,0.0827,0.1232,0.2658,,2,True
SHP-102588339,DB_Schenker,Felixstowe,Mumbai,sea,At_Port,Textiles,GBP,2022-04-30,2022-05-19,461.1,13624.5,1808.4,7.18,10983.58,67.6,4,4,0.0,0.169,0.1265,0.3257,,1,True
SHP-103817567,ONE,Tanjung_Pelepas,Baltimore,sea,On_Schedule,Chemicals,SGD,2022-01-14,2022-01-24,256.0,6369.6,5674.0,10.4,18576754.69,513883.93,22,5,0.0,0.2756,0.203,0.0916,,3,True
SHP-101878969,Yang_Ming,Felixstowe,Bremen,air,In_Transit,Raw_Materials,SGD,2022-02-23,2022-02-23,14.0,6138.1,19346.8,73.6,21383.54,816.12,23,0,0.0,0.0684,0.1056,0.1467,,2,False
SHP-103155500,ONE,Port_Klang,Felixstowe,sea,In_Transit,Automotive,CNY,2023-12-19,2024-01-16,679.8,2859.3,7264.0,19.84,10445.45,654.81,9,4,0.0,0.2424,0.1582,0.3983,18.2,2,True
SHP-102747724,Hapag-Lloyd,Chennai,Le_Havre,air,In_Transit,Chemicals,AED,2023-06-02,2023-06-03,26.1,1706.6,2450.3,7.65,105647.68,4410.79,22,0,0.0,0.3205,0.0324,0.4482,,2,True
SHP-100191016,Evergreen,Tokyo,Houston,sea,Delayed,Textiles,GBP,2023-07-04,2023-08-02,710.3,3726.8,11176.5,48.66,3467.76,204.59,24,3,12.4,0.476,0.1889,0.5753,-11.6,3,False
SHP-103487139,ONE,Colombo,Le_Havre,sea,On_Schedule,Chemicals,GBP,2023-04-30,2023-05-11,273.8,6571.4,4192.6,5.52,299197.94,10644.64,11,0,0.0,0.341,0.2856,0.5773,,3,True
SHP-102904143,UPS,Tokyo,Singapore,sea,On_Schedule,Raw_Materials,AED,2024-08-12,2024-09-07,637.1,15626.0,31997.1,79.62,279875.55,18594.16,22,5,0.0,0.2102,0.359,0.6352,1.3,1,False
SHP-101116114,DHL,Mundra,Baltimore,sea,Critical_Delay,Perishables,CNY,2022-05-02,2022-05-18,393.1,16373.9,1622.5,5.23,58310.67,810.82,20,2,27.3,0.0905,0.1616,0.512,,1,True
SHP-101748846,DHL,Felixstowe,Mumbai,sea,In_Transit,Textiles,EUR,2022-09-28,2022-10-06,201.0,17879.9,1970.1,4.54,130811.37,6609.57,9,4,0.0,0.706,0.1566,0.5375,,3,True
SHP-103582621,DB_Schenker,Colombo,Houston,sea,Delayed,Raw_Materials,CNY,2024-03-26,2024-04-05,242.1,12478.5,13680.8,19.0,16263.66,919.31,21,2,1.9,0.4242,0.0491,0.1505,,3,True
SHP-101789514,Evergreen,Singapore,Valencia,sea,In_Transit,Textiles,EUR,2022-11-04,2022-11-19,364.9,2213.3,3918.0,15.76,2980869.9,112073.71,18,4,0.0,0.0271,0.0139,0.1058,,1,True
SHP-104973463,Kuehne_Nagel,Shanghai,Piraeus,sea,At_Port,Textiles,EUR,2023-06-27,2023-07-02,121.9,21937.2,500.6,0.83,583005.43,31482.6,5,0,0.0,0.2738,0.1625,0.4766,,2,True
SHP-102973319,Kuehne_Nagel,Jebel_Ali,Antwerp,air,In_Transit,Electronics,EUR,2023-01-27,2023-01-28,42.1,8731.6,22324.6,28.17,7344.61,216.28,9,3,0.0,0.3786,0.3131,0.2449,19.8,2,True
SHP-104181885,ZIM,Melbourne,Sydney,sea,Delayed,Chemicals,SGD,2022-12-14,2023-01-02,465.1,862.0,1711.1,6.04,379685.89,29530.06,16,0,0.6,0.3683,0.3974,0.1593,,4,False
SHP-100055958,DB_Schenker,Mundra,Le_Havre,sea,On_Schedule,Pharmaceuticals,SGD,2022-12-14,2023-01-05,543.4,19030.9,261.4,0.75,3630.03,214.35,6,5,0.0,0.1669,0.1178,0.6147,20.4,1,False
SHP-103022691,ONE,Busan,Miami,road,On_Schedule,Perishables,EUR,2023-08-05,2023-08-09,109.5,588.7,780.7,1.0,56541.33,430.48,7,3,0.0,0.6758,0.2441,0.3283,-17.2,3,True
SHP-104508497,DB_Schenker,Sydney,Barcelona,sea,Customs_Hold,Chemicals,EUR,2024-03-24,2024-04-13,493.3,6518.7,53658.0,87.78,12549.28,117.37,7,2,0.0,0.0672,0.1867,0.4795,,4,True
SHP-101332686,Kuehne_Nagel,Port_Klang,Baltimore,sea,Customs_Hold,Machinery,EUR,2023-09-18,2023-10-11,559.5,9418.2,2512.0,3.15,509093.56,39231.12,24,0,0.0,0.4826,0.4308,0.3375,,4,True
SHP-103944687,CMA_CGM,Rotterdam,Le_Havre,rail,Delivered,Textiles,USD,2024-12-02,2024-12-08,151.2,7564.6,2631.7,6.53,39265.44,614.58,24,5,35.7,0.2695,0.0431,0.6528,19.7,2,True
SHP-100766825,FedEx,Port_Klang,Baltimore,rail,At_Port,Automotive,CNY,2022-10-07,2022-10-16,216.9,4676.9,9438.2,12.66,1861913.4,97602.52,5,0,0.0,0.3462,0.087,0.0954,26.4,3,True
SHP-103130274,DHL,Mumbai,Felixstowe,sea,On_Schedule,Pharmaceuticals,CNY,2024-07-17,2024-07-27,257.5,21383.5,97.8,0.24,42395.9,1016.02,11,5,0.0,0.6184,0.1518,0.0403,-17.2,2,True
SHP-104269694,MSC,Melbourne,Rotterdam,sea,On_Schedule,Electronics,CNY,2022-12-14,2022-12-23,216.0,10501.4,3383.9,4.5,80770.95,1500.12,14,5,0.0,0.7783,0.0289,0.3841,-12.7,3,False
SHP-102888893,UPS,Hamburg,Antwerp,air,In_Transit,Pharmaceuticals,EUR,2023-01-31,2023-01-31,13.3,882.1,21498.3,32.03,12791.41,864.5,11,1,0.0,0.227,0.1805,0.1084,-0.0,2,True
SHP-104106672,Hapag-Lloyd,Melbourne,Bremen,sea,In_Transit,Chemicals,AED,2023-06-20,2023-07-10,491.8,11329.9,344143.1,1237.18,25700.6,612.16,3,0,0.0,0.3326,0.195,0.0629,9.7,4,True
SHP-104162669,Kuehne_Nagel,Melbourne,Hamburg,sea,Delivered,Textiles,CNY,2024-09-20,2024-09-24,114.8,16223.0,2605.0,7.0,872376.24,9647.53,16,5,5.6,0.3207,0.1709,0.2829,,4,True
SHP-101226075,UPS,Sydney,Miami,sea,In_Transit,Food_Beverage,CNY,2022-06-25,2022-07-20,606.6,11641.0,148.0,0.32,11700.78,147.59,9,3,0.0,0.2263,0.0551,0.4601,10.0,3,True
SHP-102325115,UPS,Mundra,Valencia,sea,In_Transit,Consumer_Goods,USD,2024-08-19,2024-08-27,211.0,20300.2,119.3,0.21,17648.34,881.08,16,1,0.0,0.5524,0.39,0.5,,3,True
SHP-100902421,Evergreen,Felixstowe,Houston,sea,In_Transit,Food_Beverage,EUR,2022-06-11,2022-06-25,340.8,10355.1,1355.3,3.5,19204.25,1162.2,12,4,0.0,0.2543,0.2517,0.205,,4,True
SHP-103518271,ONE,Tanjung_Pelepas,Bremen,sea,On_Schedule,Automotive,AED,2024-05-06,2024-05-13,184.6,7377.2,6233.9,9.37,443.59,27.3,7,5,0.0,0.2834,0.1471,0.4367,,1,True
SHP-102887927,Yang_Ming,Ningbo,Rotterdam,sea,On_Schedule,Perishables,AED,2024-11-18,2024-11-26,209.3,9210.8,10866.0,22.3,487767.99,21205.36,18,5,0.0,0.6454,0.3219,0.3269,,4,True
SHP-100648486,CMA_CGM,Busan,Rotterdam,air,Delayed,Pharmaceuticals,AED,2023-04-17,2023-04-19,60.9,13565.2,3621.6,5.38,3590857.23,123812.19,6,4,28.1,0.3954,0.1613,0.2522,,3,False
SHP-103926274,COSCO,Dubai,Genoa,rail,On_Schedule,Raw_Materials,EUR,2024-07-14,2024-07-16,67.3,6393.5,1326.2,2.55,84607.47,901.54,13,2,0.0,0.4065,0.2156,0.2743,,1,False
SHP-102494922,Yang_Ming,Guangzhou,Mumbai,sea,Delayed,Automotive,AED,2022-06-02,2022-06-23,504.3,18968.8,17802.4,49.79,163426.93,7394.45,7,3,11.5,0.4262,0.1485,0.4351,,3,False
SHP-102313012,FedEx,Sydney,Houston,sea,Delayed,Machinery,SGD,2022-12-22,2023-01-14,566.2,19323.8,2196.8,9.97,114428.61,3785.71,5,4,2.8,0.4754,0.1457,0.4418,20.3,1,True
SHP-102258111,DHL,Guangzhou,New_York,rail,In_Transit,Consumer_Goods,SGD,2022-11-02,2022-11-05,95.0,553.5,243.8,0.82,308770.67,6348.31,16,2,0.0,0.2093,0.2077,0.3515,,3,False
SHP-102962665,Evergreen,Mumbai,Miami,road,Critical_Delay,Automotive,AED,2022-12-17,2022-12-22,138.9,2630.6,1701.2,3.61,15642.71,1223.28,8,0,0.7,0.4328,0.4204,0.3859,,2,False
SHP-100068198,Kuehne_Nagel,Antwerp,Piraeus,sea,Customs_Hold,Machinery,AED,2024-06-16,2024-07-05,474.7,14838.6,14644.6,20.42,94253.03,2669.38,11,2,0.0,0.4428,0.0097,0.534,,4,False
SHP-101820065,Maersk,Tanjung_Pelepas,Genoa,sea,At_Port,Perishables,GBP,2022-06-22,2022-06-26,96.7,19802.3,159290.4,385.39,190492.06,5196.04,16,3,0.0,0.1956,0.0649,0.5312,28.6,4,True
SHP-101913477,FedEx,Mundra,Sydney,sea,At_Port,Electronics,AED,2024-05-04,2024-05-27,552.8,18400.6,7227.9,9.06,8346.51,344.35,11,3,0.0,0.5403,0.3103,0.2685,,1,False
SHP-103865048,ONE,Guangzhou,Antwerp,road,At_Port,Machinery,EUR,2022-11-08,2022-11-09,37.3,4633.8,363.9,1.01,3508.67,61.39,23,4,0.0,0.1203,0.1698,0.6321,-16.5,4,True
SHP-101639180,UPS,Mundra,Antwerp,sea,At_Port,Machinery,AED,2024-07-23,2024-08-04,306.0,4136.3,384.3,0.54,11782.91,630.36,24,3,0.0,0.2288,0.5459,0.3154,,4,True
SHP-103686050,FedEx,Melbourne,Dubai,sea,On_Schedule,Electronics,GBP,2022-09-07,2022-09-24,412.5,15457.8,1777.8,2.49,50300.68,259.98,8,3,0.0,0.0695,0.1733,0.1393,17.2,3,False
SHP-101285091,Kuehne_Nagel,Guangzhou,Singapore,sea,In_Transit,Chemicals,CNY,2022-11-20,2022-12-01,269.9,11648.5,12219.8,25.06,7995.67,599.86,11,3,0.0,0.4421,0.3573,0.2214,6.9,2,True
SHP-103845852,ONE,Melbourne,Genoa,air,Delayed,Consumer_Goods,SGD,2022-06-06,2022-06-07,47.8,2219.8,10872.4,36.02,1283079.31,25211.29,13,5,7.1,0.2839,0.1238,0.1101,,1,False
SHP-100234253,ONE,Mundra,Miami,air,Delayed,Consumer_Goods,USD,2023-08-27,2023-08-27,18.8,12596.9,226.6,0.5,655398.53,51975.56,15,3,54.1,0.1913,0.3353,0.1534,,2,True
SHP-100915736,CMA_CGM,Hamburg,Valencia,rail,Critical_Delay,Chemicals,AED,2022-09-09,2022-09-12,83.7,2834.7,8892.6,11.87,1059723.95,32701.64,20,2,19.4,0.2042,0.2085,0.2467,,2,True
SHP-100408468,DB_Schenker,Guangzhou,Miami,air,Customs_Hold,Consumer_Goods,AED,2024-11-23,2024-11-25,67.2,11949.3,569.6,1.63,72035.3,4584.85,19,3,0.0,0.2333,0.3243,0.1368,,2,False
SHP-102956724,Maersk,Melbourne,Genoa,sea,Customs_Hold,Pharmaceuticals,USD,2024-06-13,2024-06-17,97.7,15712.7,444.4,0.85,70644.81,680.26,6,1,0.0,0.1077,0.1754,0.4348,,1,True
SHP-102607774,DB_Schenker,Dubai,Savannah,rail,On_Schedule,Pharmaceuticals,SGD,2023-07-06,2023-07-11,125.7,3197.3,129.0,0.24,2741.81,179.73,12,3,0.0,0.3256,0.0929,0.5599,15.6,4,True
SHP-101711594,Yang_Ming,Busan,Valencia,sea,In_Transit,Electronics,AED,2022-11-09,2022-11-25,391.8,15134.2,15737.1,19.79,65056.44,1690.38,18,0,0.0,0.3026,0.2746,0.5306,,2,False
SHP-102912068,Maersk,Tanjung_Pelepas,Baltimore,sea,On_Schedule,Perishables,USD,2022-11-21,2022-12-14,556.1,9771.0,240.4,0.46,2213.7,145.11,14,1,0.0,0.2777,0.0122,0.2502,,1,True
SHP-102008108,ONE,Ningbo,New_York,sea,Customs_Hold,Perishables,AED,2023-01-03,2023-01-10,185.4,19936.3,13778.4,56.99,494598.64,11226.88,7,4,0.0,0.3626,0.0536,0.1438,,4,True
SHP-101094693,HMM,Port_Klang,Piraeus,sea,On_Schedule,Textiles,SGD,2022-12-06,2022-12-21,374.1,20477.8,161.0,0.21,134001.09,4413.94,14,2,0.0,0.1749,0.0651,0.2972,,2,False
SHP-102380608,COSCO,Hamburg,Los_Angeles,sea,On_Schedule,Perishables,USD,2023-12-18,2024-01-08,505.6,9261.0,3791.4,9.33,56952.61,2746.03,2,5,0.0,0.436,0.1348,0.0539,,1,True
SHP-101470732,Maersk,Hamburg,Sydney,air,Customs_Hold,Pharmaceuticals,SGD,2023-10-15,2023-10-17,57.9,13275.0,4698.7,7.56,77646.37,841.72,1,2,0.0,0.3458,0.2296,0.138,,3,False
SHP-102334532,UPS,Port_Klang,Miami,air,Delivered,Machinery,GBP,2022-06-13,2022-06-14,36.2,7823.4,1888.7,4.04,89980.74,3740.42,11,3,40.7,0.3512,0.4528,0.2469,26.0,2,True
SHP-100026132,DB_Schenker,Dubai,Mumbai,sea,On_Schedule,Food_Beverage,SGD,2022-10-31,2022-11-13,321.1,5516.1,512.9,0.88,36733.2,1164.69,15,2,0.0,0.0436,0.2734,0.2341,,1,True
SHP-100139376,DHL,Mundra,Baltimore,sea,In_Transit,Chemicals,AED,2024-09-11,2024-09-21,254.2,16001.0,8983.3,35.62,45440.94,511.47,7,1,0.0,0.0564,0.2434,0.413,16.1,1,True
SHP-101295329,DB_Schenker,Ningbo,New_York,sea,Delayed,Electronics,USD,2023-12-26,2024-01-17,534.1,16957.4,21.1,0.03,8613942.31,254893.65,10,0,10.4,0.3009,0.1749,0.3162,,3,False
SHP-102180877,Maersk,Colombo,Baltimore,road,In_Transit,Automotive,USD,2023-09-23,2023-09-24,47.7,2000.7,5522.6,10.47,73271.47,5659.32,15,5,0.0,0.0562,0.1766,0.0533,,2,True
SHP-102574238,FedEx,Jebel_Ali,Genoa,sea,In_Transit,Consumer_Goods,AED,2022-09-20,2022-10-17,658.6,4920.8,2176.0,5.78,3597566.76,165512.77,10,1,0.0,0.0933,0.2267,0.1292,,4,False
SHP-103356574,ZIM,Tokyo,Singapore,air,On_Schedule,Textiles,USD,2024-06-06,2024-06-08,60.7,8471.2,346.2,1.43,11821.2,211.3,2,2,0.0,0.1838,0.121,0.4531,,3,True
SHP-103528927,DB_Schenker,Tanjung_Pelepas,Rotterdam,air,In_Transit,Machinery,CNY,2023-06-23,2023-06-25,54.1,12092.3,8840.1,12.66,275365.45,13669.16,7,2,0.0,0.1812,0.0719,0.4012,0.3,1,False
SHP-101357650,Maersk,Felixstowe,Miami,sea,In_Transit,Consumer_Goods,CNY,2022-03-23,2022-04-11,463.0,12202.9,163.4,0.28,363531.09,26665.1,8,2,0.0,0.0458,0.2861,0.4534,-10.8,2,False
SHP-103447497,COSCO,Jebel_Ali,Sydney,road,Delayed,Automotive,EUR,2022-10-13,2022-10-18,126.5,7742.8,1953.2,2.66,35393.69,1475.59,12,0,49.8,0.5505,0.147,0.5261,-5.4,3,False
SHP-101395427,MSC,Hamburg,Le_Havre,sea,In_Transit,Consumer_Goods,USD,2024-09-11,2024-10-05,584.4,9430.8,2340.6,3.91,91070.09,6969.82,10,3,0.0,0.0486,0.2485,0.2503,-0.9,1,True
SHP-104003592,UPS,Hamburg,New_York,sea,Customs_Hold,Raw_Materials,GBP,2022-08-28,2022-09-05,193.0,15430.2,2168.4,3.42,884853.45,24210.63,18,3,0.0,0.4353,0.1781,0.5632,-15.5,2,False
SHP-102096427,Evergreen,Rotterdam,Antwerp,rail,At_Port,Chemicals,GBP,2024-10-08,2024-10-10,71.1,2147.1,87276.9,191.48,75352.67,826.02,15,3,0.0,0.3847,0.2759,0.4841,-4.4,1,True
SHP-101313974,DB_Schenker,Antwerp,Le_Havre,road,On_Schedule,Chemicals,GBP,2024-08-22,2024-08-27,134.3,5574.7,151519.4,435.11,568.02,14.6,13,0,0.0,0.5544,0.1151,0.6854,,4,False
SHP-100239066,DHL,Ningbo,Rotterdam,sea,Delayed,Machinery,CNY,2022-09-07,2022-09-24,426.7,17964.0,2212.0,4.82,87434.45,4323.93,24,2,34.7,0.282,0.1542,0.4918,,4,True
SHP-102634227,Yang_Ming,Ningbo,Barcelona,air,On_Schedule,Pharmaceuticals,USD,2023-08-02,2023-08-04,67.7,2616.8,3284.6,8.57,1391.92,44.63,1,2,0.0,0.3298,0.1212,0.2093,,3,True
SHP-100674829,ZIM,Singapore,Antwerp,sea,At_Port,Automotive,SGD,2023-07-04,2023-07-21,409.1,20042.4,5847.7,10.96,2241.59,24.28,7,1,0.0,0.051,0.0422,0.2635,,1,False
SHP-102611110,CMA_CGM,Shanghai,Sydney,air,Customs_Hold,Raw_Materials,EUR,2022-03-19,2022-03-21,69.7,1202.9,187.1,0.23,31455.51,1298.07,18,0,0.0,0.5702,0.2627,0.1293,6.8,4,True
SHP-104374663,COSCO,Guangzhou,New_York,rail,At_Port,Machinery,SGD,2022-07-25,2022-08-01,190.2,4206.0,429193.8,1271.03,1596707.2,15133.15,13,2,0.0,0.338,0.1867,0.1272,-19.7,1,True
SHP-101597249,Kuehne_Nagel,Mumbai,Felixstowe,sea,Delivered,Chemicals,USD,2022-01-10,2022-02-04,611.8,1771.6,1998.9,2.51,726.9,47.56,19,0,15.6,0.4804,0.0907,0.2208,,1,False
SHP-104623979,Evergreen,Jebel_Ali,Miami,rail,Delayed,Food_Beverage,CNY,2023-08-11,2023-08-20,217.8,3827.2,575.1,0.79,2542911.91,43226.61,16,2,18.6,0.5161,0.4501,0.4038,13.0,4,True
SHP-103856525,HMM,Mundra,Houston,rail,In_Transit,Pharmaceuticals,AED,2024-09-09,2024-09-16,180.2,5641.4,1937.1,5.89,33277.7,1237.79,13,1,0.0,0.2552,0.2607,0.3993,14.1,2,True
SHP-101108450,Maersk,Felixstowe,Miami,sea,In_Transit,Pharmaceuticals,GBP,2024-06-06,2024-06-29,556.8,15759.1,3098.7,5.23,3982.02,305.27,8,2,0.0,0.5105,0.2102,0.132,,1,True
SHP-104230192,HMM,Mumbai,Le_Havre,road,Customs_Hold,Textiles,SGD,2022-10-18,2022-10-25,182.0,3823.5,1204.6,5.08,176029.63,9171.34,12,3,0.0,0.3826,0.2222,0.2113,-7.9,2,True
SHP-101487018,UPS,Mundra,Felixstowe,sea,Customs_Hold,Automotive,SGD,2024-11-28,2024-12-19,509.9,13711.3,126394.1,259.64,431.02,30.11,11,3,0.0,0.2928,0.1974,0.1444,1.9,1,False
SHP-101034365,FedEx,Tanjung_Pelepas,Sydney,air,Critical_Delay,Perishables,EUR,2022-07-07,2022-07-08,32.4,6670.3,77525.4,123.26,78737.23,4121.52,12,3,19.6,0.2872,0.192,0.361,,2,True
SHP-104831067,MSC,Busan,Los_Angeles,air,Delayed,Perishables,CNY,2023-10-13,2023-10-13,18.7,11499.0,129516.5,214.04,421778.57,19272.92,2,5,6.4,0.4277,0.17,0.0921,,1,True
SHP-104077837,CMA_CGM,Rotterdam,Barcelona,sea,On_Schedule,Consumer_Goods,CNY,2024-01-09,2024-01-25,386.6,3344.6,1049.5,2.47,1394.82,26.27,22,5,0.0,0.2535,0.2249,0.4886,,4,True
SHP-102249267,Kuehne_Nagel,Rotterdam,Miami,sea,On_Schedule,Raw_Materials,EUR,2023-01-04,2023-01-21,425.5,922.8,35827.5,107.48,203271.13,3306.11,13,0,0.0,0.0722,0.1773,0.0638,,4,True
SHP-103799875,DB_Schenker,Colombo,Felixstowe,air,On_Schedule,Consumer_Goods,CNY,2024-11-28,2024-11-28,20.3,9179.0,27948.6,36.88,600138.69,25372.26,17,4,0.0,0.1475,0.196,0.3845,-12.9,4,False
SHP-100956041,UPS,Tokyo,Mumbai,sea,Delayed,Automotive,USD,2022-05-25,2022-06-14,482.0,8636.4,191.1,0.46,183386.65,10784.69,18,0,0.8,0.1204,0.3865,0.2955,22.6,1,True
SHP-104665461,Hapag-Lloyd,Felixstowe,Le_Havre,sea,At_Port,Chemicals,EUR,2024-10-19,2024-10-25,149.2,3568.5,317.3,0.5,374169.17,4077.14,19,4,0.0,0.0315,0.1829,0.2504,-3.4,3,True
SHP-100078059,MSC,Chennai,Antwerp,sea,In_Transit,Consumer_Goods,EUR,2024-04-26,2024-05-24,686.9,14697.6,3948.4,6.09,115761.38,1930.76,7,0,0.0,0.2925,0.0596,0.0724,,1,False
SHP-102782740,Maersk,Dubai,Piraeus,sea,Delivered,Consumer_Goods,USD,2024-01-28,2024-02-24,667.2,1760.0,359.3,0.56,40009.51,1850.31,19,5,18.6,0.0853,0.5476,0.3636,-13.5,2,False
SHP-100967827,Hapag-Lloyd,Mundra,Barcelona,sea,Customs_Hold,Electronics,GBP,2022-01-08,2022-01-13,138.2,7722.6,4340.5,7.96,1082008.58,37849.72,21,0,0.0,0.0366,0.0731,0.182,,2,False
SHP-100313774,UPS,Jebel_Ali,Valencia,sea,On_Schedule,Perishables,CNY,2023-09-30,2023-10-07,177.6,2523.7,6554.0,31.98,74606.93,4272.69,10,4,0.0,0.2902,0.1774,0.1535,,4,True
SHP-103194832,COSCO,Shanghai,Houston,air,In_Transit,Food_Beverage,GBP,2023-05-30,2023-05-30,18.7,11794.3,287.1,0.41,72066.05,4999.91,8,1,0.0,0.4461,0.3403,0.1014,,1,True
SHP-104530686,Yang_Ming,Mundra,Miami,rail,Delivered,Food_Beverage,CNY,2024-03-11,2024-03-17,166.8,3306.5,653.4,1.46,115393.97,1966.37,14,1,6.6,0.3743,0.0905,0.5591,,4,False
SHP-100498110,ZIM,Singapore,New_York,sea,Delayed,Chemicals,SGD,2022-04-21,2022-05-08,421.0,16320.7,2762.4,9.24,1087.98,15.14,18,0,70.2,0.4312,0.1574,0.3744,,4,False
SHP-100501709,DHL,Mumbai,Rotterdam,air,At_Port,Textiles,AED,2022-12-29,2022-12-31,61.8,7943.0,1496.7,2.9,1552.58,9.71,1,0,0.0,0.4187,0.0849,0.3583,,2,True
SHP-104437912,COSCO,Ningbo,Sydney,sea,In_Transit,Textiles,AED,2024-06-12,2024-07-10,691.2,9521.3,49033.5,196.68,4173.77,56.72,9,1,0.0,0.1504,0.0455,0.0346,,2,False
SHP-102507060,Kuehne_Nagel,Sydney,Antwerp,air,Critical_Delay,Raw_Materials,EUR,2022-12-06,2022-12-06,23.8,13802.1,3815.7,17.47,4112.37,118.33,23,2,1.6,0.5795,0.2029,0.2831,,4,True
SHP-104416883,Maersk,Shanghai,Genoa,sea,In_Transit,Textiles,SGD,2024-05-09,2024-05-18,223.1,6096.8,105.6,0.16,896540.71,49689.86,1,5,0.0,0.1338,0.1824,0.1499,,2,True
SHP-104524330,DB_Schenker,Tokyo,Singapore,road,On_Schedule,Food_Beverage,AED,2024-08-13,2024-08-16,78.0,1148.6,4595.0,13.28,150668.98,3303.35,21,2,0.0,0.3905,0.0404,0.4198,,1,True
SHP-104409612,MSC,Colombo,Los_Angeles,sea,In_Transit,Textiles,EUR,2022-06-03,2022-06-28,622.2,5231.5,9913.8,14.19,1894955.95,64383.74,19,2,0.0,0.2061,0.1831,0.1329,,4,True
SHP-101320686,COSCO,Guangzhou,Barcelona,air,In_Transit,Raw_Materials,EUR,2023-07-15,2023-07-17,63.1,12515.4,375.6,1.02,5711387.32,224657.73,14,2,0.0,0.2507,0.0876,0.3448,-10.0,4,True
SHP-101145064,DB_Schenker,Colombo,Bremen,sea,On_Schedule,Perishables,EUR,2022-12-05,2022-12-25,489.1,11165.5,104160.9,251.16,1177659.59,78174.79,13,0,0.0,0.4554,0.1686,0.4472,,4,True
SHP-104205206,ONE,Antwerp,Mumbai,sea,On_Schedule,Perishables,EUR,2024-04-20,2024-05-08,434.0,917.9,100481.2,465.27,6076.03,326.03,12,4,0.0,0.1403,0.0419,0.2392,28.7,3,True
SHP-102942714,HMM,Sydney,Piraeus,air,Critical_Delay,Raw_Materials,USD,2023-03-01,2023-03-02,25.2,10807.7,1057.1,1.48,80206.35,5231.99,17,1,5.6,0.1397,0.4284,0.208,,2,True
SHP-102991898,Maersk,Mumbai,Bremen,sea,Delayed,Pharmaceuticals,EUR,2022-07-23,2022-08-07,378.1,16687.8,6776.5,9.88,772233.56,17262.22,19,1,29.5,0.0225,0.3763,0.4351,,1,True
SHP-104623990,Hapag-Lloyd,Antwerp,Le_Havre,sea,On_Schedule,Chemicals,AED,2024-03-17,2024-03-22,134.6,15262.5,4399.0,6.5,30311.36,1343.28,14,5,0.0,0.2375,0.2447,0.4526,,1,True
SHP-102276626,ZIM,Mundra,Baltimore,sea,On_Schedule,Perishables,CNY,2023-11-25,2023-12-07,294.7,13086.3,1309.2,1.8,1454947.18,48533.6,23,0,0.0,0.0646,0.1777,0.1357,,3,True
SHP-103100146,ZIM,Jebel_Ali,Valencia,air,On_Schedule,Textiles,EUR,2024-10-13,2024-10-14,40.3,2238.2,7346.0,13.4,127582.18,1617.1,8,5,0.0,0.2682,0.2597,0.593,12.0,4,True
SHP-102994694,UPS,Dubai,Rotterdam,rail,In_Transit,Food_Beverage,USD,2024-09-15,2024-09-20,129.7,1998.5,116.2,0.21,3066.97,62.3,7,0,0.0,0.2218,0.1701,0.3033,,3,False
SHP-103990721,HMM,Mumbai,Felixstowe,air,At_Port,Chemicals,SGD,2023-01-06,2023-01-08,57.1,4126.0,4163.7,9.2,580974.73,40461.26,11,3,0.0,0.1834,0.1383,0.1092,14.3,2,True
SHP-102384950,UPS,Tanjung_Pelepas,Valencia,rail,In_Transit,Pharmaceuticals,AED,2023-05-01,2023-05-10,239.1,3397.9,1995.3,9.74,193330.98,12210.71,9,4,0.0,0.0589,0.0233,0.2799,,2,True
SHP-104296411,COSCO,Tokyo,Bremen,sea,On_Schedule,Automotive,AED,2023-07-31,2023-08-17,430.9,12826.5,427.9,1.56,24911.87,1152.26,24,0,0.0,0.1056,0.1222,0.5604,,4,True
SHP-104623924,Yang_Ming,Rotterdam,Bremen,sea,In_Transit,Raw_Materials,SGD,2023-12-13,2024-01-09,671.5,19639.7,2557.1,12.7,596826.33,18882.36,5,3,0.0,0.1054,0.2548,0.161,,1,False
SHP-104867466,DB_Schenker,Tokyo,Mumbai,rail,In_Transit,Raw_Materials,USD,2022-05-05,2022-05-09,96.6,1579.1,350.2,0.57,92585.79,6110.32,13,1,0.0,0.3839,0.0366,0.2927,,4,True
SHP-100580823,ZIM,Rotterdam,Dubai,sea,On_Schedule,Consumer_Goods,CNY,2023-11-17,2023-12-14,660.1,5845.1,12990.9,20.93,12013.87,556.19,17,2,0.0,0.255,0.3179,0.144,,3,True
SHP-104067783,Kuehne_Nagel,Singapore,Barcelona,sea,On_Schedule,Automotive,EUR,2024-08-21,2024-09-07,427.6,9824.3,62780.9,125.6,2811.72,28.46,24,3,0.0,0.0088,0.0271,0.2866,,1,False
SHP-101504667,DB_Schenker,Singapore,Miami,sea,In_Transit,Raw_Materials,USD,2024-04-24,2024-05-19,613.0,12367.8,4970.8,9.47,75218.14,4901.21,14,2,0.0,0.0266,0.3385,0.3066,15.2,2,True
SHP-104613343,FedEx,Antwerp,Baltimore,sea,Delayed,Automotive,CNY,2023-01-17,2023-01-28,272.0,9293.7,13043.5,20.12,12346.24,734.77,10,2,37.0,0.6897,0.1687,0.6601,,4,False
SHP-102272472,CMA_CGM,Shanghai,Antwerp,road,At_Port,Textiles,GBP,2024-04-19,2024-04-25,157.9,2607.7,4918.9,10.92,44483.49,1532.06,15,5,0.0,0.3079,0.4452,0.2909,12.6,2,True
SHP-104404624,UPS,Dubai,Hamburg,sea,On_Schedule,Raw_Materials,SGD,2022-11-01,2022-11-25,594.6,7874.9,19137.1,32.88,135237.24,3850.71,10,3,0.0,0.462,0.0883,0.1649,,4,True
SHP-101257832,UPS,Rotterdam,Le_Havre,air,On_Schedule,Chemicals,USD,2024-10-09,2024-10-10,43.6,13962.6,1309.5,4.79,97336.78,1839.06,7,0,0.0,0.1443,0.0608,0.319,,1,True
SHP-103233520,FedEx,Singapore,Miami,air,On_Schedule,Automotive,EUR,2022-05-18,2022-05-20,59.0,12833.8,126.2,0.33,117185.58,8945.51,1,3,0.0,0.3633,0.0906,0.3997,,4,True
SHP-104716852,Yang_Ming,Tokyo,Valencia,rail,On_Schedule,Raw_Materials,SGD,2023-02-08,2023-02-14,158.8,3723.8,29828.5,65.24,104944.41,2417.54,12,5,0.0,0.1656,0.3199,0.4923,,3,False
SHP-100207721,Yang_Ming,Chennai,Felixstowe,sea,Delayed,Consumer_Goods,SGD,2024-05-29,2024-06-24,635.5,16526.9,6545.5,12.97,4795894.22,271019.59,23,4,37.3,0.28,0.2006,0.221,,2,False
SHP-104594171,Hapag-Lloyd,Sydney,Dubai,sea,Delayed,Chemicals,EUR,2024-07-19,2024-07-23,118.6,12916.1,54065.3,98.38,899088.04,8892.55,5,2,22.9,0.6707,0.4235,0.4267,19.8,3,True
SHP-104989394,Maersk,Tanjung_Pelepas,Hamburg,sea,Delayed,Food_Beverage,SGD,2023-01-09,2023-01-13,109.7,16336.1,199751.5,326.75,29580.6,2156.06,8,3,9.7,0.1346,0.0469,0.5083,-11.0,4,False
SHP-100094545,COSCO,Shanghai,Baltimore,sea,In_Transit,Chemicals,GBP,2024-02-22,2024-03-20,656.9,19567.5,102.5,0.19,48569.47,2928.72,11,3,0.0,0.0665,0.3157,0.7492,,1,True
SHP-102645809,COSCO,Hamburg,Los_Angeles,road,Critical_Delay,Consumer_Goods,USD,2022-07-02,2022-07-10,212.5,385.6,4407.3,6.48,148173.06,1791.28,9,1,13.9,0.3275,0.0118,0.2586,,2,False
SHP-103918256,Maersk,Busan,Hamburg,sea,At_Port,Machinery,AED,2022-06-28,2022-07-15,411.6,18179.2,3066.8,5.24,1732930.24,77802.55,14,2,0.0,0.4965,0.2788,0.1529,,3,True
SHP-104037807,HMM,Rotterdam,New_York,sea,On_Schedule,Machinery,GBP,2022-05-10,2022-05-16,153.4,15281.4,982.0,1.64,12756.09,719.51,15,4,0.0,0.0725,0.0299,0.3793,,1,True
SHP-104193294,CMA_CGM,Hamburg,Rotterdam,rail,In_Transit,Perishables,USD,2022-04-09,2022-04-11,61.1,3698.4,4115.5,8.44,152286.79,1477.2,12,5,0.0,0.2945,0.039,0.4809,26.3,3,False
SHP-100567228,DHL,Ningbo,Savannah,sea,In_Transit,Textiles,EUR,2024-08-02,2024-08-16,359.8,7007.6,26974.2,51.96,1032825.07,54238.19,6,1,0.0,0.0228,0.4985,0.3449,-1.1,2,True
SHP-102074636,DHL,Rotterdam,Hamburg,sea,At_Port,Electronics,USD,2024-02-22,2024-03-10,421.5,16702.6,770.9,1.34,174721.43,3769.25,24,0,0.0,0.4293,0.1556,0.3798,13.1,3,True
SHP-101116171,CMA_CGM,Port_Klang,Houston,rail,On_Schedule,Automotive,USD,2024-06-03,2024-06-07,110.0,5970.1,6220.7,8.1,98388.55,6565.91,22,2,0.0,0.2439,0.1221,0.4251,,1,True
SHP-102015450,CMA_CGM,Felixstowe,Hamburg,sea,On_Schedule,Consumer_Goods,SGD,2022-12-17,2022-12-25,211.9,5114.4,683.0,1.32,4358.21,157.94,16,4,0.0,0.0929,0.2754,0.0371,23.1,2,True
SHP-102142611,DB_Schenker,Dubai,Sydney,sea,On_Schedule,Pharmaceuticals,SGD,2024-11-04,2024-11-22,453.2,1953.7,1556.5,3.96,78232.7,5915.11,7,3,0.0,0.4417,0.1133,0.5093,,1,False
SHP-103608360,Kuehne_Nagel,Mundra,Barcelona,road,At_Port,Food_Beverage,GBP,2023-06-13,2023-06-22,232.7,7843.2,427.6,0.72,274517.27,9907.39,21,3,0.0,0.5538,0.1821,0.6796,,4,True
SHP-104890394,FedEx,Antwerp,Felixstowe,sea,Delivered,Raw_Materials,SGD,2024-06-11,2024-06-26,370.4,13701.6,3065.6,7.08,35594.77,1776.2,6,5,8.7,0.0148,0.1846,0.3237,,3,False
SHP-102440302,DHL,Chennai,Savannah,air,Critical_Delay,Raw_Materials,GBP,2024-07-24,2024-07-25,26.1,11294.4,189.5,0.24,333427.38,2593.65,19,3,22.3,0.2277,0.0486,0.1813,,4,True
SHP-104121322,DHL,Mumbai,Bremen,air,In_Transit,Food_Beverage,SGD,2024-07-14,2024-07-16,58.7,9848.6,2613.0,4.59,10377.66,583.27,18,5,0.0,0.395,0.0943,0.1836,,4,True
SHP-103733201,Hapag-Lloyd,Tanjung_Pelepas,Houston,sea,Customs_Hold,Perishables,USD,2024-09-21,2024-10-13,538.9,4161.9,12252.1,25.85,169764.9,8955.35,14,1,0.0,0.1756,0.2931,0.18,,1,False
SHP-101540002,Yang_Ming,Tokyo,Savannah,rail,Delayed,Automotive,AED,2022-10-05,2022-10-08,80.4,2264.7,131.2,0.17,3166.12,50.21,8,0,41.5,0.2952,0.3471,0.2254,,2,True
SHP-103559012,Hapag-Lloyd,Tokyo,Le_Havre,rail,Customs_Hold,Pharmaceuticals,GBP,2023-10-31,2023-11-01,34.1,3002.2,2639.6,4.71,2905.18,147.61,8,2,0.0,0.1257,0.0495,0.5622,,3,True
SHP-103178747,DB_Schenker,Jebel_Ali,Genoa,sea,At_Port,Food_Beverage,USD,2024-12-02,2024-12-09,171.6,10054.2,3257.7,4.15,689.68,27.46,9,4,0.0,0.0492,0.0637,0.5413,6.2,1,True
SHP-104724684,HMM,Shanghai,Los_Angeles,sea,In_Transit,Raw_Materials,AED,2022-02-12,2022-03-05,515.0,4643.8,353193.9,832.21,58779.93,3722.83,15,5,0.0,0.1662,0.2141,0.5576,,2,True
SHP-100470777,Yang_Ming,Jebel_Ali,Baltimore,sea,On_Schedule,Pharmaceuticals,SGD,2022-07-13,2022-08-07,601.7,2547.7,13339.1,37.78,250.0,2.23,20,1,0.0,0.5975,0.1296,0.4437,,2,True
SHP-102040900,CMA_CGM,Tanjung_Pelepas,New_York,sea,On_Schedule,Machinery,SGD,2023-10-09,2023-10-22,322.2,4243.3,21452.1,33.24,424672.24,9246.48,22,2,0.0,0.1011,0.0659,0.4962,,2,False
SHP-104597446,HMM,Felixstowe,Dubai,sea,Delayed,Textiles,EUR,2023-07-17,2023-08-02,403.7,20126.7,1378.1,2.5,99918.86,2427.46,4,4,6.6,0.5215,0.4438,0.4277,,1,True
SHP-102612098,Evergreen,Tanjung_Pelepas,Dubai,sea,On_Schedule,Electronics,CNY,2023-04-13,2023-04-26,316.9,7932.2,3251.9,8.97,4862.19,268.83,1,0,0.0,0.1111,0.0677,0.5482,27.0,4,True
SHP-100299618,DB_Schenker,Guangzhou,Rotterdam,sea,Customs_Hold,Automotive,SGD,2022-02-28,2022-03-05,129.6,16144.9,9075.1,26.33,268596.6,10506.41,24,2,0.0,0.1054,0.1309,0.1243,,4,True
SHP-103989544,FedEx,Mumbai,Houston,sea,On_Schedule,Textiles,AED,2022-02-24,2022-03-22,633.6,7187.6,29.9,0.08,32791.78,2330.73,22,1,0.0,0.1375,0.271,0.4343,,4,True
SHP-103203733,DHL,Sydney,New_York,sea,On_Schedule,Machinery,SGD,2023-12-05,2024-01-01,651.0,1806.4,295.2,0.76,50158.42,2935.94,14,4,0.0,0.3912,0.1425,0.1666,,2,True
SHP-101161354,COSCO,Dubai,Mumbai,sea,On_Schedule,Consumer_Goods,GBP,2023-02-19,2023-03-18,648.7,21275.1,23694.9,92.94,1868.58,68.8,1,4,0.0,0.25,0.0152,0.0622,-15.4,1,True
SHP-104884616,DHL,Rotterdam,Antwerp,air,At_Port,Pharmaceuticals,SGD,2024-10-15,2024-10-15,23.0,11645.9,350.8,0.51,26971.97,2068.08,10,2,0.0,0.2949,0.0724,0.0552,,1,True
SHP-101240760,DHL,Rotterdam,Barcelona,sea,In_Transit,Textiles,EUR,2024-06-09,2024-06-13,105.7,5793.9,16219.0,50.68,5204.94,318.44,6,1,0.0,0.1794,0.1122,0.4599,24.9,4,True
SHP-103334734,DHL,Mumbai,Savannah,sea,At_Port,Machinery,AED,2022-11-14,2022-11-25,269.4,17915.3,9415.5,22.78,8319.04,123.25,24,4,0.0,0.2629,0.1662,0.3154,,4,True
SHP-100930985,HMM,Tokyo,Mumbai,sea,Delayed,Pharmaceuticals,USD,2022-03-18,2022-04-04,431.9,7405.5,11690.6,15.47,361149.92,22144.28,8,4,0.3,0.3344,0.3619,0.2353,,4,True
SHP-102545286,MSC,Sydney,Sydney,sea,Delayed,Chemicals,EUR,2024-10-18,2024-11-14,671.1,10124.3,52172.9,160.71,40592.37,753.64,17,2,21.7,0.6306,0.1432,0.329,28.8,4,False
SHP-101143596,ZIM,Chennai,Le_Havre,sea,On_Schedule,Consumer_Goods,USD,2022-02-07,2022-02-24,430.8,18851.7,6747.7,11.19,426295.3,4731.63,15,1,0.0,0.4347,0.5801,0.1893,,4,True
SHP-102178810,ZIM,Busan,Los_Angeles,sea,Delayed,Machinery,EUR,2023-09-10,2023-09-26,399.6,4037.5,5383.2,7.3,2653968.21,79147.91,6,1,19.4,0.2139,0.0911,0.0767,,1,False
SHP-103345582,DHL,Rotterdam,Miami,rail,In_Transit,Automotive,CNY,2023-01-31,2023-02-06,157.6,7475.1,21800.7,40.58,5455.69,199.43,24,5,0.0,0.3549,0.0855,0.4006,4.5,3,False
SHP-100731277,ONE,Sydney,Singapore,sea,In_Transit,Chemicals,SGD,2023-03-08,2023-03-19,274.2,9622.0,424773.0,737.59,33545.87,2245.93,5,0,0.0,0.3782,0.3811,0.4669,14.3,2,True
SHP-102692456,Kuehne_Nagel,Mumbai,Hamburg,sea,On_Schedule,Food_Beverage,AED,2022-09-30,2022-10-28,679.0,19775.4,1915.0,2.71,18945.33,1391.82,1,0,0.0,0.4551,0.0572,0.3989,,1,True
SHP-102932413,UPS,Guangzhou,Houston,sea,On_Schedule,Pharmaceuticals,GBP,2024-03-07,2024-03-20,326.6,14567.0,78234.8,154.49,4582183.21,306685.79,19,5,0.0,0.1755,0.3173,0.3529,24.2,2,False
SHP-104029892,Evergreen,Guangzhou,Houston,sea,At_Port,Food_Beverage,CNY,2022-01-31,2022-02-15,368.2,6030.7,1157.4,1.67,7320.14,160.46,2,4,0.0,0.0518,0.2775,0.1551,,2,False
SHP-102075018,Evergreen,Dubai,Singapore,sea,In_Transit,Automotive,SGD,2022-10-03,2022-10-12,222.2,14271.9,3276.8,11.38,33571.48,1385.33,4,5,0.0,0.1881,0.2663,0.2862,14.9,2,False
SHP-103343012,DHL,Ningbo,Hamburg,rail,At_Port,Machinery,EUR,2022-07-16,2022-07-18,50.9,7604.7,7343.5,13.7,3557.04,244.7,15,4,0.0,0.4619,0.2844,0.4871,,3,False
SHP-103062211,CMA_CGM,Guangzhou,Baltimore,sea,In_Transit,Automotive,CNY,2023-10-10,2023-10-23,326.3,5936.4,838.0,1.35,1906676.45,38308.14,6,2,0.0,0.2516,0.2848,0.4556,,3,False
SHP-104268779,Kuehne_Nagel,Ningbo,Valencia,rail,On_Schedule,Textiles,CNY,2024-10-31,2024-11-09,217.8,5987.0,1631.4,2.73,74215.4,1259.45,7,5,0.0,0.1061,0.4634,0.5774,25.8,3,True
SHP-102648024,Hapag-Lloyd,Chennai,Felixstowe,sea,On_Schedule,Electronics,EUR,2022-07-29,2022-08-16,438.0,4390.0,316.7,0.48,166018.47,4393.98,9,0,0.0,0.2267,0.3286,0.506,,1,False
SHP-103314078,CMA_CGM,Chennai,Le_Havre,sea,In_Transit,Raw_Materials,AED,2023-09-06,2023-09-12,150.6,3196.7,3168.9,8.77,7083.52,138.38,11,5,0.0,0.2248,0.1129,0.0628,,4,False
SHP-100335456,ZIM,Port_Klang,Houston,road,Critical_Delay,Machinery,CNY,2024-09-09,2024-09-18,237.2,7646.7,634.9,0.91,335613.45,18798.5,12,2,35.4,0.456,0.5049,0.3372,15.9,1,True
SHP-104698959,ONE,Port_Klang,Mumbai,air,On_Schedule,Raw_Materials,GBP,2024-12-05,2024-12-07,57.0,7000.3,77191.7,241.45,1729374.31,101046.07,23,1,0.0,0.1439,0.3574,0.2961,,4,False
SHP-101913025,ONE,Mundra,Los_Angeles,sea,In_Transit,Textiles,USD,2022-08-02,2022-08-25,569.6,14590.0,2169.7,5.93,40214.11,2922.32,10,4,0.0,0.1638,0.1313,0.3789,,2,True
SHP-104691875,Evergreen,Busan,Los_Angeles,sea,Customs_Hold,Pharmaceuticals,CNY,2023-12-03,2023-12-28,606.8,6108.0,308.8,0.67,50600.19,2502.46,4,2,0.0,0.2147,0.1773,0.4501,25.5,1,True
SHP-104153274,CMA_CGM,Colombo,Valencia,sea,In_Transit,Electronics,GBP,2022-11-11,2022-11-19,207.4,10241.7,26428.7,38.17,14333.98,870.49,1,2,0.0,0.3886,0.1017,0.5527,,1,True
SHP-100373061,ZIM,Tanjung_Pelepas,Valencia,sea,In_Transit,Automotive,GBP,2024-12-09,2024-12-16,169.3,7171.0,946.6,2.09,102175.83,5580.26,19,1,0.0,0.2967,0.0183,0.0875,,3,False
SHP-102266973,Maersk,Colombo,Baltimore,sea,Delivered,Electronics,EUR,2023-09-26,2023-10-10,346.6,2076.0,257.6,0.47,144629.35,970.03,6,0,2.8,0.1446,0.1372,0.0732,,2,True
SHP-103950867,CMA_CGM,Chennai,Le_Havre,air,At_Port,Machinery,GBP,2022-05-25,2022-05-27,65.9,14200.7,815.6,1.7,230394.05,5687.84,12,5,0.0,0.3726,0.1188,0.2354,,3,False
SHP-102959804,HMM,Shanghai,Rotterdam,sea,On_Schedule,Raw_Materials,CNY,2022-03-15,2022-04-09,606.0,16323.7,1046.9,4.94,16146.07,114.37,10,3,0.0,0.1941,0.3048,0.3861,-8.3,2,False
SHP-104625547,Evergreen,Busan,Los_Angeles,sea,On_Schedule,Machinery,GBP,2023-11-02,2023-11-28,631.3,15795.3,20252.3,37.74,264300.55,13908.09,21,2,0.0,0.228,0.6204,0.5808,-5.5,3,True
SHP-102347382,Maersk,Rotterdam,Valencia,sea,In_Transit,Automotive,SGD,2024-07-26,2024-08-10,369.2,14960.9,14587.2,69.79,80090.27,1526.46,15,3,0.0,0.1133,0.1996,0.5704,,4,True
SHP-102708607,MSC,Sydney,Bremen,sea,In_Transit,Machinery,USD,2024-02-03,2024-02-09,147.5,5835.5,4332.1,18.11,21258.35,1445.03,3,3,0.0,0.5259,0.3654,0.2932,,3,False
SHP-101532097,COSCO,Hamburg,Sydney,sea,At_Port,Food_Beverage,EUR,2023-10-26,2023-11-09,340.4,18998.1,5305.7,18.2,121162.37,5431.61,13,4,0.0,0.1434,0.2534,0.6604,,2,False
SHP-101161449,ONE,Colombo,Felixstowe,sea,In_Transit,Perishables,EUR,2024-06-26,2024-07-08,294.8,7716.2,1623.4,4.14,4329125.96,304463.03,11,1,0.0,0.0961,0.1386,0.2869,-10.4,1,True
SHP-104215757,HMM,Guangzhou,Le_Havre,sea,In_Transit,Automotive,SGD,2022-07-24,2022-07-30,156.2,5396.3,3448.6,4.58,1752.43,139.62,13,0,0.0,0.1418,0.1248,0.2397,,3,True
SHP-100766723,HMM,Colombo,Rotterdam,rail,Customs_Hold,Electronics,AED,2024-03-20,2024-03-23,81.4,2954.7,32364.7,115.9,14915.29,1062.9,7,5,0.0,0.3244,0.1568,0.0677,4.3,1,True
SHP-101402483,Yang_Ming,Hamburg,Hamburg,sea,At_Port,Chemicals,AED,2022-09-16,2022-10-01,380.3,13685.5,76124.1,108.45,766367.56,32174.94,2,0,0.0,0.358,0.2807,0.1203,-10.3,3,False
SHP-101113722,Evergreen,Ningbo,Antwerp,sea,Delivered,Automotive,GBP,2024-08-27,2024-09-12,384.1,18526.8,3092.6,5.97,71602.94,5286.01,4,4,6.4,0.1591,0.2487,0.3574,,4,False
SHP-103466363,Yang_Ming,Melbourne,Baltimore,sea,In_Transit,Food_Beverage,AED,2022-03-28,2022-04-23,642.2,13213.7,1359.7,1.78,146539.68,11461.17,12,2,0.0,0.0797,0.0994,0.2613,,4,False
SHP-104302082,CMA_CGM,Melbourne,Baltimore,sea,Customs_Hold,Textiles,AED,2023-05-14,2023-05-23,221.3,1863.4,1606.0,3.12,157959.58,7161.56,16,4,0.0,0.3223,0.3043,0.6721,,3,False
SHP-101081655,ZIM,Tokyo,Savannah,air,Delivered,Textiles,SGD,2022-02-06,2022-02-06,21.9,4835.0,939.2,2.3,394539.41,11044.55,12,4,99.2,0.2842,0.4059,0.4671,,4,False
SHP-102049843,DB_Schenker,Antwerp,Mumbai,rail,In_Transit,Textiles,GBP,2024-04-15,2024-04-21,147.5,3152.2,1195.2,1.91,62113.34,987.36,9,3,0.0,0.1911,0.057,0.5783,,4,False
SHP-101804202,CMA_CGM,Rotterdam,Houston,sea,Customs_Hold,Automotive,USD,2023-07-01,2023-07-28,652.2,7629.3,9503.0,12.65,24272.9,868.14,11,5,0.0,0.2839,0.3894,0.382,,1,True
SHP-104979847,Maersk,Mumbai,Bremen,road,Critical_Delay,Pharmaceuticals,SGD,2023-06-29,2023-07-05,146.8,454.6,12523.3,38.19,4250.57,140.5,8,3,23.8,0.1703,0.1505,0.384,,4,False
SHP-102923112,CMA_CGM,Ningbo,Antwerp,sea,In_Transit,Food_Beverage,GBP,2024-06-01,2024-06-28,669.1,10410.8,692.5,3.24,54149.15,873.31,12,1,0.0,0.2843,0.1132,0.2097,,3,True
SHP-101975877,MSC,Busan,Singapore,sea,In_Transit,Machinery,USD,2023-11-09,2023-11-15,147.2,12735.2,586.9,1.56,22536.19,1764.97,22,4,0.0,0.43,0.0259,0.3247,,2,False
SHP-102256123,ONE,Guangzhou,Rotterdam,sea,In_Transit,Raw_Materials,AED,2024-06-03,2024-06-22,479.6,19543.7,273396.8,1288.5,19762.98,534.1,3,4,0.0,0.0998,0.3341,0.2388,,3,True
SHP-103158255,ZIM,Port_Klang,Los_Angeles,sea,In_Transit,Raw_Materials,USD,2022-04-03,2022-04-12,225.4,20814.5,6349.1,21.77,408773.08,25330.37,14,4,0.0,0.2078,0.3108,0.297,,1,True
SHP-103955246,Kuehne_Nagel,Felixstowe,Le_Havre,air,In_Transit,Food_Beverage,USD,2023-06-02,2023-06-03,24.6,4579.6,661.5,2.28,3392754.0,176892.77,9,2,0.0,0.2902,0.2529,0.5463,-9.9,3,True
SHP-100187421,Yang_Ming,Mumbai,Genoa,sea,At_Port,Raw_Materials,GBP,2023-10-26,2023-11-05,250.6,4822.6,53784.0,137.07,66308.63,3711.23,1,5,0.0,0.6601,0.4635,0.5339,,3,True
SHP-100845415,Kuehne_Nagel,Mundra,Piraeus,air,In_Transit,Raw_Materials,GBP,2024-04-30,2024-05-02,58.0,11684.1,3323.1,15.6,1936.6,13.09,23,1,0.0,0.2773,0.0618,0.3055,,4,True
SHP-100800834,MSC,Hamburg,Mumbai,sea,In_Transit,Machinery,USD,2023-07-29,2023-08-26,673.8,8004.8,4595.6,14.83,143047.48,8146.68,24,1,0.0,0.2789,0.3477,0.2899,,3,True
SHP-100186346,Evergreen,Felixstowe,Sydney,sea,On_Schedule,Machinery,EUR,2024-04-01,2024-04-08,169.6,21009.7,266.4,1.04,64050.29,354.5,19,0,0.0,0.559,0.1641,0.3294,,3,False
SHP-102688084,DB_Schenker,Hamburg,Genoa,road,Customs_Hold,Perishables,EUR,2022-08-08,2022-08-17,224.2,4294.6,74133.8,115.03,216.4,2.45,12,2,0.0,0.2885,0.0748,0.3353,,4,True
SHP-104272802,UPS,Sydney,Baltimore,sea,Delayed,Machinery,GBP,2023-03-29,2023-04-12,346.7,8409.2,4349.5,6.43,386024.38,28918.09,21,4,25.5,0.2892,0.2377,0.738,,4,False
SHP-103914931,Maersk,Dubai,Miami,rail,On_Schedule,Food_Beverage,CNY,2024-10-28,2024-11-04,188.7,4694.1,825.2,1.1,7572.29,545.35,7,2,0.0,0.1002,0.2401,0.5446,,4,True
SHP-101477351,Evergreen,Tanjung_Pelepas,Rotterdam,air,Delayed,Chemicals,USD,2024-04-01,2024-04-02,24.5,5382.2,10138.9,21.48,173946.44,9551.4,21,0,0.2,0.4137,0.2009,0.5493,-5.1,1,True
SHP-104634770,ONE,Colombo,Le_Havre,air,At_Port,Pharmaceuticals,AED,2024-01-01,2024-01-01,13.5,13068.4,6776.7,27.24,229035.25,1886.22,23,5,0.0,0.2985,0.0913,0.2725,,4,True
SHP-104122587,DHL,Dubai,Valencia,rail,Delayed,Automotive,SGD,2023-01-15,2023-01-19,112.2,6712.9,3667.6,4.93,112201.31,3030.97,6,3,12.9,0.2541,0.3501,0.4042,,4,True
SHP-101851371,HMM,Jebel_Ali,Bremen,air,On_Schedule,Machinery,SGD,2024-02-09,2024-02-11,67.6,4154.9,8182.8,24.26,19133.06,1042.79,10,0,0.0,0.1724,0.0989,0.3396,,2,True
SHP-100429138,UPS,Guangzhou,Mumbai,sea,Delayed,Food_Beverage,USD,2022-09-01,2022-09-27,636.6,9996.2,1592.8,4.03,5714.3,292.79,5,2,11.2,0.4433,0.1346,0.3012,10.8,3,False
SHP-101144334,ONE,Rotterdam,Genoa,road,Delayed,Pharmaceuticals,GBP,2023-03-05,2023-03-10,136.1,967.1,763.6,2.15,12327.37,504.38,3,3,7.8,0.3694,0.1284,0.4554,-2.2,4,False
SHP-100418995,COSCO,Guangzhou,Hamburg,sea,Critical_Delay,Perishables,SGD,2022-04-17,2022-05-14,653.4,6418.6,347.4,0.61,4853222.6,221544.95,7,3,6.2,0.2231,0.0795,0.5381,,1,False
SHP-100465511,DB_Schenker,Mundra,Rotterdam,air,On_Schedule,Raw_Materials,AED,2024-05-31,2024-06-01,29.8,13648.4,9335.4,15.08,1231931.15,23201.76,6,1,0.0,0.3033,0.1658,0.3388,,3,True
SHP-103379792,CMA_CGM,Rotterdam,Dubai,road,On_Schedule,Automotive,AED,2023-06-26,2023-07-01,131.8,1502.7,4528.9,14.26,247964.68,12679.54,17,2,0.0,0.2831,0.6008,0.2989,,2,False
SHP-102217716,Maersk,Tanjung_Pelepas,Dubai,road,In_Transit,Food_Beverage,CNY,2022-07-03,2022-07-12,239.0,7600.9,319.8,0.62,1261.24,59.16,22,3,0.0,0.2494,0.2251,0.3382,,2,True
SHP-103699046,CMA_CGM,Mumbai,Genoa,sea,In_Transit,Pharmaceuticals,GBP,2023-09-28,2023-10-12,346.2,18444.4,28493.1,46.48,146449.39,11426.35,18,5,0.0,0.1971,0.0977,0.1598,,3,False
SHP-100299802,COSCO,Dubai,Piraeus,sea,In_Transit,Chemicals,SGD,2023-05-05,2023-05-17,294.0,21011.6,48747.4,178.44,1538.89,9.26,10,0,0.0,0.2754,0.2819,0.4232,,2,False
SHP-102396920,DB_Schenker,Dubai,Miami,sea,At_Port,Automotive,GBP,2023-09-26,2023-10-07,285.8,8260.1,818.1,2.85,186204.38,3776.81,16,2,0.0,0.2549,0.5577,0.3939,,4,True
SHP-104100289,Hapag-Lloyd,Singapore,Singapore,sea,Delayed,Consumer_Goods,EUR,2024-11-16,2024-11-27,274.9,15249.7,893.5,1.27,11854.27,646.76,15,1,9.6,0.2848,0.117,0.6159,7.9,3,True
SHP-104027321,CMA_CGM,Busan,Sydney,sea,Delayed,Raw_Materials,CNY,2024-05-18,2024-05-25,183.5,19727.8,4548.7,22.29,64646.08,1154.09,19,3,2.2,0.115,0.204,0.812,5.0,1,False
SHP-100452654,MSC,Melbourne,Houston,road,On_Schedule,Consumer_Goods,SGD,2022-03-22,2022-03-31,232.8,5376.1,3800.9,7.34,123109.61,2230.08,5,5,0.0,0.0867,0.0839,0.5344,,3,True
SHP-102273989,ONE,Mumbai,Mumbai,sea,Delayed,Machinery,AED,2023-08-21,2023-09-07,427.1,11469.3,156.0,0.21,2452.01,60.37,13,4,27.9,0.1109,0.5915,0.2366,,2,True
SHP-100364830,HMM,Mundra,Piraeus,air,On_Schedule,Consumer_Goods,AED,2022-11-30,2022-11-30,16.9,14570.2,8172.2,14.07,33636.86,2391.96,4,0,0.0,0.3716,0.0282,0.3811,,4,True
SHP-102267623,MSC,Hamburg,Los_Angeles,sea,On_Schedule,Consumer_Goods,AED,2024-06-03,2024-06-22,469.9,6217.9,728.8,0.91,16160.21,811.38,15,3,0.0,0.285,0.235,0.1481,,1,True
SHP-100135392,DB_Schenker,Port_Klang,Hamburg,sea,On_Schedule,Automotive,EUR,2024-12-16,2024-12-25,226.1,14166.6,241.5,1.0,384495.48,26645.76,10,1,0.0,0.2143,0.28,0.075,,4,False
SHP-104490780,CMA_CGM,Melbourne,Rotterdam,air,On_Schedule,Pharmaceuticals,EUR,2022-04-29,2022-05-01,60.5,3241.4,77401.6,228.0,853516.06,18958.83,21,0,0.0,0.4268,0.4341,0.3839,-14.9,3,False
SHP-104789468,ZIM,Ningbo,Le_Havre,air,At_Port,Electronics,EUR,2022-08-31,2022-08-31,15.3,12835.5,2536.5,4.16,24494.05,1715.3,7,0,0.0,0.1265,0.3446,0.4271,,1,False
SHP-101585382,CMA_CGM,Felixstowe,Dubai,sea,Delayed,Automotive,AED,2022-10-17,2022-11-09,565.0,13115.3,508.6,1.22,43559.49,845.25,9,3,2.0,0.3827,0.2077,0.1422,,3,False
SHP-100034589,MSC,Guangzhou,Bremen,road,In_Transit,Machinery,CNY,2023-04-09,2023-04-17,207.9,7946.5,809.2,1.69,108292.71,1649.83,8,0,0.0,0.404,0.2031,0.1978,,4,False
SHP-104872351,Hapag-Lloyd,Chennai,Rotterdam,air,On_Schedule,Automotive,GBP,2024-10-23,2024-10-24,26.2,9217.3,34680.0,107.86,301932.77,14869.35,3,1,0.0,0.3712,0.2598,0.2921,,3,False
SHP-103782314,CMA_CGM,Melbourne,Dubai,sea,On_Schedule,Machinery,CNY,2023-04-02,2023-04-17,363.8,3071.1,6766.7,9.74,1751.28,116.16,7,3,0.0,0.4006,0.2398,0.3085,,3,False
SHP-100373392,HMM,Mundra,Felixstowe,air,Critical_Delay,Textiles,SGD,2024-06-01,2024-06-02,29.9,5199.9,8526.7,24.39,3176.84,53.36,17,3,29.2,0.2698,0.0922,0.4261,21.8,4,False
SHP-104684005,ZIM,Dubai,Savannah,sea,On_Schedule,Chemicals,AED,2022-01-05,2022-01-17,311.9,9004.3,590.2,0.79,561.68,31.61,21,0,0.0,0.27,0.3615,0.2609,,1,True
SHP-101556132,Evergreen,Busan,Mumbai,sea,Delayed,Textiles,CNY,2022-09-28,2022-10-04,155.6,14695.1,254.9,0.37,38456.37,2229.97,5,0,11.5,0.111,0.2434,0.3121,,1,True
SHP-103775117,DB_Schenker,Colombo,Rotterdam,sea,Delayed,Textiles,USD,2022-03-14,2022-04-05,547.5,11170.6,271.7,0.36,441236.1,11353.75,14,0,0.7,0.1426,0.2274,0.0119,,1,False
SHP-104954505,Evergreen,Rotterdam,Houston,sea,In_Transit,Electronics,SGD,2024-04-14,2024-04-25,265.3,9204.9,13415.2,17.85,30999.64,1104.19,6,2,0.0,0.0631,0.1343,0.3247,-0.6,2,True
SHP-102547625,ONE,Mumbai,Valencia,rail,At_Port,Raw_Materials,USD,2022-12-21,2022-12-26,128.1,4235.6,314.9,1.29,1639.52,20.36,15,2,0.0,0.1598,0.1979,0.5138,,2,False
SHP-102325038,Hapag-Lloyd,Mumbai,New_York,sea,Customs_Hold,Pharmaceuticals,GBP,2024-06-09,2024-07-05,643.8,1369.3,3977.2,10.49,12972.51,643.83,4,1,0.0,0.4224,0.2769,0.0859,,3,True
SHP-102270635,ZIM,Tanjung_Pelepas,Antwerp,sea,Customs_Hold,Pharmaceuticals,AED,2024-07-25,2024-08-08,339.4,15876.9,2311.6,3.89,53671.58,2712.91,19,5,0.0,0.334,0.1505,0.417,-15.3,3,False
SHP-103419346,Maersk,Guangzhou,Hamburg,sea,In_Transit,Textiles,GBP,2022-07-04,2022-07-22,438.3,9777.3,286.7,0.37,144664.9,8536.41,5,0,0.0,0.2365,0.3304,0.3101,,4,True
SHP-103175663,DHL,Rotterdam,Valencia,sea,On_Schedule,Perishables,SGD,2023-01-03,2023-01-24,525.3,19345.2,3798.3,13.77,414719.15,18166.78,2,5,0.0,0.2444,0.0884,0.6132,,1,False
SHP-104008523,Yang_Ming,Port_Klang,Singapore,air,Customs_Hold,Consumer_Goods,SGD,2023-11-24,2023-11-26,57.2,2285.0,8700.0,11.64,23327.71,1815.87,5,3,0.0,0.2635,0.1453,0.3132,3.2,1,True
SHP-100539827,Maersk,Hamburg,Bremen,sea,In_Transit,Food_Beverage,GBP,2022-11-19,2022-12-15,625.0,21728.9,596.2,0.83,7516.42,62.44,20,0,0.0,0.0737,0.0504,0.3489,,3,True
SHP-103267079,Maersk,Chennai,Los_Angeles,sea,On_Schedule,Consumer_Goods,EUR,2023-03-30,2023-04-05,167.8,20204.6,2149.2,3.73,8700.96,239.6,15,3,0.0,0.2475,0.1987,0.4987,,4,True
SHP-103923782,Maersk,Chennai,Genoa,sea,On_Schedule,Textiles,AED,2023-11-15,2023-12-08,572.0,6295.6,76787.3,128.15,8247.94,365.67,3,4,0.0,0.1547,0.0408,0.4823,21.7,3,True
SHP-101918607,COSCO,Mumbai,Miami,sea,On_Schedule,Raw_Materials,AED,2022-08-31,2022-09-08,212.7,5975.9,41616.3,60.67,33819.1,1195.79,5,3,0.0,0.145,0.1616,0.5829,,2,True
SHP-102724919,CMA_CGM,Jebel_Ali,Miami,sea,Customs_Hold,Raw_Materials,CNY,2022-05-25,2022-06-14,488.6,3372.2,212419.3,277.96,2921.11,144.59,19,2,0.0,0.3729,0.5291,0.543,28.4,4,True
SHP-101634572,CMA_CGM,Tanjung_Pelepas,Rotterdam,sea,In_Transit,Consumer_Goods,GBP,2024-07-25,2024-08-15,526.0,15796.0,10887.7,15.92,71363.92,5703.89,1,2,0.0,0.2264,0.1191,0.248,,3,True
SHP-103385982,Maersk,Mundra,Dubai,sea,In_Transit,Machinery,AED,2024-03-27,2024-04-22,644.6,18383.3,3524.0,7.6,347070.69,25792.23,17,3,0.0,0.279,0.3352,0.296,11.4,3,True
SHP-100617330,COSCO,Rotterdam,Savannah,sea,On_Schedule,Automotive,SGD,2024-01-28,2024-02-26,698.1,13426.5,13753.6,40.2,350988.75,20534.6,12,2,0.0,0.3583,0.0405,0.2114,,2,False
SHP-100257632,DHL,Tokyo,Rotterdam,road,On_Schedule,Consumer_Goods,GBP,2022-08-18,2022-08-23,123.3,2808.8,3363.7,5.17,1586.28,99.6,7,2,0.0,0.3684,0.4701,0.6233,,4,True
SHP-101165309,MSC,Mundra,Dubai,rail,Delayed,Textiles,USD,2022-08-31,2022-09-07,170.4,2911.9,29511.2,129.15,319405.06,2286.8,15,4,8.4,0.1521,0.1243,0.2949,-17.2,4,True
SHP-100541861,CMA_CGM,Melbourne,Singapore,sea,On_Schedule,Textiles,EUR,2024-03-26,2024-04-04,219.3,16591.2,39395.1,188.75,57990.46,2258.55,1,0,0.0,0.1795,0.1355,0.2589,,1,True
SHP-103943576,UPS,Singapore,Antwerp,sea,Delayed,Consumer_Goods,USD,2022-01-10,2022-02-05,635.0,7066.8,34501.4,50.06,77777.01,5262.27,7,0,9.1,0.1132,0.0945,0.1184,,2,True
SHP-102000905,Kuehne_Nagel,Singapore,Dubai,sea,On_Schedule,Raw_Materials,CNY,2024-12-14,2025-01-05,547.7,10485.7,10762.4,29.89,49520.13,2655.23,10,4,0.0,0.3532,0.1042,0.1848,,3,True
SHP-101950761,Hapag-Lloyd,Sydney,Rotterdam,rail,On_Schedule,Machinery,USD,2023-05-19,2023-05-21,66.4,836.9,631.6,0.86,13955.53,851.81,5,4,0.0,0.028,0.2595,0.2728,-6.1,2,False
SHP-103756421,FedEx,Antwerp,Savannah,rail,Delayed,Textiles,USD,2024-03-05,2024-03-13,210.0,1851.5,15649.9,20.58,15690.96,572.79,19,5,45.6,0.1598,0.0442,0.2874,,2,False
SHP-100298803,FedEx,Antwerp,Valencia,air,Customs_Hold,Automotive,USD,2024-08-25,2024-08-25,19.1,11726.0,88544.4,137.19,1118800.24,65729.02,18,4,0.0,0.0916,0.0364,0.6634,6.8,4,True
SHP-103997898,Yang_Ming,Shanghai,Dubai,air,At_Port,Consumer_Goods,GBP,2024-03-16,2024-03-17,47.8,1451.4,9026.0,18.75,88435.31,5632.36,21,4,0.0,0.3328,0.0987,0.4236,,2,False
SHP-103953785,DB_Schenker,Shanghai,New_York,sea,On_Schedule,Textiles,USD,2023-10-11,2023-11-01,509.2,13359.2,1070.3,3.75,147155.74,9276.48,2,2,0.0,0.1085,0.1633,0.1659,,4,True
SHP-101301770,FedEx,Chennai,Dubai,sea,Customs_Hold,Consumer_Goods,AED,2022-05-23,2022-06-19,652.2,5357.5,295.4,1.38,10720.87,748.74,1,0,0.0,0.1708,0.3822,0.1441,,1,False
SHP-103677154,Maersk,Hamburg,Dubai,air,Delayed,Food_Beverage,GBP,2024-07-30,2024-08-01,51.4,4023.7,2429.1,4.57,7734.76,367.1,19,0,9.3,0.2518,0.4811,0.4792,12.1,1,True
SHP-104462770,Hapag-Lloyd,Melbourne,Sydney,sea,On_Schedule,Food_Beverage,AED,2023-04-10,2023-05-02,531.6,7748.2,410.3,0.64,60880.38,1415.97,15,5,0.0,0.2172,0.2514,0.4588,,4,False
SHP-102141076,MSC,Mundra,Piraeus,road,On_Schedule,Machinery,CNY,2024-06-23,2024-06-30,187.9,4765.0,3696.9,4.96,500042.84,28217.64,3,1,0.0,0.4218,0.0344,0.0449,21.0,3,True
SHP-103662548,ZIM,Tokyo,New_York,road,Delayed,Machinery,USD,2024-10-12,2024-10-19,181.2,255.9,37428.2,101.96,287679.36,22521.43,17,4,16.7,0.1508,0.0413,0.2715,1.3,2,True
SHP-104565629,DB_Schenker,Ningbo,Miami,sea,On_Schedule,Pharmaceuticals,AED,2022-11-28,2022-12-17,464.1,14151.5,3171.5,11.83,467355.39,28777.92,24,5,0.0,0.2109,0.1016,0.0874,,2,False
SHP-103136958,ZIM,Mundra,Los_Angeles,sea,On_Schedule,Chemicals,AED,2024-02-03,2024-02-07,99.0,13997.1,375993.5,633.73,85295.9,6344.47,20,4,0.0,0.2008,0.1015,0.5296,,3,False
SHP-102694417,HMM,Sydney,Savannah,sea,On_Schedule,Automotive,SGD,2022-12-23,2023-01-04,298.9,14007.1,328.9,1.24,3269981.74,80108.97,9,2,0.0,0.2058,0.0357,0.4241,,1,True
SHP-100749951,MSC,Chennai,Hamburg,rail,In_Transit,Chemicals,CNY,2022-01-18,2022-01-21,94.9,2136.2,7020.6,13.56,506757.25,29284.12,3,0,0.0,0.2303,0.3974,0.1743,,3,True
SHP-104278554,ONE,Port_Klang,Houston,sea,On_Schedule,Machinery,AED,2024-08-14,2024-08-19,121.2,4645.9,3.0,0.0,254054.6,2735.73,9,5,0.0,0.2603,0.1728,0.321,-6.9,3,False
SHP-101929596,Maersk,Sydney,Houston,air,In_Transit,Automotive,CNY,2023-11-30,2023-12-01,42.6,6168.8,673.6,1.03,275881.19,16434.48,7,1,0.0,0.3093,0.019,0.1287,,2,False
SHP-101516879,UPS,Tokyo,Baltimore,sea,On_Schedule,Perishables,CNY,2023-06-28,2023-07-05,187.8,3015.5,281.9,0.5,151144.28,5022.38,1,0,0.0,0.3665,0.1835,0.6269,22.8,2,False
SHP-102931596,Hapag-Lloyd,Port_Klang,Hamburg,sea,At_Port,Pharmaceuticals,AED,2024-03-25,2024-04-08,341.8,15976.5,190449.7,305.92,637977.19,41793.9,14,3,0.0,0.6421,0.0953,0.8158,9.3,2,False
SHP-101270916,UPS,Shanghai,Savannah,sea,Delivered,Consumer_Goods,AED,2022-12-21,2023-01-12,537.2,8034.1,103262.7,235.06,191044.85,8744.57,2,0,38.7,0.2267,0.0669,0.5047,-17.1,1,True
SHP-100934663,MSC,Colombo,Rotterdam,sea,At_Port,Pharmaceuticals,EUR,2023-10-30,2023-11-19,499.4,9180.8,1187.0,3.1,5090.04,149.46,5,3,0.0,0.1316,0.1324,0.3429,2.3,1,True
SHP-100357559,Kuehne_Nagel,Hamburg,Miami,sea,Delayed,Machinery,EUR,2022-08-12,2022-08-22,243.5,4081.6,7065.3,9.61,3313458.79,107713.01,15,1,47.4,0.0632,0.1877,0.0572,8.8,3,False
SHP-104339481,ZIM,Chennai,Le_Havre,air,Delivered,Automotive,CNY,2024-10-28,2024-10-30,49.6,14365.3,2021.3,8.42,17089.35,824.8,3,4,23.4,0.1632,0.1461,0.1736,,4,True
SHP-104169076,Evergreen,Antwerp,Valencia,sea,In_Transit,Pharmaceuticals,USD,2024-10-06,2024-10-14,207.2,11222.4,3864.4,10.16,38350.16,349.96,1,2,0.0,0.449,0.0696,0.3107,,2,True
SHP-102599943,Maersk,Busan,Genoa,air,In_Transit,Consumer_Goods,CNY,2022-07-06,2022-07-08,66.2,13893.8,2753.0,5.1,185155.17,3199.17,9,4,0.0,0.0452,0.1522,0.0765,,4,False
SHP-103912935,CMA_CGM,Guangzhou,Sydney,rail,Delayed,Electronics,AED,2022-08-31,2022-09-02,50.5,6511.5,335.1,1.62,420.12,14.78,17,0,103.1,0.2021,0.39,0.2191,,4,False
SHP-100008456,FedEx,Tokyo,Bremen,rail,On_Schedule,Food_Beverage,AED,2022-08-28,2022-09-02,123.3,1386.5,871.8,1.41,3584307.58,246345.97,17,1,0.0,0.0223,0.1244,0.306,,3,True
SHP-102467090,MSC,Rotterdam,Le_Havre,sea,On_Schedule,Pharmaceuticals,GBP,2022-02-02,2022-02-14,292.5,4296.6,8333.9,20.51,6622.62,35.97,8,4,0.0,0.2551,0.0163,0.2772,25.2,3,True
SHP-102360830,UPS,Tanjung_Pelepas,Dubai,rail,In_Transit,Perishables,EUR,2024-12-19,2024-12-25,155.7,6417.5,7412.8,14.67,26991.29,1341.92,21,3,0.0,0.3915,0.2749,0.7043,,1,False
SHP-102288806,DB_Schenker,Felixstowe,Barcelona,sea,On_Schedule,Consumer_Goods,SGD,2024-11-15,2024-12-03,452.0,12756.3,11687.3,47.18,244836.22,10242.03,13,1,0.0,0.3024,0.3782,0.3229,,2,False
SHP-104455195,DHL,Ningbo,Le_Havre,rail,On_Schedule,Electronics,SGD,2024-12-05,2024-12-14,224.6,3763.1,3329.7,4.41,9157.57,212.27,11,3,0.0,0.1891,0.1782,0.1304,,2,False
SHP-104123538,UPS,Singapore,Hamburg,sea,At_Port,Perishables,GBP,2022-05-30,2022-06-13,357.1,20957.2,515.7,0.89,316659.78,24761.64,8,5,0.0,0.3813,0.1986,0.2446,,1,False
SHP-102350642,UPS,Guangzhou,Piraeus,sea,In_Transit,Food_Beverage,SGD,2024-01-29,2024-02-06,198.6,17886.0,947.0,2.53,319052.87,15194.64,7,4,0.0,0.3249,0.1205,0.742,17.0,2,False
SHP-100960382,Maersk,Tokyo,Savannah,rail,On_Schedule,Pharmaceuticals,AED,2022-12-02,2022-12-03,46.0,1758.3,846.3,1.3,96409.34,4615.33,11,2,0.0,0.3552,0.1861,0.1389,,4,True
SHP-103765336,DB_Schenker,Chennai,Genoa,air,Delayed,Electronics,AED,2024-04-27,2024-04-28,34.3,3326.0,1346.6,2.34,9392827.76,181456.61,18,5,113.8,0.2329,0.2537,0.0582,11.4,2,True
SHP-102519632,DB_Schenker,Hamburg,Piraeus,air,On_Schedule,Chemicals,EUR,2024-02-01,2024-02-03,51.5,6971.7,2020.7,7.14,26367.18,1442.23,24,3,0.0,0.137,0.4313,0.3673,,1,False
SHP-100564336,DB_Schenker,Rotterdam,Dubai,air,Customs_Hold,Textiles,AED,2023-02-18,2023-02-20,70.7,12399.7,4229.3,19.3,46159.45,1841.24,4,0,0.0,0.2709,0.2584,0.1738,,2,True
SHP-103169478,UPS,Felixstowe,Dubai,sea,At_Port,Perishables,AED,2023-01-31,2023-02-08,209.1,12138.9,173.3,0.26,13094.57,606.48,13,0,0.0,0.399,0.1068,0.39,,2,True
SHP-101559587,MSC,Jebel_Ali,Genoa,sea,Delayed,Perishables,CNY,2022-11-06,2022-12-05,708.5,10407.8,9649.3,13.3,168097.56,9067.23,15,0,31.1,0.3525,0.2469,0.2525,,2,True
SHP-104390011,ZIM,Tanjung_Pelepas,Bremen,sea,On_Schedule,Textiles,CNY,2023-12-30,2024-01-07,203.4,20467.8,3763.1,8.34,1520691.72,55750.3,9,5,0.0,0.3832,0.3381,0.2643,,2,True
SHP-101053098,ZIM,Tanjung_Pelepas,Dubai,rail,Delayed,Chemicals,AED,2022-02-02,2022-02-08,161.5,2484.9,7426.9,27.96,24188.25,1299.5,15,3,5.8,0.3995,0.0874,0.1565,,4,True
SHP-101024732,Evergreen,Busan,Houston,rail,On_Schedule,Automotive,GBP,2024-01-23,2024-01-30,190.6,7731.0,3038.9,3.83,271343.23,18688.0,10,5,0.0,0.4647,0.3156,0.4814,,3,True
SHP-101466673,FedEx,Shanghai,Felixstowe,road,Delayed,Pharmaceuticals,SGD,2023-04-25,2023-04-29,114.3,3891.7,5484.6,7.79,33190.01,1744.03,1,3,1.7,0.4621,0.1449,0.4514,9.2,2,False
SHP-102711943,Maersk,Chennai,Mumbai,sea,In_Transit,Food_Beverage,CNY,2023-04-12,2023-04-19,187.6,5907.7,122.5,0.38,266330.67,8470.14,4,1,0.0,0.5408,0.4013,0.1497,,1,True
SHP-103102121,Maersk,Tokyo,Miami,air,On_Schedule,Automotive,USD,2022-10-13,2022-10-14,43.8,3175.4,5534.3,9.49,161283.28,4165.19,1,4,0.0,0.6237,0.0591,0.4267,,4,True
SHP-100436087,ZIM,Hamburg,Rotterdam,air,At_Port,Food_Beverage,GBP,2024-03-03,2024-03-04,25.9,13896.9,730.4,2.96,3686.12,46.24,9,2,0.0,0.3095,0.2812,0.3893,,4,False
SHP-100232598,Kuehne_Nagel,Felixstowe,Savannah,sea,In_Transit,Textiles,AED,2023-06-30,2023-07-23,573.9,17837.6,9175.6,13.79,604.91,42.13,11,0,0.0,0.0368,0.0592,0.3957,,4,True
SHP-103393716,Yang_Ming,Ningbo,Genoa,sea,In_Transit,Consumer_Goods,GBP,2022-05-28,2022-06-04,182.7,2926.0,1364.4,2.3,1388.28,77.07,11,0,0.0,0.2297,0.2175,0.4864,-4.3,1,False
SHP-104799783,FedEx,Hamburg,Singapore,rail,Customs_Hold,Consumer_Goods,EUR,2023-08-09,2023-08-17,193.5,7938.3,8312.9,20.19,8911.5,264.44,16,1,0.0,0.2535,0.0512,0.2065,24.7,4,True
SHP-103368184,Hapag-Lloyd,Dubai,Valencia,sea,In_Transit,Pharmaceuticals,EUR,2022-06-02,2022-06-22,501.1,2140.0,5180.3,6.55,35739.5,2742.89,10,1,0.0,0.2243,0.2162,0.0602,,3,False
SHP-102787867,UPS,Shanghai,Antwerp,sea,At_Port,Consumer_Goods,GBP,2023-04-08,2023-04-22,340.7,12802.1,178.2,0.24,50236.4,3855.78,18,4,0.0,0.0701,0.5298,0.2989,,1,True
SHP-102904663,CMA_CGM,Port_Klang,Barcelona,road,On_Schedule,Raw_Materials,CNY,2023-03-29,2023-03-30,29.3,4049.7,13167.8,22.82,166607.9,3247.74,7,2,0.0,0.1244,0.0387,0.4071,,3,True
SHP-103489560,Maersk,Tokyo,Houston,rail,On_Schedule,Machinery,GBP,2024-10-20,2024-10-27,190.2,6282.9,759.8,1.17,572035.2,6903.51,11,5,0.0,0.158,0.2476,0.0521,10.3,1,True
SHP-101432218,Yang_Ming,Mundra,Antwerp,road,At_Port,Machinery,SGD,2023-08-14,2023-08-23,222.9,3952.0,142.1,0.2,271507.4,17404.21,24,3,0.0,0.1438,0.2947,0.353,,1,True
SHP-102961656,Evergreen,Busan,Savannah,sea,At_Port,Textiles,AED,2022-05-27,2022-06-03,183.1,11925.8,1385.0,3.53,4094.49,256.07,6,1,0.0,0.2183,0.3711,0.0673,,2,True
SHP-102309421,ZIM,Tanjung_Pelepas,Los_Angeles,sea,On_Schedule,Consumer_Goods,SGD,2024-12-12,2024-12-22,249.3,6268.7,184.1,0.69,116499.17,8824.96,2,4,0.0,0.1991,0.546,0.2139,,4,False
SHP-101740967,HMM,Busan,Sydney,sea,Customs_Hold,Raw_Materials,USD,2022-11-16,2022-11-26,254.8,4853.7,7840.2,31.24,404849.19,24623.06,23,2,0.0,0.0838,0.1739,0.2104,12.3,4,False
SHP-102932371,Maersk,Busan,Valencia,air,On_Schedule,Pharmaceuticals,AED,2022-04-07,2022-04-08,32.2,13894.5,80845.7,211.65,102979.19,6448.07,5,2,0.0,0.6823,0.3656,0.6055,,1,False
SHP-104971872,Maersk,Ningbo,Savannah,sea,Delayed,Pharmaceuticals,SGD,2022-04-22,2022-05-11,474.1,17237.7,2027.9,8.95,4109.57,91.43,8,0,14.0,0.0591,0.1436,0.0407,,4,True
SHP-101844913,Yang_Ming,Mundra,Los_Angeles,air,On_Schedule,Chemicals,GBP,2022-10-27,2022-10-29,50.4,1343.6,2204.4,9.54,113588.26,3106.07,4,2,0.0,0.191,0.4268,0.0436,6.4,1,True
SHP-100400614,HMM,Mundra,Houston,air,In_Transit,Textiles,EUR,2024-11-22,2024-11-24,71.7,2894.0,434270.9,1670.41,15293.48,405.87,15,3,0.0,0.263,0.2088,0.7614,,3,True
SHP-104506761,ONE,Tokyo,Mumbai,air,At_Port,Perishables,AED,2023-07-30,2023-07-31,43.5,13350.9,2652.5,6.06,1288005.14,85428.14,20,4,0.0,0.305,0.3873,0.3372,-5.9,3,True
SHP-102958546,Kuehne_Nagel,Mumbai,Genoa,road,On_Schedule,Perishables,USD,2023-05-17,2023-05-22,126.1,247.7,1050.4,3.54,696523.3,37111.89,23,3,0.0,0.2209,0.2574,0.6362,,2,True
SHP-104382642,CMA_CGM,Tanjung_Pelepas,Miami,rail,In_Transit,Machinery,SGD,2022-11-12,2022-11-20,194.3,738.0,22.6,0.04,9698.59,186.81,2,4,0.0,0.5458,0.1118,0.3712,6.6,1,True
SHP-100481211,ONE,Felixstowe,Houston,air,At_Port,Food_Beverage,SGD,2022-09-15,2022-09-16,44.4,1163.1,4222.3,5.82,85848.6,2268.44,19,4,0.0,0.3757,0.0855,0.2318,,2,False
SHP-101158884,Kuehne_Nagel,Sydney,Felixstowe,air,In_Transit,Perishables,SGD,2022-01-27,2022-01-29,64.3,9205.8,3194.2,4.17,58754.47,1713.04,3,5,0.0,0.4912,0.1434,0.0266,,3,False
SHP-101361456,Evergreen,Colombo,Piraeus,sea,Critical_Delay,Raw_Materials,GBP,2024-05-14,2024-05-21,173.4,6110.2,813.3,1.89,633392.8,8707.33,22,2,6.0,0.3031,0.1159,0.1854,-20.0,4,False
SHP-103694769,Kuehne_Nagel,Dubai,Bremen,sea,On_Schedule,Food_Beverage,USD,2024-08-26,2024-08-30,99.3,10868.4,7063.2,13.87,29091.02,2241.13,6,2,0.0,0.3793,0.0279,0.1784,,4,False
SHP-100281363,DHL,Dubai,Felixstowe,air,In_Transit,Food_Beverage,CNY,2023-12-09,2023-12-10,37.9,9002.0,61119.0,97.8,37335.32,1143.62,10,4,0.0,0.1321,0.1772,0.203,11.2,3,False
SHP-101222325,Yang_Ming,Tokyo,Dubai,road,In_Transit,Consumer_Goods,CNY,2023-03-11,2023-03-20,238.5,3722.3,99680.6,344.69,531310.91,35152.28,14,1,0.0,0.2628,0.1952,0.4028,,2,False
SHP-100832931,COSCO,Jebel_Ali,New_York,rail,In_Transit,Chemicals,CNY,2022-12-27,2023-01-01,124.5,3319.0,872.1,1.59,144867.15,9360.82,22,1,0.0,0.3012,0.1485,0.3688,,1,True
SHP-100687744,UPS,Colombo,Le_Havre,sea,Delayed,Consumer_Goods,EUR,2023-09-22,2023-09-27,132.7,21998.6,1951.9,4.34,11386.57,872.74,3,5,5.2,0.1829,0.3115,0.5106,-20.0,2,False
SHP-100692804,CMA_CGM,Port_Klang,Houston,sea,In_Transit,Chemicals,SGD,2023-07-08,2023-07-12,105.5,21789.7,7434.9,26.97,145775.41,3424.3,5,5,0.0,0.2847,0.3097,0.2433,4.6,2,True
SHP-102471239,Yang_Ming,Tanjung_Pelepas,Valencia,rail,At_Port,Machinery,EUR,2024-02-13,2024-02-16,83.5,4505.4,3002.6,5.33,890236.96,40820.09,11,1,0.0,0.3862,0.0652,0.1672,27.2,1,True
SHP-103118903,Evergreen,Guangzhou,Baltimore,road,In_Transit,Consumer_Goods,USD,2023-08-03,2023-08-04,33.9,3961.4,5021.4,17.12,421107.19,33240.67,11,0,0.0,0.2434,0.2153,0.394,,1,True
SHP-100864884,FedEx,Chennai,Le_Havre,sea,Customs_Hold,Consumer_Goods,USD,2022-08-30,2022-09-21,544.9,6980.6,89681.5,116.1,157047.91,3718.64,7,0,0.0,0.1648,0.0971,0.2188,,2,False
SHP-100489452,UPS,Tokyo,Los_Angeles,sea,On_Schedule,Perishables,AED,2024-12-04,2025-01-01,688.2,12783.5,6876.3,11.78,101030.24,5258.02,1,2,0.0,0.3638,0.5547,0.2732,-12.6,3,False
SHP-103693871,ONE,Antwerp,Mumbai,sea,Delayed,Textiles,USD,2022-11-27,2022-12-17,500.5,12457.9,7744.5,13.37,921609.77,58844.64,12,3,11.9,0.4571,0.3861,0.0662,,1,True
SHP-103189875,FedEx,Hamburg,Genoa,air,Delayed,Food_Beverage,GBP,2023-12-06,2023-12-08,50.1,13113.2,30621.5,57.22,68297.02,2979.27,19,3,28.3,0.3574,0.1969,0.2704,6.2,2,True
SHP-102561706,UPS,Tanjung_Pelepas,Miami,sea,Delivered,Textiles,SGD,2023-07-26,2023-08-15,482.0,15496.1,55531.0,77.86,2849.82,46.33,24,1,12.6,0.2147,0.0072,0.6182,,3,True
SHP-104403868,Hapag-Lloyd,Guangzhou,Los_Angeles,sea,Critical_Delay,Automotive,AED,2023-04-10,2023-04-24,350.0,5486.8,2268.1,5.38,11494.5,660.68,24,0,18.9,0.3075,0.2621,0.4376,,4,False
SHP-103609214,Maersk,Mundra,Baltimore,sea,Critical_Delay,Food_Beverage,SGD,2023-09-01,2023-09-05,111.0,20266.2,4824.2,10.73,884090.25,56580.31,2,4,45.9,0.6766,0.0755,0.6997,0.5,4,False
SHP-103919374,Yang_Ming,Port_Klang,Genoa,air,In_Transit,Pharmaceuticals,CNY,2023-05-24,2023-05-24,21.2,11783.1,53385.9,85.57,475471.98,27682.55,7,5,0.0,0.297,0.1353,0.4141,,4,True
SHP-102214877,Kuehne_Nagel,Colombo,Le_Havre,rail,On_Schedule,Perishables,GBP,2023-05-23,2023-06-01,218.9,6364.0,12105.1,21.02,5532993.31,175661.09,24,4,0.0,0.5881,0.2302,0.4432,,1,True
SHP-103777091,Evergreen,Hamburg,Barcelona,rail,Delivered,Perishables,EUR,2024-03-24,2024-03-30,150.0,6294.7,64024.6,222.93,166374.25,4456.25,14,2,90.6,0.5808,0.1838,0.1815,,4,True
SHP-102579765,Maersk,Dubai,Los_Angeles,rail,At_Port,Machinery,EUR,2024-11-12,2024-11-18,149.0,6530.0,101603.2,308.62,942.73,12.96,2,2,0.0,0.3049,0.3821,0.3403,-5.5,2,False
SHP-103236954,HMM,Melbourne,Singapore,air,Delayed,Pharmaceuticals,GBP,2022-08-18,2022-08-20,59.3,10393.1,35554.4,170.07,42037.35,502.12,5,2,8.4,0.4146,0.6276,0.5003,,1,True
SHP-101280901,Maersk,Chennai,Los_Angeles,air,At_Port,Chemicals,USD,2024-10-04,2024-10-04,18.6,5966.4,12345.3,29.94,4313177.14,252569.77,16,2,0.0,0.3699,0.0158,0.5661,,1,True
SHP-103594612,Kuehne_Nagel,Shanghai,Rotterdam,rail,At_Port,Textiles,SGD,2022-01-16,2022-01-23,185.8,1209.5,5551.4,16.89,24542.19,1867.02,17,0,0.0,0.1831,0.4622,0.5519,10.0,3,True
SHP-101844813,Evergreen,Jebel_Ali,Piraeus,rail,On_Schedule,Pharmaceuticals,SGD,2024-06-14,2024-06-15,38.5,6035.6,5260.1,21.21,7369.09,489.47,8,3,0.0,0.4565,0.2436,0.125,9.1,1,False
SHP-100014672,UPS,Tokyo,Le_Havre,air,In_Transit,Chemicals,CNY,2022-06-26,2022-06-27,41.1,13063.7,34530.0,47.06,34943.72,2430.03,13,0,0.0,0.1697,0.1273,0.3387,17.6,1,True
SHP-104000207,ZIM,Guangzhou,Antwerp,rail,Customs_Hold,Machinery,GBP,2023-07-06,2023-07-08,55.6,2004.8,13.5,0.03,46226.8,559.91,17,2,0.0,0.2,0.4959,0.5227,,2,True
SHP-101363382,MSC,Hamburg,Singapore,rail,At_Port,Automotive,AED,2023-09-15,2023-09-18,87.0,6162.4,611.2,1.47,11358.78,835.08,22,3,0.0,0.0329,0.2238,0.3982,,2,True
SHP-102550979,FedEx,Jebel_Ali,Houston,sea,Customs_Hold,Consumer_Goods,GBP,2023-09-05,2023-09-23,447.4,17597.4,6115.3,10.11,853604.75,45042.21,24,2,0.0,0.1003,0.2209,0.2449,,3,False
SHP-101674597,UPS,Hamburg,Mumbai,air,Critical_Delay,Chemicals,CNY,2022-08-17,2022-08-17,23.0,1108.1,9889.5,30.84,494404.32,28915.65,10,0,31.8,0.4901,0.0641,0.2067,,3,True
SHP-101364226,DHL,Jebel_Ali,Felixstowe,sea,At_Port,Machinery,USD,2022-08-18,2022-08-27,228.7,20020.0,276.6,0.47,22941.26,1469.92,14,1,0.0,0.7215,0.1608,0.1961,,2,True
SHP-102238706,HMM,Colombo,Felixstowe,sea,In_Transit,Chemicals,AED,2022-05-27,2022-06-25,710.6,10720.6,9450.9,36.38,121065.92,9077.95,12,2,0.0,0.0801,0.1364,0.3312,,3,False
SHP-104886641,CMA_CGM,Ningbo,Felixstowe,sea,In_Transit,Food_Beverage,SGD,2023-07-01,2023-07-23,531.6,1280.6,4326.5,9.18,1656.8,46.82,23,5,0.0,0.2757,0.1638,0.2501,,2,True
SHP-104083284,CMA_CGM,Busan,Antwerp,sea,In_Transit,Perishables,EUR,2022-09-17,2022-10-01,340.2,6947.8,19542.5,48.6,133430.58,2876.08,16,5,0.0,0.4044,0.1035,0.1364,-17.6,4,False
SHP-102730043,Yang_Ming,Sydney,Miami,sea,On_Schedule,Perishables,USD,2022-02-12,2022-03-05,505.4,15732.1,2417.5,5.43,31153.47,2469.31,12,0,0.0,0.5094,0.186,0.0313,,4,False
SHP-103676582,Maersk,Rotterdam,Bremen,air,On_Schedule,Textiles,USD,2023-05-28,2023-05-29,26.0,5639.1,7908.2,12.86,43581.17,767.35,23,3,0.0,0.2319,0.0326,0.3264,,1,True
SHP-101970587,HMM,Colombo,Barcelona,air,At_Port,Textiles,AED,2024-09-25,2024-09-26,43.3,12910.4,1130.2,2.08,579.03,4.96,3,0,0.0,0.0397,0.344,0.4219,19.5,3,False
SHP-103749950,Hapag-Lloyd,Colombo,Sydney,road,In_Transit,Machinery,USD,2023-09-15,2023-09-21,150.4,711.5,425.7,1.31,30669.92,1710.78,1,0,0.0,0.2594,0.0611,0.6114,,1,True
SHP-103856163,UPS,Hamburg,New_York,sea,Delayed,Chemicals,SGD,2022-10-14,2022-10-28,346.7,8768.7,1161.0,2.78,2188293.53,162703.18,1,0,10.9,0.6283,0.0645,0.3767,,2,True
SHP-102798384,UPS,Shanghai,Le_Havre,sea,In_Transit,Textiles,USD,2023-01-14,2023-01-29,361.6,18681.3,4217.1,5.82,164124.06,2974.0,19,2,0.0,0.2713,0.3069,0.176,,1,True
SHP-101524284,HMM,Rotterdam,Antwerp,rail,Delayed,Food_Beverage,EUR,2024-02-19,2024-02-24,136.5,1992.0,17462.9,22.97,15234.0,268.5,21,1,3.8,0.0929,0.2368,0.6801,,3,True
SHP-100333223,DHL,Busan,Felixstowe,air,On_Schedule,Chemicals,USD,2024-11-27,2024-11-29,52.9,2168.3,1209.2,3.39,60567.98,1978.7,20,5,0.0,0.3925,0.3099,0.3895,25.8,2,True
SHP-103667005,Maersk,Busan,Genoa,sea,Delayed,Electronics,AED,2024-08-28,2024-09-23,643.7,20589.2,2000.1,2.91,2006.9,97.46,1,1,16.2,0.3046,0.0854,0.5141,,4,False
SHP-104879772,Maersk,Antwerp,Rotterdam,rail,At_Port,Machinery,USD,2022-01-19,2022-01-23,96.7,7182.6,707.2,1.29,164265.67,7546.06,15,5,0.0,0.3558,0.2253,0.2309,,2,True
SHP-104515951,Evergreen,Tokyo,Bremen,sea,On_Schedule,Textiles,AED,2022-08-28,2022-09-12,369.1,18745.6,79049.9,144.85,8333.63,491.08,18,4,0.0,0.6093,0.5898,0.5899,-6.0,4,False
SHP-102410102,Hapag-Lloyd,Ningbo,Baltimore,sea,Delivered,Machinery,AED,2024-06-08,2024-07-02,595.0,16781.6,344.3,1.1,3291538.26,46444.14,21,5,12.7,0.2089,0.6711,0.2509,-5.9,3,True
SHP-100041029,DHL,Port_Klang,Mumbai,sea,On_Schedule,Electronics,GBP,2022-06-28,2022-07-08,258.6,14552.4,1182.2,1.93,13691.26,373.39,14,3,0.0,0.1384,0.11,0.8231,,2,True
SHP-100122869,HMM,Singapore,Dubai,sea,In_Transit,Electronics,CNY,2023-01-05,2023-01-28,560.5,18365.9,159.5,0.24,1108743.93,40237.32,13,3,0.0,0.3504,0.115,0.2877,,3,False
SHP-102525166,FedEx,Melbourne,Sydney,air,In_Transit,Consumer_Goods,USD,2023-06-22,2023-06-23,24.9,13317.6,30657.0,58.25,137104.37,7599.24,4,0,0.0,0.1138,0.2721,0.3644,,4,True
SHP-104135114,Yang_Ming,Antwerp,Bremen,sea,On_Schedule,Consumer_Goods,USD,2022-07-03,2022-07-09,149.7,7437.4,91.4,0.34,1119299.53,88185.07,5,2,0.0,0.5939,0.3221,0.5999,,3,False
SHP-104981508,ONE,Melbourne,Sydney,sea,In_Transit,Food_Beverage,SGD,2022-08-04,2022-08-21,427.1,16800.7,408.6,0.56,6392.81,48.53,19,5,0.0,0.4908,0.1474,0.6501,,1,True
SHP-100633312,UPS,Busan,Felixstowe,sea,At_Port,Chemicals,EUR,2022-07-16,2022-07-28,299.9,4185.5,6940.4,14.84,467282.65,29652.84,3,3,0.0,0.2162,0.3306,0.3264,,3,False
SHP-101507968,DB_Schenker,Rotterdam,Singapore,air,In_Transit,Machinery,EUR,2023-03-19,2023-03-21,70.5,5749.4,13948.9,43.01,167778.55,12560.29,20,1,0.0,0.4489,0.244,0.0319,,4,True
SHP-100383433,DHL,Jebel_Ali,Sydney,sea,At_Port,Pharmaceuticals,EUR,2024-08-02,2024-08-06,109.9,17990.4,4508.4,12.33,8475.61,373.64,8,2,0.0,0.1365,0.2329,0.4793,,4,True
SHP-104248535,UPS,Melbourne,Barcelona,sea,Delayed,Food_Beverage,AED,2024-09-10,2024-10-07,667.7,20418.5,6842.1,23.71,634070.91,33147.35,5,3,1.1,0.5547,0.3098,0.498,24.9,2,True
SHP-101799519,Hapag-Lloyd,Melbourne,Genoa,sea,On_Schedule,Textiles,AED,2022-04-14,2022-04-22,205.6,14149.7,5258.0,8.22,6092.89,99.45,7,1,0.0,0.2486,0.171,0.0878,,1,False
SHP-101246342,DHL,Busan,Valencia,air,On_Schedule,Consumer_Goods,EUR,2023-03-02,2023-03-03,26.7,5961.1,2072.6,4.51,1516.45,66.3,18,2,0.0,0.2071,0.1112,0.1582,,2,False
SHP-100265518,COSCO,Port_Klang,Dubai,rail,On_Schedule,Raw_Materials,USD,2022-07-21,2022-07-27,148.4,5864.7,1925.8,3.25,5476.24,70.93,17,1,0.0,0.5748,0.2633,0.2958,,2,True
SHP-103142610,HMM,Mundra,Houston,sea,Delayed,Pharmaceuticals,CNY,2023-03-03,2023-03-26,570.7,12068.9,2494.1,6.92,492461.63,22914.99,15,4,12.1,0.3879,0.0019,0.4138,,1,True
SHP-101467473,Hapag-Lloyd,Tanjung_Pelepas,Sydney,air,At_Port,Electronics,AED,2023-10-04,2023-10-05,34.9,8768.4,297.7,1.12,33448.67,751.98,23,5,0.0,0.6535,0.2222,0.4674,,3,False
SHP-100991803,Maersk,Busan,Savannah,sea,At_Port,Textiles,USD,2024-08-08,2024-09-03,632.8,8568.2,1074.0,2.67,193845.99,8144.89,14,3,0.0,0.1603,0.4029,0.1691,,3,False
SHP-102278653,DB_Schenker,Hamburg,Valencia,road,Delayed,Pharmaceuticals,GBP,2024-03-23,2024-03-24,44.9,5340.4,4055.5,11.45,12248.64,114.02,18,0,53.0,0.1688,0.2215,0.593,,2,True
SHP-101720085,FedEx,Melbourne,Felixstowe,road,In_Transit,Food_Beverage,USD,2024-10-03,2024-10-08,137.7,4586.3,2634.0,3.9,43049.04,2052.31,20,1,0.0,0.1556,0.0218,0.0679,,1,True
SHP-104414706,Kuehne_Nagel,Dubai,Sydney,rail,On_Schedule,Food_Beverage,AED,2023-05-25,2023-05-30,129.5,6463.8,15106.4,27.59,6179.44,226.86,6,1,0.0,0.3273,0.458,0.3374,,4,True
SHP-102995651,Maersk,Antwerp,Bremen,sea,In_Transit,Electronics,USD,2022-04-19,2022-04-27,201.9,1786.6,1414.6,2.72,219431.89,10503.55,20,4,0.0,0.0468,0.2939,0.017,-17.5,4,True
SHP-104612760,DHL,Dubai,Felixstowe,sea,At_Port,Automotive,USD,2023-01-09,2023-01-22,325.8,10210.7,1040.0,1.4,85170.13,6570.2,14,4,0.0,0.4637,0.4844,0.3205,21.7,2,False
SHP-101449140,Maersk,Shanghai,New_York,sea,Delayed,Perishables,USD,2022-10-25,2022-11-07,318.3,15019.3,287.7,0.87,2486.1,103.59,22,4,119.1,0.1629,0.0392,0.1573,-13.2,3,False
SHP-100734980,Maersk,Jebel_Ali,Sydney,air,At_Port,Food_Beverage,SGD,2022-04-10,2022-04-10,14.4,14076.8,87141.1,238.92,6171389.6,243248.88,16,0,0.0,0.3508,0.1177,0.414,11.8,3,False
SHP-103301525,COSCO,Singapore,New_York,sea,On_Schedule,Textiles,USD,2022-11-14,2022-12-09,608.1,10987.5,908.2,2.02,18558.39,467.69,4,4,0.0,0.1466,0.1445,0.0903,13.0,4,True
SHP-104849101,UPS,Port_Klang,Valencia,sea,At_Port,Textiles,GBP,2022-06-16,2022-07-12,643.0,1483.1,876.0,2.41,5514.52,334.14,8,3,0.0,0.2689,0.2341,0.2575,,1,False
SHP-104021339,ONE,Dubai,Houston,rail,On_Schedule,Automotive,CNY,2022-06-27,2022-07-03,167.5,3962.9,1658.1,2.17,171350.86,2020.2,8,4,0.0,0.1217,0.5589,0.2878,,3,False
SHP-102095495,DHL,Chennai,Los_Angeles,sea,On_Schedule,Raw_Materials,AED,2023-02-08,2023-03-04,593.0,8364.4,1413.1,2.79,48655.37,3742.96,5,1,0.0,0.3847,0.136,0.1209,,3,True
SHP-103247126,COSCO,Tanjung_Pelepas,Barcelona,air,Customs_Hold,Electronics,EUR,2022-04-03,2022-04-04,32.7,4446.1,1480.5,2.73,928271.03,9049.5,5,2,0.0,0.5735,0.2419,0.1508,-11.4,3,True
SHP-104916206,ZIM,Colombo,Sydney,sea,On_Schedule,Perishables,AED,2024-09-03,2024-09-09,164.5,11268.2,29354.3,74.83,149998.47,8799.32,7,0,0.0,0.1387,0.3054,0.1388,,4,True
SHP-103391475,Yang_Ming,Felixstowe,Barcelona,sea,On_Schedule,Raw_Materials,AED,2022-05-19,2022-06-12,593.4,3752.1,8635.2,15.51,3542.53,266.74,22,4,0.0,0.2374,0.1062,0.7701,24.7,1,True
SHP-100286297,ONE,Colombo,New_York,sea,In_Transit,Machinery,SGD,2023-11-03,2023-11-21,449.9,10368.8,82.6,0.13,4982.09,305.43,21,2,0.0,0.4057,0.0872,0.5349,,4,False
SHP-104225328,HMM,Sydney,Genoa,sea,On_Schedule,Raw_Materials,CNY,2023-07-24,2023-08-07,359.2,4048.0,1035.3,2.45,47964.65,493.54,19,0,0.0,0.2664,0.3904,0.5732,,3,True
SHP-101007254,Maersk,Mundra,Los_Angeles,sea,On_Schedule,Machinery,GBP,2024-07-17,2024-07-30,317.3,7573.0,4886.7,6.56,155302.75,10186.06,1,2,0.0,0.1333,0.198,0.1081,,1,True
SHP-102665999,UPS,Singapore,Rotterdam,air,Delivered,Pharmaceuticals,CNY,2022-05-03,2022-05-05,57.7,549.5,2568.3,3.61,182932.39,3784.73,14,1,9.6,0.1668,0.1295,0.3747,-9.9,1,True
SHP-102216757,DB_Schenker,Guangzhou,Houston,sea,On_Schedule,Electronics,USD,2023-02-10,2023-02-28,434.9,15364.8,1383.1,2.43,8206.77,87.64,11,1,0.0,0.5745,0.2142,0.301,,2,True
SHP-101435567,CMA_CGM,Tanjung_Pelepas,Le_Havre,sea,On_Schedule,Textiles,SGD,2023-10-12,2023-11-05,593.7,6765.6,5043.5,11.59,19140.8,941.67,19,0,0.0,0.6913,0.047,0.3421,,1,False
SHP-103386581,FedEx,Hamburg,Baltimore,road,On_Schedule,Electronics,AED,2022-03-03,2022-03-12,231.6,7630.9,3289.1,9.76,298452.45,17797.4,3,1,0.0,0.3813,0.1727,0.0792,,4,False
SHP-101176267,ONE,Antwerp,Bremen,air,Delayed,Consumer_Goods,USD,2022-02-15,2022-02-16,26.8,3116.0,441.3,1.56,63605.12,2925.17,6,5,3.1,0.1076,0.1587,0.3782,,3,True
SHP-104124039,COSCO,Rotterdam,Valencia,sea,At_Port,Raw_Materials,CNY,2023-05-18,2023-06-04,429.8,21448.8,73.6,0.14,185825.53,4184.71,10,2,0.0,0.5091,0.0226,0.1096,-18.2,4,False
SHP-102668115,Hapag-Lloyd,Busan,Houston,road,Delayed,Food_Beverage,CNY,2024-03-14,2024-03-16,58.5,7925.7,323.3,0.55,240559.2,9094.23,22,4,29.1,0.5177,0.1351,0.2237,,1,True
SHP-103318436,Evergreen,Busan,New_York,sea,In_Transit,Consumer_Goods,USD,2022-11-14,2022-11-27,314.6,19733.9,801.4,1.75,6664.85,467.35,14,0,0.0,0.7403,0.0114,0.1295,,1,False
SHP-100636034,Maersk,Melbourne,Rotterdam,air,On_Schedule,Consumer_Goods,CNY,2024-08-24,2024-08-25,24.1,9556.3,3215.1,5.72,46448.72,3474.25,4,2,0.0,0.2484,0.0788,0.0585,,1,True
SHP-104749886,Evergreen,Jebel_Ali,Valencia,rail,Critical_Delay,Machinery,EUR,2024-04-16,2024-04-20,98.3,6084.8,33.6,0.08,134706.91,7397.03,14,4,30.1,0.2287,0.4541,0.2662,-19.2,1,False
SHP-102754075,HMM,Jebel_Ali,Barcelona,sea,On_Schedule,Consumer_Goods,AED,2022-05-26,2022-06-24,719.5,1783.0,188.8,0.25,377413.05,4075.85,1,5,0.0,0.0565,0.2718,0.4093,,4,True
SHP-104758877,ONE,Ningbo,New_York,sea,At_Port,Chemicals,GBP,2024-01-17,2024-02-13,661.8,8738.1,5203.8,13.02,182211.23,6027.39,3,5,0.0,0.3385,0.22,0.2121,,4,False
SHP-102176632,DHL,Sydney,Valencia,sea,On_Schedule,Machinery,EUR,2023-01-21,2023-01-25,117.1,8620.8,701.4,1.18,13654.69,303.15,23,2,0.0,0.1691,0.4629,0.0938,,1,False
SHP-102509796,COSCO,Tokyo,Sydney,sea,In_Transit,Textiles,USD,2023-08-31,2023-09-21,512.8,21345.3,13442.4,28.21,409874.84,19586.94,5,1,0.0,0.2205,0.1798,0.2399,-2.5,3,True
SHP-104891547,ONE,Colombo,Valencia,rail,In_Transit,Electronics,CNY,2022-09-09,2022-09-11,63.5,1466.5,5.3,0.01,675.79,16.03,1,5,0.0,0.0352,0.4588,0.0952,,3,True
SHP-103911104,ZIM,Chennai,Barcelona,air,In_Transit,Perishables,EUR,2024-04-17,2024-04-19,70.2,7071.6,38243.0,57.66,35887.45,1342.94,11,3,0.0,0.3135,0.0897,0.5503,2.1,2,False
SHP-100506976,DB_Schenker,Guangzhou,Genoa,sea,At_Port,Consumer_Goods,EUR,2024-12-08,2024-12-23,367.9,2179.4,1155.0,4.1,25613.1,379.38,9,2,0.0,0.3184,0.1497,0.4754,,4,True
SHP-103877778,MSC,Colombo,Savannah,road,Critical_Delay,Textiles,USD,2022-04-22,2022-04-28,165.9,6101.3,2361.6,3.95,161782.33,6768.29,5,3,23.5,0.1496,0.3763,0.1258,,4,True
SHP-102869259,Evergreen,Antwerp,Felixstowe,road,In_Transit,Raw_Materials,AED,2023-08-07,2023-08-15,211.5,5832.6,3998.5,6.6,91953.11,1400.22,18,1,0.0,0.0669,0.3333,0.423,,4,True
SHP-103835627,Evergreen,Antwerp,Mumbai,sea,Delayed,Automotive,EUR,2022-11-17,2022-11-26,219.8,14134.8,4359.2,5.62,1430396.23,60279.96,18,2,15.2,0.0152,0.2258,0.3549,,2,False
SHP-103759724,FedEx,Shanghai,Felixstowe,sea,Delayed,Perishables,EUR,2024-06-08,2024-07-05,649.4,21975.7,500000.0,830.57,125524.39,4192.48,5,4,4.2,0.4282,0.238,0.1173,,2,False
SHP-102361124,MSC,Hamburg,Dubai,sea,On_Schedule,Automotive,EUR,2023-01-17,2023-01-23,157.0,16335.0,658.8,1.23,542447.82,6073.22,17,5,0.0,0.1903,0.5522,0.3541,9.0,4,True
SHP-102572432,Kuehne_Nagel,Ningbo,Singapore,rail,At_Port,Raw_Materials,CNY,2023-12-25,2023-12-28,75.5,5523.0,621.6,1.12,2284.66,95.62,7,1,0.0,0.1251,0.1009,0.1921,-6.4,2,True
SHP-100313862,ZIM,Antwerp,Los_Angeles,sea,In_Transit,Pharmaceuticals,GBP,2024-08-29,2024-09-03,122.1,5339.6,758.6,2.24,5125.29,120.64,12,0,0.0,0.6646,0.2428,0.0801,,1,True
SHP-100156537,Yang_Ming,Hamburg,Baltimore,sea,On_Schedule,Raw_Materials,GBP,2024-01-13,2024-02-02,495.2,21532.3,1883.6,2.61,611580.93,19360.92,23,4,0.0,0.4657,0.2946,0.545,-19.7,4,False
SHP-104045274,ONE,Hamburg,Sydney,road,On_Schedule,Food_Beverage,USD,2024-06-26,2024-07-01,121.0,4679.0,855.9,1.56,4722.56,107.07,20,5,0.0,0.4201,0.1723,0.1605,,4,True
SHP-104042869,Hapag-Lloyd,Jebel_Ali,Singapore,sea,Customs_Hold,Food_Beverage,EUR,2022-03-07,2022-03-23,400.9,1784.9,9.8,0.02,6857.34,495.66,21,3,0.0,0.4701,0.1655,0.4835,-19.3,3,False
SHP-102517221,UPS,Felixstowe,Miami,sea,Critical_Delay,Machinery,CNY,2023-10-28,2023-11-01,106.6,8815.5,6855.4,13.06,1424.78,91.54,12,2,5.0,0.3796,0.0795,0.5181,4.0,2,True
SHP-101540890,Evergreen,Mumbai,Valencia,air,At_Port,Textiles,AED,2023-09-09,2023-09-11,69.4,772.8,3831.5,16.9,1712.72,78.76,10,3,0.0,0.145,0.049,0.1152,,4,False
SHP-100261041,Hapag-Lloyd,Antwerp,Savannah,rail,In_Transit,Food_Beverage,EUR,2023-07-31,2023-08-01,46.3,4536.2,7896.9,23.9,105455.51,3142.7,22,4,0.0,0.4002,0.1785,0.755,-1.5,1,True
SHP-100048693,HMM,Dubai,Miami,sea,On_Schedule,Electronics,GBP,2024-02-04,2024-02-23,468.9,3934.8,7331.2,22.44,2832063.74,137186.09,22,0,0.0,0.4693,0.332,0.2343,,4,True
SHP-102584116,Yang_Ming,Mundra,Barcelona,road,In_Transit,Raw_Materials,SGD,2022-02-05,2022-02-06,28.3,1453.4,5843.5,7.79,121049.96,701.75,19,0,0.0,0.2476,0.0995,0.6281,-14.6,2,False
SHP-104176059,Evergreen,Tokyo,Barcelona,sea,In_Transit,Pharmaceuticals,GBP,2022-12-17,2023-01-01,382.8,15636.6,1727.0,3.66,171097.59,7529.81,20,5,0.0,0.2442,0.0225,0.0985,,3,True
SHP-100510882,MSC,Jebel_Ali,Valencia,sea,On_Schedule,Textiles,GBP,2022-04-16,2022-05-10,598.4,19382.2,1366.4,2.49,1047416.42,63946.66,13,3,0.0,0.1371,0.1023,0.7532,,2,False
SHP-100568446,Hapag-Lloyd,Chennai,Mumbai,rail,On_Schedule,Machinery,CNY,2023-04-24,2023-04-27,83.0,266.7,8612.1,13.5,177709.14,8778.07,7,4,0.0,0.5395,0.3057,0.8259,1.9,1,True
SHP-101383427,Hapag-Lloyd,Chennai,Felixstowe,sea,In_Transit,Pharmaceuticals,AED,2022-05-01,2022-05-06,132.5,4875.8,360.0,0.8,295.95,4.23,11,0,0.0,0.3319,0.1126,0.3319,-14.5,4,False
SHP-103512520,CMA_CGM,Tokyo,Sydney,sea,In_Transit,Electronics,CNY,2023-10-13,2023-10-22,223.4,5249.4,23097.3,44.77,745645.98,36110.69,12,5,0.0,0.4147,0.0488,0.1055,-11.0,1,False
SHP-101517626,Evergreen,Hamburg,Piraeus,sea,Customs_Hold,Automotive,GBP,2024-09-21,2024-10-14,564.0,9893.8,19125.3,32.69,1152261.81,27644.47,5,0,0.0,0.4064,0.0332,0.4893,,2,True
SHP-103466891,ONE,Mumbai,Miami,air,On_Schedule,Electronics,GBP,2024-03-16,2024-03-18,62.9,9009.7,5946.1,15.09,1192.18,22.89,7,2,0.0,0.0869,0.0411,0.3579,,3,True
SHP-103674198,DHL,Tokyo,Bremen,sea,In_Transit,Textiles,SGD,2023-06-03,2023-06-30,665.6,8201.2,8936.7,12.23,164493.42,851.57,20,2,0.0,0.0449,0.4613,0.1829,,1,False
SHP-104361814,CMA_CGM,Port_Klang,Piraeus,sea,In_Transit,Consumer_Goods,EUR,2024-01-10,2024-01-31,504.4,5030.7,5860.1,14.87,38164.3,1355.07,12,4,0.0,0.3664,0.305,0.0856,,1,True
SHP-100245161,Yang_Ming,Ningbo,Savannah,sea,At_Port,Electronics,SGD,2023-12-20,2024-01-13,589.7,17083.4,52220.9,85.41,108936.31,5719.11,22,3,0.0,0.375,0.0722,0.3485,22.0,2,True
SHP-100449484,MSC,Mundra,Houston,sea,Customs_Hold,Automotive,SGD,2024-01-25,2024-02-04,241.4,10928.2,358.7,0.67,46992.94,842.12,3,2,0.0,0.4195,0.1999,0.4649,,1,False
SHP-104686409,Maersk,Chennai,New_York,sea,Critical_Delay,Pharmaceuticals,AED,2022-01-31,2022-02-12,306.1,18543.3,1941.7,3.37,31476.16,247.16,4,2,36.2,0.3316,0.2247,0.4309,,1,True
SHP-100772940,Yang_Ming,Antwerp,Felixstowe,sea,Delayed,Electronics,CNY,2022-02-16,2022-02-22,147.7,10856.1,7887.8,22.59,49945.43,2677.31,20,1,15.8,0.2588,0.1282,0.2714,,1,True
SHP-101407653,Yang_Ming,Port_Klang,Miami,sea,On_Schedule,Pharmaceuticals,GBP,2024-06-10,2024-07-07,668.3,3648.8,11949.1,20.47,44867.1,1411.62,12,5,0.0,0.106,0.5668,0.2549,,2,True
SHP-103211996,MSC,Singapore,Antwerp,sea,On_Schedule,Chemicals,AED,2024-12-23,2025-01-15,569.4,11753.0,4987.4,11.48,1492.11,72.83,24,2,0.0,0.0347,0.3171,0.1518,,2,True
SHP-104512592,ZIM,Shanghai,Houston,sea,Critical_Delay,Machinery,SGD,2022-06-21,2022-06-26,132.0,15742.3,2085.9,8.55,68413.77,4497.89,6,3,7.6,0.5172,0.0226,0.2402,,1,True
SHP-103005944,UPS,Melbourne,Antwerp,road,On_Schedule,Raw_Materials,USD,2022-12-27,2023-01-01,125.7,2616.7,233.0,0.38,77438.89,1312.36,24,4,0.0,0.2299,0.1219,0.5051,,4,True
SHP-104294196,Yang_Ming,Chennai,Miami,sea,At_Port,Textiles,CNY,2022-06-25,2022-07-09,350.8,11411.6,36054.4,114.38,13123.87,527.86,18,1,0.0,0.1645,0.2559,0.5088,,1,True
SHP-104020328,ONE,Tokyo,Houston,air,Delivered,Raw_Materials,GBP,2022-12-25,2022-12-25,12.2,3664.2,41.3,0.07,59260.29,3408.68,8,1,55.7,0.2706,0.1389,0.1731,,1,False
SHP-101747568,Kuehne_Nagel,Hamburg,Hamburg,sea,On_Schedule,Food_Beverage,EUR,2023-04-29,2023-05-25,629.9,19486.6,1425.5,2.9,6490.03,281.02,13,3,0.0,0.2357,0.2218,0.6785,26.6,3,True
SHP-104196179,HMM,Busan,Barcelona,sea,At_Port,Machinery,SGD,2023-05-18,2023-05-29,278.1,15351.7,2594.7,3.95,12781.41,886.71,16,0,0.0,0.5098,0.3772,0.1014,,4,False
SHP-104944572,Evergreen,Tokyo,Valencia,sea,In_Transit,Food_Beverage,CNY,2022-12-17,2023-01-12,627.7,4716.7,176.7,0.39,56922.05,3550.09,8,1,0.0,0.0667,0.6881,0.3952,-2.9,1,False
SHP-100144558,ZIM,Guangzhou,Savannah,sea,Delayed,Raw_Materials,GBP,2024-05-11,2024-06-09,700.2,8365.6,2186.4,4.01,19598.08,645.14,12,2,49.2,0.2303,0.5097,0.3278,,1,False
SHP-100777567,COSCO,Mumbai,Dubai,rail,On_Schedule,Perishables,AED,2024-07-10,2024-07-15,130.0,5861.2,207.7,0.28,41379.61,2360.84,23,0,0.0,0.1614,0.2601,0.1868,,4,True
SHP-101657419,FedEx,Guangzhou,Mumbai,sea,In_Transit,Raw_Materials,EUR,2022-03-07,2022-03-19,306.6,2416.7,7409.3,13.87,237979.32,5878.79,12,0,0.0,0.428,0.1095,0.1237,,2,True
SHP-103337963,DHL,Mumbai,Los_Angeles,road,On_Schedule,Textiles,CNY,2024-06-18,2024-06-27,226.6,7203.6,1534.4,2.06,1076.32,40.66,7,0,0.0,0.1015,0.1845,0.0951,,1,False
SHP-104634048,HMM,Mumbai,Hamburg,sea,Delivered,Pharmaceuticals,GBP,2022-08-09,2022-08-29,482.0,8602.2,2150.1,4.0,5715.56,171.99,7,0,13.4,0.2077,0.1632,0.0332,,3,False
SHP-103082789,COSCO,Shanghai,Sydney,sea,In_Transit,Machinery,USD,2022-06-09,2022-06-22,317.0,17052.2,2125.7,9.85,2613.89,186.49,4,0,0.0,0.387,0.1765,0.5107,,3,False
SHP-103084343,DB_Schenker,Melbourne,Savannah,rail,Customs_Hold,Food_Beverage,USD,2022-08-11,2022-08-16,137.5,3128.1,7118.2,26.87,30578.04,2431.01,24,5,0.0,0.1828,0.2293,0.4593,,1,False
SHP-101299389,DHL,Rotterdam,Piraeus,air,On_Schedule,Machinery,USD,2024-07-01,2024-07-01,16.0,783.8,13723.1,22.45,3119.35,249.35,7,5,0.0,0.1926,0.2721,0.2891,,2,True
SHP-104191180,Maersk,Sydney,Piraeus,sea,Customs_Hold,Automotive,GBP,2023-05-02,2023-05-14,297.7,9925.6,11179.6,32.22,3014.45,103.88,7,5,0.0,0.191,0.1719,0.3547,,1,False
SHP-100882704,DB_Schenker,Singapore,Valencia,rail,Delayed,Textiles,CNY,2024-10-02,2024-10-07,133.0,6411.7,1800.5,4.15,289206.85,10486.35,23,3,0.1,0.2068,0.1312,0.2771,,3,True
SHP-102607216,HMM,Shanghai,Los_Angeles,sea,In_Transit,Food_Beverage,SGD,2022-11-25,2022-12-09,344.0,17926.6,31274.5,99.84,5557930.74,153317.65,4,5,0.0,0.3644,0.4025,0.5028,16.8,4,True
SHP-101649493,DB_Schenker,Busan,Los_Angeles,air,Delivered,Electronics,SGD,2023-09-22,2023-09-24,69.0,2897.3,439.0,0.55,17056.11,201.34,8,2,22.7,0.4381,0.1088,0.7958,,3,False
SHP-101239992,HMM,Singapore,Bremen,sea,At_Port,Pharmaceuticals,SGD,2024-07-20,2024-08-13,577.7,12369.1,4015.6,19.18,2007686.22,17200.84,11,2,0.0,0.1979,0.4896,0.4432,-0.7,2,True
SHP-104416863,MSC,Rotterdam,Houston,rail,Delayed,Pharmaceuticals,GBP,2023-10-13,2023-10-21,197.5,7088.2,1120.9,1.74,351527.51,19206.46,10,5,7.9,0.2743,0.2152,0.3844,,3,True
SHP-102326714,FedEx,Guangzhou,Bremen,sea,In_Transit,Electronics,USD,2022-08-15,2022-09-06,534.5,1830.6,1511.3,1.93,631.71,18.72,14,4,0.0,0.3135,0.4711,0.5038,,4,True
SHP-103040245,DB_Schenker,Rotterdam,Dubai,rail,On_Schedule,Automotive,EUR,2024-04-21,2024-04-29,198.7,7594.4,6937.6,34.0,293044.11,18450.98,18,4,0.0,0.191,0.1124,0.4196,,3,True
SHP-104721654,Kuehne_Nagel,Melbourne,Hamburg,sea,In_Transit,Electronics,CNY,2024-12-02,2024-12-06,100.6,5639.4,2888.0,4.24,4167462.42,197699.53,13,3,0.0,0.2645,0.1889,0.2873,,1,False
SHP-102100947,Kuehne_Nagel,Chennai,Los_Angeles,sea,Customs_Hold,Raw_Materials,USD,2022-03-12,2022-04-08,660.8,2187.6,709.0,1.04,114011.43,7541.74,10,5,0.0,0.286,0.0138,0.5048,,3,True
SHP-104790970,MSC,Mumbai,Felixstowe,sea,Delayed,Perishables,AED,2024-01-27,2024-02-22,640.5,19044.9,21909.6,29.45,55509.48,727.97,9,2,5.1,0.114,0.5122,0.0361,,4,True
SHP-100926306,Evergreen,Singapore,Bremen,road,In_Transit,Chemicals,GBP,2023-03-25,2023-04-03,230.9,2950.6,2463.0,12.18,199162.91,5506.19,24,3,0.0,0.3492,0.0962,0.474,13.6,4,False
SHP-101010409,UPS,Antwerp,Singapore,sea,Delayed,Consumer_Goods,AED,2022-04-23,2022-05-10,409.9,7634.2,582.9,0.86,22360.25,665.65,12,5,23.6,0.1811,0.4041,0.3137,,4,True
SHP-100975988,DHL,Rotterdam,Los_Angeles,sea,In_Transit,Electronics,SGD,2022-05-21,2022-05-29,213.9,7295.5,3701.7,16.81,214267.86,7880.69,1,5,0.0,0.2212,0.0828,0.4628,6.3,2,False
SHP-103981106,ONE,Felixstowe,Barcelona,sea,Delayed,Food_Beverage,EUR,2024-08-02,2024-08-12,242.4,1300.8,73.3,0.14,168537.55,2014.28,17,4,7.9,0.4637,0.128,0.3941,,1,False
SHP-103086523,COSCO,Singapore,Valencia,sea,In_Transit,Electronics,AED,2022-04-17,2022-05-13,634.5,4033.3,34960.3,51.28,49780.39,2663.29,10,5,0.0,0.4278,0.1028,0.3385,7.7,4,True
SHP-101528547,Maersk,Chennai,Baltimore,rail,On_Schedule,Raw_Materials,EUR,2023-02-23,2023-02-25,57.8,250.4,113203.6,469.3,223841.94,10397.34,9,0,0.0,0.1979,0.1452,0.2894,-10.2,1,True
SHP-102968148,FedEx,Tokyo,Savannah,air,In_Transit,Food_Beverage,USD,2024-11-25,2024-11-27,69.2,5635.0,8406.1,34.53,202603.45,11020.82,11,1,0.0,0.5479,0.0333,0.4241,,2,True
SHP-104413849,ZIM,Sydney,Miami,sea,In_Transit,Consumer_Goods,SGD,2023-10-05,2023-11-03,703.3,9046.6,2131.7,6.56,184717.87,1525.08,4,2,0.0,0.3937,0.1396,0.6025,,1,False
SHP-102094063,FedEx,Tokyo,Hamburg,sea,Delayed,Perishables,SGD,2022-05-11,2022-06-05,622.0,13146.1,24462.8,61.74,1040281.67,44430.17,16,5,9.1,0.2942,0.0098,0.3051,,3,True
SHP-100674804,COSCO,Sydney,Singapore,rail,In_Transit,Perishables,EUR,2024-10-31,2024-11-08,211.8,2981.9,17112.8,37.4,217397.38,9569.77,4,2,0.0,0.1438,0.3381,0.6275,,1,True
SHP-100059629,ONE,Dubai,Baltimore,road,In_Transit,Food_Beverage,EUR,2022-11-13,2022-11-19,144.3,1295.3,361.0,1.11,1019261.15,72101.98,9,0,0.0,0.1419,0.1682,0.3829,,4,False
SHP-102311079,UPS,Chennai,Le_Havre,sea,In_Transit,Machinery,GBP,2022-09-06,2022-09-20,340.0,19506.5,4080.5,7.01,6050.68,336.86,12,4,0.0,0.2451,0.3468,0.1401,21.2,4,True
SHP-104083702,Kuehne_Nagel,Melbourne,Rotterdam,air,Delayed,Pharmaceuticals,CNY,2022-03-15,2022-03-16,44.7,5508.7,6014.0,7.53,272975.09,14430.22,11,3,6.3,0.2516,0.2304,0.3963,-13.7,3,True
SHP-102111243,FedEx,Ningbo,Felixstowe,sea,In_Transit,Pharmaceuticals,AED,2022-08-12,2022-09-05,592.0,1993.6,7771.2,31.35,1353039.02,76971.68,7,4,0.0,0.334,0.1061,0.5976,,2,False
SHP-104889334,FedEx,Jebel_Ali,Piraeus,sea,Delayed,Electronics,GBP,2024-06-19,2024-07-03,336.5,5341.4,179.6,0.24,67333.66,5003.44,23,2,11.8,0.3298,0.0534,0.3946,,1,True
SHP-102865491,ZIM,Colombo,Valencia,air,On_Schedule,Electronics,AED,2024-01-26,2024-01-27,35.7,2514.1,598.4,0.84,81477.47,3267.89,8,0,0.0,0.2559,0.0905,0.2908,-3.0,1,False
SHP-102801304,COSCO,Hamburg,Barcelona,sea,Delayed,Food_Beverage,GBP,2023-05-02,2023-05-14,304.2,18037.6,6733.8,11.74,699723.92,25788.22,16,0,29.5,0.2428,0.1704,0.5217,,3,False
SHP-104891737,DHL,Colombo,Valencia,air,At_Port,Electronics,CNY,2022-02-19,2022-02-20,34.3,10996.4,87229.6,128.19,1253.07,16.65,6,5,0.0,0.0356,0.1877,0.2368,,3,True
SHP-103003590,DHL,Antwerp,Miami,sea,On_Schedule,Food_Beverage,USD,2024-05-31,2024-06-04,99.4,9788.6,112.6,0.18,124787.39,8006.07,11,3,0.0,0.1655,0.26,0.1289,,2,False
SHP-100155464,Evergreen,Busan,Genoa,sea,At_Port,Consumer_Goods,USD,2024-04-06,2024-04-23,417.8,2020.6,972.7,1.25,57759.14,2037.93,20,4,0.0,0.5385,0.0366,0.0818,,2,False
SHP-102271565,ZIM,Hamburg,Baltimore,road,On_Schedule,Perishables,GBP,2024-07-02,2024-07-10,202.0,4771.1,6501.2,13.52,3010.55,178.76,7,1,0.0,0.0708,0.0907,0.1606,-7.5,2,False
SHP-103375906,HMM,Tanjung_Pelepas,Barcelona,air,On_Schedule,Chemicals,EUR,2023-01-21,2023-01-22,44.2,5906.6,23570.8,29.55,56062.17,1412.89,18,4,0.0,0.5354,0.0427,0.5484,,3,False
SHP-100243935,ZIM,Tanjung_Pelepas,Houston,rail,In_Transit,Consumer_Goods,USD,2023-10-23,2023-10-24,42.5,871.5,54900.8,134.69,56499.61,2432.77,12,3,0.0,0.309,0.2455,0.3073,,2,True
SHP-102406307,DHL,Tokyo,Houston,rail,In_Transit,Raw_Materials,GBP,2022-03-29,2022-04-06,207.3,1122.6,75.2,0.12,2041564.31,120604.49,12,0,0.0,0.2238,0.3276,0.5756,,4,True
SHP-103994940,HMM,Antwerp,Miami,road,Delayed,Food_Beverage,GBP,2023-06-21,2023-06-30,230.6,5495.8,22478.3,43.14,1464.68,71.71,23,3,3.2,0.4595,0.5904,0.4793,,4,False
SHP-100286226,MSC,Melbourne,Le_Havre,sea,In_Transit,Pharmaceuticals,USD,2024-04-06,2024-04-19,315.5,16266.6,24920.6,85.07,1767759.81,121966.89,1,2,0.0,0.0819,0.1993,0.7388,-5.2,4,True
SHP-104285520,DB_Schenker,Sydney,Valencia,sea,Delayed,Raw_Materials,SGD,2024-05-24,2024-05-30,153.9,1623.0,29360.5,37.09,10327.53,741.29,19,0,18.3,0.069,0.2376,0.5972,-4.9,3,True
SHP-101586811,ZIM,Antwerp,New_York,rail,Delayed,Consumer_Goods,CNY,2024-04-29,2024-05-01,52.6,1873.7,2370.0,3.97,16752.17,1039.24,16,2,11.0,0.1445,0.3813,0.5632,,1,True
SHP-100944008,Maersk,Tanjung_Pelepas,Barcelona,air,On_Schedule,Machinery,USD,2024-07-18,2024-07-19,29.9,5213.1,8282.7,31.04,6673.97,279.96,14,1,0.0,0.2783,0.0729,0.1671,2.7,1,True
SHP-101422441,ONE,Jebel_Ali,Bremen,air,On_Schedule,Raw_Materials,AED,2023-02-10,2023-02-11,40.5,7640.8,44988.8,114.67,284845.68,1541.66,10,3,0.0,0.2045,0.06,0.4079,,1,True
SHP-101057160,Kuehne_Nagel,Colombo,Baltimore,road,In_Transit,Raw_Materials,EUR,2024-07-09,2024-07-17,204.2,664.0,46912.9,117.67,429130.55,31797.37,1,3,0.0,0.5288,0.2041,0.4515,,1,True
SHP-104198885,Maersk,Sydney,Baltimore,sea,At_Port,Machinery,EUR,2023-03-30,2023-04-23,598.6,16910.6,415158.9,1276.43,40954.84,2049.87,11,0,0.0,0.4257,0.1896,0.5045,,3,True
SHP-104186407,COSCO,Ningbo,Baltimore,rail,At_Port,Perishables,CNY,2024-10-11,2024-10-15,118.0,5940.3,2378.3,5.19,94434.88,4281.32,4,1,0.0,0.2046,0.1761,0.6658,,2,False
SHP-100258565,HMM,Port_Klang,Le_Havre,air,Customs_Hold,Pharmaceuticals,AED,2022-10-27,2022-10-28,27.8,13734.0,659.5,1.85,131627.62,1082.74,22,2,0.0,0.0922,0.2163,0.4411,,2,True
SHP-102297299,DHL,Jebel_Ali,Antwerp,air,In_Transit,Chemicals,AED,2024-01-30,2024-01-31,29.3,8609.8,1151.9,3.65,1725273.89,52508.13,1,5,0.0,0.06,0.1019,0.6054,,2,True
SHP-102139443,CMA_CGM,Guangzhou,Houston,sea,Delayed,Textiles,EUR,2023-11-08,2023-11-12,113.0,5682.2,110.7,0.19,99277.12,7500.41,16,4,10.8,0.2842,0.2045,0.2029,29.5,2,True
SHP-101882547,ONE,Mundra,Singapore,sea,On_Schedule,Chemicals,GBP,2024-02-08,2024-03-07,683.2,21001.9,417440.3,713.44,1353489.43,40637.82,12,4,0.0,0.3955,0.3162,0.0824,,1,False
SHP-100392353,COSCO,Dubai,Dubai,sea,Delayed,Pharmaceuticals,AED,2022-12-12,2022-12-20,201.6,7363.4,1367.0,1.95,225635.34,2334.0,18,5,11.3,0.2105,0.1385,0.0773,23.9,2,True
SHP-100653779,DHL,Port_Klang,Dubai,sea,In_Transit,Perishables,USD,2023-01-05,2023-01-30,618.7,7806.2,7716.6,20.03,37101.75,2960.76,5,3,0.0,0.4089,0.2717,0.3665,,4,True
SHP-104917134,UPS,Dubai,Mumbai,air,Customs_Hold,Pharmaceuticals,EUR,2024-04-28,2024-04-29,26.2,9970.6,92503.1,140.33,4140.65,135.12,15,1,0.0,0.1578,0.2346,0.2259,,1,True
SHP-101529269,Maersk,Chennai,Miami,road,In_Transit,Electronics,USD,2023-05-27,2023-05-31,97.7,1484.6,13465.6,58.72,1588.01,68.47,19,0,0.0,0.2407,0.0261,0.432,,2,True
SHP-103704921,DHL,Felixstowe,Dubai,sea,Delayed,Raw_Materials,USD,2022-02-04,2022-02-19,360.2,9769.8,3645.9,6.64,247368.94,8282.4,17,3,6.1,0.3354,0.4581,0.4022,,2,True
SHP-103103961,Hapag-Lloyd,Mumbai,Valencia,sea,Customs_Hold,Raw_Materials,USD,2023-05-19,2023-06-02,343.8,19296.9,2179.3,3.95,121921.19,4754.81,3,1,0.0,0.6176,0.3811,0.1989,21.6,1,True
SHP-102038513,Kuehne_Nagel,Sydney,Valencia,road,In_Transit,Machinery,GBP,2022-08-03,2022-08-05,59.9,2225.7,18779.8,54.61,2708.33,94.57,12,0,0.0,0.4031,0.1268,0.0359,,2,False
SHP-104826000,FedEx,Jebel_Ali,New_York,sea,Delayed,Electronics,SGD,2024-10-31,2024-11-13,324.2,20057.2,33375.1,99.66,168885.98,7586.19,4,4,9.0,0.6308,0.376,0.5501,,1,True
SHP-103478375,DHL,Mundra,Le_Havre,sea,Delayed,Chemicals,AED,2022-12-10,2022-12-23,318.1,9899.3,337.6,1.47,133248.25,8153.62,9,0,47.8,0.7559,0.0977,0.0388,,1,True
SHP-101537782,Hapag-Lloyd,Tanjung_Pelepas,Antwerp,sea,On_Schedule,Food_Beverage,EUR,2024-03-15,2024-04-05,506.4,6779.7,415807.3,633.7,33799.14,1981.07,12,5,0.0,0.5195,0.412,0.0837,,3,True
SHP-102356991,DHL,Chennai,Baltimore,rail,Delivered,Machinery,USD,2022-11-12,2022-11-21,225.6,6005.1,904.3,1.43,78610.47,1150.9,12,5,4.3,0.2405,0.2956,0.2123,3.8,3,True
SHP-100756485,ONE,Sydney,Hamburg,sea,At_Port,Perishables,CNY,2023-05-30,2023-06-24,600.8,20382.9,891.5,3.98,11365.42,395.55,20,3,0.0,0.1399,0.0582,0.4267,,4,True
SHP-100166847,CMA_CGM,Dubai,Rotterdam,air,Delivered,Chemicals,GBP,2022-05-08,2022-05-10,63.4,7457.2,114419.3,143.17,3539.26,234.03,14,0,40.7,0.4982,0.134,0.3427,,1,True
SHP-102745639,Yang_Ming,Felixstowe,Felixstowe,sea,In_Transit,Automotive,AED,2024-10-19,2024-10-24,128.0,20122.0,273442.9,639.06,1063695.47,22428.06,7,1,0.0,0.4872,0.1927,0.2387,,3,False
SHP-102357377,Kuehne_Nagel,Mumbai,Le_Havre,air,Delivered,Machinery,GBP,2024-03-14,2024-03-15,26.2,13137.8,2532.2,3.91,190358.81,11409.17,8,5,29.1,0.345,0.6775,0.5559,,3,True
SHP-103152490,Evergreen,Mumbai,New_York,rail,In_Transit,Machinery,AED,2023-10-18,2023-10-23,132.7,4281.4,58134.3,169.08,55913.4,916.82,18,4,0.0,0.0439,0.1888,0.3908,9.0,3,True
SHP-102720540,CMA_CGM,Jebel_Ali,Singapore,sea,In_Transit,Chemicals,SGD,2022-12-20,2023-01-12,559.5,19073.1,513.7,0.66,17571.52,681.18,19,0,0.0,0.0825,0.2275,0.1836,18.6,2,False
SHP-104588559,DB_Schenker,Felixstowe,Valencia,sea,In_Transit,Textiles,GBP,2023-11-26,2023-12-05,216.8,13216.8,223.3,0.31,1487733.28,8775.76,4,1,0.0,0.0871,0.1595,0.137,,4,True
SHP-100543246,Kuehne_Nagel,Busan,Savannah,sea,On_Schedule,Raw_Materials,USD,2023-07-13,2023-08-05,559.5,13912.2,8736.4,39.97,26162.39,1654.89,5,5,0.0,0.2683,0.212,0.5517,,4,True
SHP-102949397,Maersk,Colombo,Dubai,air,Delayed,Perishables,CNY,2022-08-22,2022-08-22,13.3,10939.0,180.6,0.23,3219.88,72.31,11,0,31.9,0.307,0.0277,0.2236,,2,False
SHP-102958071,UPS,Colombo,Felixstowe,sea,In_Transit,Pharmaceuticals,EUR,2023-06-02,2023-06-28,633.0,18932.1,16706.7,24.24,61375.93,2872.82,6,0,0.0,0.1424,0.5695,0.3248,,4,True
SHP-104523813,HMM,Port_Klang,Le_Havre,sea,In_Transit,Perishables,CNY,2022-08-31,2022-09-15,377.1,19573.6,3744.3,6.53,56006.22,3835.92,8,2,0.0,0.5877,0.0549,0.3233,,3,True
SHP-101250056,Kuehne_Nagel,Tanjung_Pelepas,Felixstowe,rail,On_Schedule,Automotive,SGD,2023-04-08,2023-04-11,95.5,5453.9,3140.0,4.33,13449.79,946.56,20,4,0.0,0.2726,0.4104,0.3711,,2,True
SHP-100216938,Yang_Ming,Felixstowe,Sydney,road,In_Transit,Consumer_Goods,GBP,2024-06-26,2024-07-05,237.6,4312.3,9778.0,16.99,232438.02,1571.0,3,0,0.0,0.2903,0.2363,0.2043,24.5,4,False
SHP-103865586,Yang_Ming,Antwerp,Barcelona,sea,In_Transit,Consumer_Goods,GBP,2022-01-22,2022-02-06,365.5,6350.1,1133.3,3.52,3498.88,70.07,6,3,0.0,0.4695,0.1689,0.2984,,3,False
SHP-102192948,Evergreen,Hamburg,Felixstowe,sea,At_Port,Automotive,USD,2024-12-29,2025-01-27,708.9,11119.3,408.9,0.61,2869.86,28.64,16,1,0.0,0.1273,0.0063,0.4074,-0.7,3,True
SHP-102532976,COSCO,Singapore,Los_Angeles,road,Delayed,Machinery,USD,2024-06-16,2024-06-25,224.3,2007.7,2025.0,4.52,8814.55,81.78,6,3,44.7,0.2464,0.2735,0.2439,,2,True
SHP-100185570,ZIM,Singapore,Hamburg,road,At_Port,Chemicals,CNY,2024-01-21,2024-01-28,182.1,3070.9,1396.7,5.3,261737.61,13407.25,19,3,0.0,0.0168,0.028,0.1925,,3,True
SHP-100805624,Hapag-Lloyd,Melbourne,Sydney,road,In_Transit,Consumer_Goods,SGD,2024-06-30,2024-07-08,204.8,207.5,3976.6,5.18,9254592.51,225867.85,14,0,0.0,0.2989,0.3741,0.6321,,3,True
SHP-100779156,Maersk,Guangzhou,Genoa,air,On_Schedule,Consumer_Goods,CNY,2024-01-29,2024-01-29,20.0,6224.6,3422.8,10.03,10717.39,433.5,9,0,0.0,0.4153,0.1649,0.483,3.4,3,False
SHP-101111782,ONE,Guangzhou,Miami,sea,On_Schedule,Automotive,EUR,2024-12-16,2024-12-20,113.7,14539.6,3488.6,6.3,531417.99,6537.13,23,5,0.0,0.4607,0.0473,0.368,,1,True
SHP-104323042,Hapag-Lloyd,Ningbo,Piraeus,sea,On_Schedule,Perishables,SGD,2024-03-09,2024-03-28,457.2,16327.1,8367.6,11.42,120534.35,3333.08,16,0,0.0,0.1462,0.1843,0.3732,-2.9,3,True
SHP-102246673,ZIM,Singapore,Valencia,sea,In_Transit,Consumer_Goods,USD,2022-08-07,2022-08-19,305.9,17296.1,6327.0,30.72,11487.58,894.91,12,4,0.0,0.3326,0.3068,0.4775,0.4,2,True
SHP-102378397,COSCO,Mundra,New_York,road,On_Schedule,Electronics,CNY,2023-03-22,2023-03-26,109.8,1228.2,483.7,1.24,1046293.95,74575.79,8,3,0.0,0.4017,0.1439,0.6142,,1,True
SHP-103679774,ONE,Dubai,Sydney,sea,On_Schedule,Raw_Materials,SGD,2023-05-11,2023-05-21,247.0,6390.0,3296.8,9.54,1174067.6,25627.1,14,4,0.0,0.5038,0.1485,0.4027,,1,False
SHP-102246722,ZIM,Hamburg,Antwerp,sea,In_Transit,Raw_Materials,CNY,2024-05-08,2024-05-16,208.0,20770.9,15215.5,63.54,378609.95,8717.92,19,5,0.0,0.3565,0.4787,0.2544,,3,True
SHP-104565133,MSC,Ningbo,Dubai,air,Delayed,Perishables,GBP,2022-09-19,2022-09-21,48.9,5469.4,2666.0,8.56,22672.42,1231.81,23,4,35.3,0.136,0.2408,0.2045,,3,False
SHP-102582507,FedEx,Colombo,Houston,sea,At_Port,Automotive,GBP,2023-10-21,2023-11-14,580.9,20358.9,494.6,0.98,2984400.38,23439.47,16,2,0.0,0.1468,0.0951,0.4621,29.1,3,True
SHP-100921594,COSCO,Ningbo,Houston,road,At_Port,Electronics,GBP,2024-02-17,2024-02-21,103.5,4025.4,52470.0,91.12,414493.53,7676.56,11,4,0.0,0.1925,0.1352,0.3396,,4,False
SHP-100067201,FedEx,Felixstowe,Le_Havre,road,At_Port,Consumer_Goods,SGD,2022-04-14,2022-04-21,188.7,4017.1,752.6,0.99,51622.22,1813.88,1,0,0.0,0.0521,0.064,0.1645,,3,True
SHP-102157629,FedEx,Port_Klang,Genoa,sea,On_Schedule,Consumer_Goods,EUR,2022-01-04,2022-02-01,672.4,6442.1,8474.9,11.42,44391.69,2606.27,6,3,0.0,0.4378,0.0278,0.4247,,2,False
SHP-101869715,COSCO,Antwerp,Miami,sea,In_Transit,Automotive,EUR,2023-06-29,2023-07-18,472.7,14635.7,1029.9,1.39,7145.19,412.05,12,5,0.0,0.3261,0.0375,0.2306,-1.8,4,True
SHP-101765167,Hapag-Lloyd,Dubai,Antwerp,air,In_Transit,Machinery,CNY,2024-10-12,2024-10-14,66.7,12712.4,14029.1,23.55,8975.94,522.19,6,4,0.0,0.2286,0.0672,0.2712,21.4,3,True
SHP-103886751,ZIM,Hamburg,Bremen,sea,At_Port,Food_Beverage,CNY,2022-05-16,2022-05-22,150.7,18932.1,15939.9,24.47,39332.37,1059.25,23,2,0.0,0.4137,0.0074,0.173,,3,True
SHP-104583685,DB_Schenker,Colombo,New_York,rail,Delayed,Electronics,SGD,2023-07-10,2023-07-17,184.5,7777.1,229.2,0.54,28458.55,970.11,5,3,16.9,0.2688,0.1044,0.2057,,1,True
SHP-104535771,Hapag-Lloyd,Jebel_Ali,Singapore,sea,At_Port,Textiles,AED,2022-05-11,2022-05-17,144.2,15569.1,2068.7,2.71,3303373.48,36687.68,2,5,0.0,0.1592,0.1018,0.1496,,1,True
SHP-102593039,CMA_CGM,Tanjung_Pelepas,Los_Angeles,rail,On_Schedule,Food_Beverage,GBP,2022-10-21,2022-10-29,204.9,5497.2,1557.2,3.13,68163.73,780.79,10,1,0.0,0.063,0.3102,0.3877,,3,True
SHP-100443304,DB_Schenker,Singapore,Hamburg,sea,On_Schedule,Perishables,EUR,2022-05-24,2022-06-03,260.3,4469.7,5669.0,9.71,5889643.9,177745.21,23,5,0.0,0.0847,0.039,0.6572,11.0,2,True
SHP-104981417,ONE,Shanghai,Singapore,sea,On_Schedule,Machinery,EUR,2022-02-12,2022-02-21,231.3,21052.7,6787.5,10.53,435823.82,12129.02,9,3,0.0,0.2202,0.1531,0.6246,,1,True
SHP-104348037,MSC,Dubai,Houston,air,Delayed,Pharmaceuticals,USD,2023-05-03,2023-05-05,64.3,8448.0,1257.7,2.61,133.93,9.05,8,0,4.6,0.3292,0.1337,0.0855,-9.7,4,False
SHP-102978468,DB_Schenker,Antwerp,Valencia,air,On_Schedule,Machinery,EUR,2023-03-29,2023-03-30,25.1,9578.9,8251.1,20.9,122048.59,2307.87,23,0,0.0,0.5663,0.2215,0.1874,,2,True
SHP-104566915,ONE,Hamburg,Antwerp,sea,At_Port,Perishables,USD,2023-09-06,2023-10-04,691.0,5365.7,757.4,0.98,1324546.23,57446.31,14,2,0.0,0.2855,0.0863,0.1452,-15.3,4,False
SHP-102847828,Kuehne_Nagel,Mumbai,Barcelona,sea,On_Schedule,Raw_Materials,AED,2022-11-10,2022-12-02,541.0,3318.4,14987.4,31.93,80099.6,4373.16,19,5,0.0,0.287,0.0495,0.1163,,1,False
SHP-104840300,COSCO,Melbourne,Genoa,sea,Delayed,Consumer_Goods,EUR,2024-08-17,2024-09-08,541.0,21122.0,3613.2,9.35,60386.6,1711.6,2,3,26.1,0.0866,0.1416,0.6786,-10.3,1,True
SHP-101021715,DB_Schenker,Tanjung_Pelepas,Genoa,road,Delayed,Textiles,AED,2024-05-05,2024-05-08,75.3,5309.7,3612.4,5.8,305205.92,2547.65,17,0,3.0,0.4553,0.4687,0.2153,,4,True
SHP-101369161,COSCO,Tokyo,Le_Havre,air,At_Port,Raw_Materials,CNY,2022-08-14,2022-08-16,71.5,7149.2,13961.5,49.11,44927.09,3314.63,6,4,0.0,0.1998,0.0308,0.0546,,1,False
SHP-104179934,DHL,Colombo,Piraeus,sea,On_Schedule,Automotive,USD,2024-12-01,2024-12-30,703.7,2255.0,1750.7,2.57,44130.44,449.95,2,3,0.0,0.1442,0.1005,0.371,,2,False
SHP-104735357,FedEx,Mumbai,Houston,road,In_Transit,Electronics,USD,2024-05-20,2024-05-26,152.6,562.0,178.1,0.23,289658.77,14146.52,3,2,0.0,0.29,0.2961,0.2365,,4,True
SHP-101134351,FedEx,Tokyo,Le_Havre,road,At_Port,Automotive,SGD,2022-05-31,2022-06-08,211.7,6375.9,316.7,0.52,134295.14,2260.39,22,2,0.0,0.775,0.0592,0.3996,14.4,2,False
SHP-103327782,ONE,Singapore,Antwerp,air,In_Transit,Chemicals,SGD,2022-08-22,2022-08-24,56.0,2779.7,198333.2,540.34,65913.4,4075.74,15,3,0.0,0.26,0.0254,0.0641,,3,True
SHP-101839643,UPS,Ningbo,Rotterdam,sea,On_Schedule,Machinery,EUR,2022-12-19,2023-01-16,676.8,6650.7,24821.1,41.08,8796.61,622.68,21,2,0.0,0.4363,0.2804,0.1803,-6.4,2,True
SHP-101725842,MSC,Busan,Singapore,rail,In_Transit,Automotive,AED,2022-09-08,2022-09-17,235.5,6252.8,7319.6,11.34,19084.75,1363.39,20,2,0.0,0.3195,0.0259,0.3148,-17.5,2,True
SHP-102606974,HMM,Guangzhou,Hamburg,road,On_Schedule,Consumer_Goods,AED,2023-09-22,2023-10-01,229.4,2829.3,5975.8,13.8,10103.65,666.26,12,4,0.0,0.1105,0.1603,0.3599,,1,True
SHP-104107199,DHL,Ningbo,Valencia,rail,At_Port,Automotive,USD,2023-03-12,2023-03-16,110.7,7967.4,1849.5,6.71,3505.56,257.53,20,5,0.0,0.2825,0.0345,0.4054,5.1,2,True
SHP-103829457,Maersk,Tokyo,Mumbai,sea,In_Transit,Electronics,AED,2023-08-09,2023-08-15,158.9,11401.9,2120.7,3.45,33678.06,2401.9,21,0,0.0,0.3643,0.0439,0.4666,,3,True
SHP-103305961,Kuehne_Nagel,Hamburg,Mumbai,sea,On_Schedule,Machinery,EUR,2024-04-10,2024-05-01,525.2,1137.1,19807.6,77.18,32663.1,2529.54,1,5,0.0,0.3593,0.185,0.3567,21.6,1,True
SHP-101994591,CMA_CGM,Melbourne,Dubai,sea,Delayed,Perishables,EUR,2023-01-24,2023-02-04,278.8,921.9,2604.6,4.29,6957.23,134.17,5,3,20.9,0.0358,0.1732,0.2532,-3.2,3,False
SHP-101544298,Evergreen,Jebel_Ali,Hamburg,sea,In_Transit,Machinery,AED,2023-06-28,2023-07-02,107.8,11466.6,117.4,0.37,868.88,41.22,13,3,0.0,0.459,0.0419,0.1214,,1,True
SHP-102297531,Evergreen,Jebel_Ali,Singapore,sea,On_Schedule,Machinery,CNY,2022-01-22,2022-02-16,607.0,1940.1,1922.0,2.65,261328.59,4497.38,18,3,0.0,0.1754,0.2083,0.1834,,2,True
SHP-102753844,Yang_Ming,Tanjung_Pelepas,Bremen,sea,On_Schedule,Machinery,AED,2024-04-08,2024-04-13,140.4,1222.2,8832.6,22.88,19057.17,1448.4,3,4,0.0,0.2977,0.2675,0.1806,,2,False
SHP-101838785,ONE,Rotterdam,Los_Angeles,sea,Customs_Hold,Consumer_Goods,AED,2022-12-05,2022-12-27,532.2,5770.3,158208.6,346.83,1563.57,51.15,1,5,0.0,0.2939,0.2894,0.4083,,2,True
SHP-100192522,Evergreen,Dubai,Antwerp,sea,In_Transit,Food_Beverage,USD,2022-06-19,2022-07-12,573.9,14242.5,223.0,0.72,18147.63,357.53,22,1,0.0,0.1954,0.1167,0.3079,,2,False
SHP-100323579,CMA_CGM,Rotterdam,Los_Angeles,sea,In_Transit,Textiles,SGD,2023-05-01,2023-05-08,175.1,4749.0,463.6,0.68,4307.43,312.81,21,4,0.0,0.201,0.0224,0.37,,2,False
SHP-100477105,ONE,Guangzhou,Hamburg,road,In_Transit,Raw_Materials,AED,2024-07-14,2024-07-21,180.0,504.0,2124.9,3.19,321398.04,12959.52,21,2,0.0,0.121,0.5151,0.4884,,2,True
SHP-102726546,FedEx,Antwerp,Dubai,sea,In_Transit,Textiles,AED,2022-11-24,2022-12-20,639.6,2194.5,6102.9,9.96,81270.61,1800.79,9,4,0.0,0.4213,0.2875,0.1468,-7.3,2,True
SHP-102676037,Yang_Ming,Colombo,Singapore,air,In_Transit,Food_Beverage,AED,2023-04-08,2023-04-08,22.4,13221.7,2697.8,3.77,20392.18,568.6,15,4,0.0,0.1533,0.0351,0.5449,,4,True
SHP-102338098,ONE,Busan,Baltimore,sea,In_Transit,Machinery,EUR,2023-03-23,2023-04-05,313.8,16983.3,3136.5,5.19,1554.51,102.4,17,0,0.0,0.1681,0.2716,0.0929,,4,True
SHP-103751192,DB_Schenker,Antwerp,Singapore,road,Delayed,Perishables,SGD,2022-07-29,2022-08-05,187.4,1707.5,3118.7,4.7,82537.13,1827.09,24,5,6.0,0.1781,0.588,0.2584,,2,True
SHP-101384207,MSC,Mundra,New_York,air,Delayed,Electronics,AED,2022-06-28,2022-06-30,69.9,14844.2,189.4,0.74,5020.87,372.52,1,5,36.8,0.487,0.2443,0.4505,,4,True
SHP-103579191,Evergreen,Port_Klang,Singapore,road,At_Port,Perishables,AED,2023-12-03,2023-12-07,109.8,4702.9,614.1,0.91,11047.62,328.76,21,2,0.0,0.4378,0.1767,0.4299,29.3,1,True
SHP-102191469,Yang_Ming,Shanghai,Antwerp,air,Delivered,Automotive,CNY,2023-07-21,2023-07-22,35.4,10974.4,1029.0,1.78,21464.36,442.17,1,0,47.6,0.2248,0.4448,0.2594,,4,False
SHP-102033311,MSC,Jebel_Ali,Felixstowe,road,Customs_Hold,Textiles,EUR,2022-09-04,2022-09-13,233.6,5240.6,1518.7,7.28,24748.13,1093.79,14,4,0.0,0.229,0.1904,0.1545,,2,True
SHP-100885225,UPS,Tanjung_Pelepas,Los_Angeles,sea,Delayed,Machinery,AED,2022-06-25,2022-07-09,346.5,6661.9,115.0,0.29,52997.68,1477.57,6,4,23.8,0.1419,0.2095,0.3374,24.4,1,False
SHP-100408773,UPS,Busan,Piraeus,sea,At_Port,Chemicals,AED,2022-12-03,2022-12-27,585.9,18642.2,3731.7,10.64,4532040.8,197427.28,14,4,0.0,0.4772,0.0169,0.5152,,4,False
SHP-103040281,Hapag-Lloyd,Mumbai,Mumbai,sea,Delivered,Automotive,USD,2022-09-19,2022-09-24,127.1,21443.9,17267.1,24.17,426573.13,4959.12,12,3,3.3,0.0711,0.134,0.479,29.3,2,True
SHP-103806833,ONE,Shanghai,Los_Angeles,air,On_Schedule,Automotive,SGD,2023-02-01,2023-02-03,64.2,5501.3,10393.0,14.9,5693.6,168.91,13,2,0.0,0.0347,0.3315,0.4179,,3,True
SHP-104324097,CMA_CGM,Ningbo,Sydney,sea,On_Schedule,Consumer_Goods,SGD,2022-02-19,2022-03-19,687.4,20954.3,4169.8,9.4,31685.46,1742.51,10,1,0.0,0.0707,0.0747,0.4738,,3,True
SHP-104723262,UPS,Melbourne,Sydney,sea,Customs_Hold,Textiles,EUR,2024-07-03,2024-07-13,254.8,19967.2,1287.7,2.36,3928212.11,116095.87,12,0,0.0,0.5753,0.167,0.4772,,2,False
SHP-100264915,COSCO,Tokyo,Felixstowe,sea,Delayed,Food_Beverage,GBP,2022-01-02,2022-01-10,205.7,20974.9,949.1,1.4,21095.7,716.75,16,5,12.0,0.7275,0.074,0.2839,,4,True
SHP-100601377,MSC,Antwerp,Felixstowe,sea,On_Schedule,Consumer_Goods,GBP,2024-11-20,2024-11-30,240.6,1690.5,9510.6,14.65,216782.26,16550.66,23,2,0.0,0.2123,0.0171,0.3532,22.8,3,True
SHP-103488532,HMM,Dubai,Piraeus,rail,Delayed,Chemicals,EUR,2022-01-01,2022-01-08,177.2,3997.5,500000.0,1122.43,14719.1,707.3,19,3,19.3,0.118,0.0515,0.0686,,1,True
SHP-100468953,Evergreen,Colombo,Antwerp,sea,On_Schedule,Food_Beverage,SGD,2023-07-17,2023-08-14,673.7,1662.4,231131.9,756.45,12967.04,805.92,7,5,0.0,0.3654,0.2386,0.202,18.1,3,True
SHP-103247344,Hapag-Lloyd,Singapore,Felixstowe,sea,Customs_Hold,Electronics,EUR,2024-06-03,2024-06-26,554.6,15483.7,221.1,0.28,24110.67,1561.83,8,3,0.0,0.3841,0.2517,0.3269,,1,False
SHP-100854757,COSCO,Dubai,Bremen,sea,At_Port,Chemicals,USD,2022-12-10,2023-01-07,685.7,7004.4,4689.8,7.1,555448.66,27081.28,24,5,0.0,0.2622,0.091,0.287,,1,False
SHP-104113816,HMM,Guangzhou,Sydney,sea,Delayed,Automotive,CNY,2023-08-26,2023-08-31,138.9,17951.6,74.7,0.11,229249.91,1773.45,24,1,64.2,0.081,0.03,0.5897,,2,False
SHP-103265217,COSCO,Chennai,Mumbai,sea,On_Schedule,Pharmaceuticals,USD,2022-07-03,2022-07-14,282.9,15818.8,1380.8,2.26,1419.12,71.07,8,4,0.0,0.2585,0.2164,0.4231,,2,False
SHP-104032534,HMM,Ningbo,Felixstowe,rail,Delayed,Food_Beverage,GBP,2022-05-30,2022-06-05,149.5,6563.8,611.8,2.27,58732.81,1668.47,21,4,10.7,0.2691,0.1368,0.1087,-0.8,1,True
SHP-102559092,DHL,Tanjung_Pelepas,Genoa,road,On_Schedule,Textiles,GBP,2023-12-29,2024-01-01,78.6,7270.0,4576.6,8.96,72339.09,3031.27,2,1,0.0,0.6848,0.156,0.1574,,2,False
SHP-104637293,UPS,Jebel_Ali,Miami,air,In_Transit,Raw_Materials,EUR,2023-08-10,2023-08-10,13.7,5979.1,8424.5,15.57,19412.1,1121.92,10,1,0.0,0.382,0.163,0.2638,,2,True
SHP-103967805,Yang_Ming,Ningbo,Los_Angeles,rail,On_Schedule,Pharmaceuticals,EUR,2024-06-28,2024-06-29,46.1,3305.1,595.7,1.04,10871.42,158.73,9,1,0.0,0.4211,0.1229,0.0974,-16.6,3,False
SHP-102334631,CMA_CGM,Felixstowe,Felixstowe,sea,At_Port,Automotive,EUR,2023-06-13,2023-07-08,604.2,13090.9,1591.0,2.34,49360.27,271.45,14,5,0.0,0.2355,0.1801,0.3973,2.1,2,True
SHP-101269111,Hapag-Lloyd,Tokyo,Los_Angeles,sea,In_Transit,Consumer_Goods,USD,2023-08-05,2023-08-09,108.1,15464.9,253.8,0.45,717594.91,39206.02,23,1,0.0,0.1927,0.0566,0.5566,-19.9,4,True
SHP-102339039,ZIM,Rotterdam,Barcelona,rail,Delayed,Electronics,EUR,2024-08-09,2024-08-16,190.2,6369.8,2615.1,7.0,871306.57,38789.47,22,4,8.0,0.1358,0.2675,0.4612,,1,True
SHP-100684094,ONE,Hamburg,Felixstowe,sea,In_Transit,Pharmaceuticals,AED,2022-03-08,2022-03-14,156.7,11255.1,7048.5,10.48,113729.45,5891.85,3,3,0.0,0.1342,0.2119,0.4479,,2,False
SHP-101670765,COSCO,Jebel_Ali,Barcelona,sea,In_Transit,Perishables,GBP,2023-02-22,2023-02-26,102.7,3036.6,4657.1,9.81,1582.62,29.67,5,5,0.0,0.3482,0.0994,0.3763,,2,True
SHP-101671859,HMM,Melbourne,Houston,sea,On_Schedule,Pharmaceuticals,SGD,2022-07-06,2022-07-24,452.6,13843.4,196.1,0.39,263521.13,16713.83,9,1,0.0,0.4293,0.0925,0.337,,3,True
SHP-101813591,Yang_Ming,Tanjung_Pelepas,Savannah,sea,On_Schedule,Automotive,CNY,2023-02-25,2023-03-11,337.5,21986.8,254.2,0.57,269919.25,3739.05,5,5,0.0,0.1729,0.0145,0.2546,,4,True
SHP-101121398,UPS,Guangzhou,Le_Havre,road,On_Schedule,Raw_Materials,USD,2024-03-30,2024-03-31,40.9,859.4,3831.9,13.57,12720.09,213.55,3,2,0.0,0.5555,0.169,0.119,11.2,3,True
SHP-102204195,Maersk,Sydney,Bremen,road,In_Transit,Raw_Materials,CNY,2022-05-10,2022-05-13,82.8,5405.8,371926.4,1543.64,72516.59,5205.8,18,1,0.0,0.0765,0.279,0.4314,,1,True
SHP-104191906,ONE,Busan,Mumbai,air,In_Transit,Consumer_Goods,AED,2022-06-05,2022-06-07,50.1,9270.9,202.4,0.35,42646.59,2076.89,3,1,0.0,0.1403,0.05,0.1505,,2,True
SHP-103438185,COSCO,Jebel_Ali,Le_Havre,rail,At_Port,Perishables,AED,2022-12-20,2022-12-24,113.1,1144.9,8626.0,27.08,363775.94,14173.06,11,3,0.0,0.0941,0.156,0.1655,,1,False
SHP-104914682,ZIM,Port_Klang,Los_Angeles,sea,On_Schedule,Food_Beverage,EUR,2024-07-14,2024-07-23,216.9,8199.0,5586.5,8.15,8820.06,109.53,11,3,0.0,0.0317,0.2239,0.1411,,4,True
SHP-103337074,ZIM,Jebel_Ali,Mumbai,sea,Delayed,Raw_Materials,SGD,2023-06-28,2023-07-27,704.3,20806.9,196.3,0.39,57728.81,428.36,13,0,11.1,0.2894,0.1044,0.0543,12.7,4,True
SHP-100104640,DHL,Guangzhou,Miami,sea,At_Port,Raw_Materials,SGD,2024-02-04,2024-02-23,470.1,12655.6,15051.4,21.45,2841.78,144.91,20,4,0.0,0.1264,0.1721,0.4188,,4,True
SHP-104746008,Kuehne_Nagel,Singapore,Los_Angeles,sea,On_Schedule,Food_Beverage,EUR,2023-11-16,2023-12-01,367.3,15782.2,4688.0,21.35,1021923.68,47311.69,9,2,0.0,0.2503,0.0481,0.3409,-5.7,4,True
SHP-103063872,MSC,Colombo,Rotterdam,sea,At_Port,Raw_Materials,GBP,2024-06-01,2024-06-16,367.1,7607.0,10815.1,24.36,609816.01,23609.69,1,3,0.0,0.2328,0.186,0.1006,,2,False
SHP-101283696,FedEx,Hamburg,Savannah,sea,In_Transit,Electronics,AED,2023-09-09,2023-09-17,215.3,4836.4,755.0,1.03,2990.45,210.97,20,5,0.0,0.1097,0.3962,0.1235,,1,False
SHP-103005571,ONE,Felixstowe,Baltimore,sea,Delayed,Pharmaceuticals,EUR,2023-06-26,2023-07-20,591.0,3684.9,1991.0,3.66,52983.06,2395.06,17,4,4.4,0.0621,0.1744,0.3526,,1,False
SHP-100327590,Evergreen,Antwerp,Los_Angeles,rail,Customs_Hold,Textiles,GBP,2024-10-25,2024-11-01,177.4,5375.7,894.0,2.24,36737.44,1481.52,1,2,0.0,0.1531,0.4494,0.2914,-0.9,2,False
SHP-100195524,MSC,Dubai,Singapore,sea,On_Schedule,Chemicals,SGD,2022-01-09,2022-01-17,194.1,21898.9,505.2,0.91,174283.29,9476.69,5,0,0.0,0.2139,0.0474,0.5409,20.6,2,False
SHP-102369545,HMM,Rotterdam,Antwerp,rail,In_Transit,Pharmaceuticals,AED,2024-07-05,2024-07-08,85.9,2530.7,2472.2,8.37,90734.31,2755.27,8,4,0.0,0.114,0.2627,0.3668,,2,False
SHP-100344199,ONE,Tokyo,Genoa,rail,Customs_Hold,Perishables,AED,2023-11-20,2023-11-26,157.3,3339.5,367.8,0.49,250696.09,5830.9,22,2,0.0,0.48,0.1645,0.7302,-0.7,1,False
SHP-101259308,Hapag-Lloyd,Shanghai,Felixstowe,sea,At_Port,Perishables,AED,2023-10-10,2023-11-04,601.6,4055.9,1580.8,2.9,5257281.91,162056.18,24,3,0.0,0.0246,0.2837,0.1486,,4,True
SHP-102736964,MSC,Chennai,Los_Angeles,sea,In_Transit,Chemicals,CNY,2023-07-30,2023-08-04,137.0,4609.6,1353.3,2.11,2135.53,95.0,3,4,0.0,0.3057,0.1813,0.7145,11.6,2,True
SHP-104172327,Hapag-Lloyd,Felixstowe,Antwerp,sea,At_Port,Consumer_Goods,EUR,2023-12-25,2024-01-09,360.6,11254.6,500000.0,1197.56,72890.57,2828.26,15,3,0.0,0.1742,0.3453,0.5632,,3,True
SHP-100345885,DHL,Busan,Mumbai,road,On_Schedule,Automotive,SGD,2024-07-02,2024-07-11,216.2,1908.9,3203.5,5.59,2664.93,191.75,18,4,0.0,0.0152,0.1763,0.4807,-18.1,1,False
SHP-104151081,DHL,Colombo,Bremen,rail,On_Schedule,Food_Beverage,EUR,2022-07-01,2022-07-04,73.0,4103.2,2704.1,7.34,1564629.94,124419.91,12,4,0.0,0.4238,0.1933,0.4411,,2,True
SHP-101609249,ZIM,Chennai,Miami,air,In_Transit,Consumer_Goods,SGD,2022-06-14,2022-06-15,25.8,13827.8,586.9,0.9,61104.29,606.28,3,2,0.0,0.1956,0.424,0.2177,16.4,4,False
SHP-100685707,Yang_Ming,Antwerp,Singapore,sea,On_Schedule,Machinery,USD,2023-05-14,2023-06-12,718.1,14349.3,8062.6,13.58,578633.32,38515.57,16,2,0.0,0.0701,0.2182,0.6341,,3,True
SHP-100223167,HMM,Busan,Felixstowe,sea,In_Transit,Food_Beverage,SGD,2023-05-20,2023-06-14,600.2,13977.1,5228.8,17.66,713329.17,7939.28,2,0,0.0,0.2758,0.2372,0.5231,,2,True
SHP-104004785,MSC,Busan,Singapore,road,In_Transit,Automotive,CNY,2024-01-01,2024-01-07,160.4,2780.3,9650.4,14.35,99361.61,5941.18,16,1,0.0,0.3345,0.1465,0.1922,6.5,2,False
SHP-104047946,ONE,Mundra,Antwerp,sea,On_Schedule,Perishables,EUR,2022-05-28,2022-06-18,526.1,20501.3,31298.5,100.45,7414.35,381.0,3,1,0.0,0.1037,0.0539,0.4712,,1,False
SHP-102456768,HMM,Dubai,Baltimore,sea,In_Transit,Automotive,EUR,2022-01-22,2022-02-17,643.9,9805.1,21958.8,52.45,6728.96,346.95,11,5,0.0,0.1323,0.2963,0.7066,,1,True
SHP-103887237,CMA_CGM,Felixstowe,Felixstowe,air,Delivered,Pharmaceuticals,USD,2023-05-12,2023-05-12,23.7,7041.8,1117.4,1.72,20841.61,915.98,23,2,3.4,0.5634,0.1737,0.6174,,3,False
SHP-104410013,Kuehne_Nagel,Shanghai,Piraeus,rail,On_Schedule,Textiles,USD,2024-05-31,2024-06-08,199.9,2151.3,10084.3,12.87,220819.86,13447.52,13,5,0.0,0.2941,0.1054,0.2473,,2,False
SHP-104999192,ZIM,Jebel_Ali,Genoa,air,Customs_Hold,Perishables,USD,2022-12-04,2022-12-06,65.8,7701.8,10044.1,15.74,269281.44,4291.83,5,4,0.0,0.6394,0.4016,0.2401,,4,False
SHP-102097336,Hapag-Lloyd,Guangzhou,Baltimore,air,In_Transit,Textiles,SGD,2022-05-12,2022-05-13,41.7,3988.2,232.4,0.63,61133.14,2770.46,11,4,0.0,0.2943,0.4128,0.3303,-17.2,2,True
SHP-103054776,UPS,Mundra,Antwerp,sea,On_Schedule,Textiles,SGD,2023-03-07,2023-03-19,304.1,14511.6,14955.5,23.82,178917.39,13436.05,7,3,0.0,0.1843,0.4208,0.2092,27.3,3,False
SHP-104259183,Evergreen,Tokyo,Sydney,sea,Delivered,Pharmaceuticals,SGD,2022-10-20,2022-11-09,497.6,14970.1,194.9,0.37,190096.18,8453.17,10,0,45.9,0.3604,0.7277,0.6853,,3,False
SHP-104659187,DHL,Port_Klang,Hamburg,sea,On_Schedule,Chemicals,EUR,2023-10-04,2023-10-31,669.5,17350.5,5695.2,9.6,21607.39,646.79,24,3,0.0,0.4312,0.4579,0.3602,,1,True
SHP-100953341,DHL,Sydney,Bremen,sea,On_Schedule,Food_Beverage,SGD,2023-05-23,2023-06-16,585.0,21222.5,362.4,1.03,47383.25,2232.15,4,3,0.0,0.4476,0.1182,0.3692,,1,True
SHP-104324187,UPS,Shanghai,Singapore,rail,On_Schedule,Perishables,AED,2022-11-10,2022-11-19,229.9,5202.1,304.7,0.66,35024.31,2612.46,15,5,0.0,0.3087,0.2296,0.0316,5.1,1,True
SHP-103625819,FedEx,Felixstowe,Piraeus,sea,At_Port,Consumer_Goods,USD,2024-12-27,2025-01-10,344.1,5885.4,680.5,1.13,105863.03,7467.92,22,4,0.0,0.2139,0.1227,0.6278,-18.1,2,True
SHP-104276005,UPS,Chennai,Antwerp,rail,In_Transit,Machinery,CNY,2024-11-27,2024-11-28,27.7,3668.6,1069.2,2.41,81254.59,3957.23,21,4,0.0,0.2509,0.0539,0.1226,17.3,3,True
SHP-104440199,Maersk,Guangzhou,Dubai,sea,Delayed,Perishables,USD,2023-05-05,2023-05-13,193.5,19270.0,240.6,0.43,82531.69,5877.83,12,2,26.2,0.6695,0.266,0.4754,,2,False
SHP-100377330,Kuehne_Nagel,Felixstowe,Los_Angeles,rail,At_Port,Perishables,SGD,2023-01-08,2023-01-17,222.6,1108.0,94.5,0.23,6316.2,405.07,20,2,0.0,0.0657,0.1004,0.1835,,1,False
SHP-101333606,HMM,Hamburg,New_York,sea,On_Schedule,Pharmaceuticals,AED,2023-03-06,2023-03-22,393.3,19771.6,20219.7,53.31,27051.69,1190.13,14,4,0.0,0.2448,0.1657,0.4135,23.8,4,True
SHP-101563619,Maersk,Sydney,Piraeus,road,In_Transit,Chemicals,SGD,2024-10-20,2024-10-25,126.4,6425.4,280.4,0.44,18970.41,271.53,19,2,0.0,0.4143,0.0867,0.5308,,1,False
SHP-101150924,UPS,Sydney,Miami,sea,On_Schedule,Automotive,EUR,2022-06-24,2022-07-22,673.0,8840.4,45587.3,106.31,6786135.8,306067.29,7,2,0.0,0.6093,0.1146,0.5042,,1,True
SHP-103110083,Hapag-Lloyd,Mundra,Piraeus,rail,In_Transit,Textiles,SGD,2022-06-01,2022-06-05,102.1,6315.7,768.5,1.1,28077.71,1571.36,9,4,0.0,0.4823,0.0271,0.4333,,3,True
SHP-101879204,CMA_CGM,Antwerp,Los_Angeles,air,On_Schedule,Machinery,EUR,2022-02-17,2022-02-19,63.5,14511.1,1218.0,3.34,23839.94,718.32,8,1,0.0,0.032,0.0696,0.4121,,2,False
SHP-104348850,COSCO,Port_Klang,Miami,sea,Delayed,Raw_Materials,EUR,2023-10-04,2023-11-02,716.9,20566.6,6947.3,13.56,48665.29,1591.85,22,3,44.6,0.2265,0.2865,0.3649,,3,True
SHP-103888705,Maersk,Rotterdam,Barcelona,air,On_Schedule,Perishables,CNY,2022-08-06,2022-08-06,19.9,1822.7,7306.8,9.43,88280.52,5383.56,14,3,0.0,0.1124,0.2048,0.4845,,3,True
SHP-103949787,Hapag-Lloyd,Ningbo,Genoa,rail,In_Transit,Food_Beverage,USD,2023-11-12,2023-11-18,155.3,1883.3,635.7,1.77,35730.96,2123.29,5,1,0.0,0.1518,0.0794,0.0982,,1,True
SHP-102505438,DHL,Port_Klang,Hamburg,sea,On_Schedule,Electronics,AED,2024-02-14,2024-02-28,345.4,3679.6,26797.1,68.66,777402.88,9274.74,24,0,0.0,0.5471,0.1427,0.3781,-16.7,4,True
SHP-101172816,COSCO,Chennai,Barcelona,road,At_Port,Automotive,CNY,2022-08-16,2022-08-23,182.2,6157.9,1658.2,3.13,522959.69,16826.06,18,1,0.0,0.4015,0.1323,0.3429,,4,False
SHP-101176015,FedEx,Rotterdam,Felixstowe,sea,On_Schedule,Chemicals,CNY,2023-08-18,2023-09-09,541.8,1355.7,907.7,1.56,11938.23,883.47,11,3,0.0,0.5293,0.3538,0.1421,,4,False
SHP-100124061,COSCO,Tokyo,Genoa,sea,Delayed,Automotive,SGD,2022-12-10,2022-12-14,109.1,2346.4,7420.5,12.42,36760.06,650.6,23,3,43.3,0.0468,0.1678,0.4729,,4,False
SHP-101666786,Kuehne_Nagel,Tokyo,Felixstowe,sea,At_Port,Raw_Materials,GBP,2022-01-29,2022-02-23,602.2,13458.0,989.2,2.53,3456.8,113.16,19,0,0.0,0.3684,0.1716,0.1766,,4,True
SHP-104234197,UPS,Busan,Bremen,sea,On_Schedule,Machinery,AED,2024-12-07,2024-12-30,560.2,20916.2,2406.4,3.04,276403.2,3455.79,14,0,0.0,0.5514,0.3533,0.0842,-14.8,3,True
SHP-103502189,FedEx,Rotterdam,Le_Havre,sea,In_Transit,Perishables,EUR,2024-01-13,2024-02-04,540.3,8929.4,211.5,0.32,787.1,21.45,8,3,0.0,0.2184,0.1009,0.5303,-2.4,3,True
SHP-104883361,UPS,Hamburg,Dubai,air,Delayed,Perishables,GBP,2023-06-11,2023-06-13,64.3,5448.7,4101.1,9.65,7065.68,96.26,23,0,3.0,0.542,0.0622,0.5191,,1,True
SHP-104459295,MSC,Shanghai,Dubai,air,At_Port,Raw_Materials,GBP,2022-09-10,2022-09-11,37.4,7918.7,220.2,0.33,1868549.39,34836.34,20,3,0.0,0.59,0.2229,0.1964,,4,True
SHP-101539194,ONE,Tanjung_Pelepas,Dubai,sea,Delayed,Textiles,USD,2022-05-08,2022-05-25,417.6,12309.2,69237.6,112.82,12659.81,257.1,8,2,22.1,0.425,0.2274,0.4224,,4,True
SHP-101227534,Yang_Ming,Dubai,Le_Havre,sea,Customs_Hold,Machinery,GBP,2023-10-15,2023-10-29,339.4,18711.1,455.9,0.78,390792.74,20892.59,10,3,0.0,0.1982,0.0694,0.3918,,2,True
SHP-103226721,FedEx,Shanghai,Dubai,sea,Delayed,Perishables,AED,2024-12-26,2025-01-22,668.6,18622.9,6860.2,9.26,80982.1,6432.8,15,3,17.5,0.3116,0.0504,0.6349,-16.5,1,False
SHP-104769423,CMA_CGM,Felixstowe,Le_Havre,sea,In_Transit,Textiles,SGD,2024-07-28,2024-08-06,234.1,19000.9,11211.5,18.62,56125.1,4038.69,12,2,0.0,0.0417,0.1067,0.4174,,4,True
SHP-100561403,Yang_Ming,Tokyo,Valencia,sea,Delivered,Food_Beverage,EUR,2022-03-20,2022-03-30,258.2,14168.5,521.6,1.67,4800.3,221.48,5,5,21.9,0.193,0.1951,0.3606,-6.5,1,True
SHP-102277953,MSC,Rotterdam,Le_Havre,sea,In_Transit,Perishables,GBP,2022-08-16,2022-09-04,474.9,20832.3,3738.4,6.3,33760.24,2345.04,4,3,0.0,0.2597,0.1167,0.4862,,2,True
SHP-102452022,FedEx,Dubai,Los_Angeles,air,On_Schedule,Automotive,SGD,2022-04-04,2022-04-06,69.5,2392.4,592.6,1.49,10140.68,417.71,19,1,0.0,0.352,0.2057,0.1565,,2,True
SHP-102190522,ONE,Dubai,Savannah,sea,On_Schedule,Perishables,CNY,2023-10-02,2023-10-18,402.8,20276.3,6573.3,16.03,50493.07,951.87,1,4,0.0,0.4266,0.4689,0.3673,,4,True
SHP-104791498,Yang_Ming,Ningbo,Felixstowe,road,On_Schedule,Textiles,GBP,2024-06-21,2024-06-22,26.4,5638.3,455.2,1.21,26762.07,274.26,2,3,0.0,0.3561,0.1538,0.4747,,3,True
SHP-100756518,Evergreen,Guangzhou,Genoa,rail,On_Schedule,Machinery,CNY,2023-08-30,2023-09-07,205.0,4138.1,85.6,0.28,595724.69,17357.99,7,1,0.0,0.3106,0.275,0.1923,-4.1,1,True
SHP-102693862,ZIM,Mundra,Houston,air,On_Schedule,Electronics,AED,2024-02-02,2024-02-03,30.6,5736.0,1522.1,3.96,28602.34,1517.57,6,3,0.0,0.2778,0.3714,0.0466,22.9,4,False
SHP-102282814,UPS,Ningbo,New_York,road,Customs_Hold,Electronics,AED,2024-11-19,2024-11-23,98.5,3167.1,460.2,0.75,678.56,53.48,11,3,0.0,0.3441,0.0565,0.1656,,3,True
SHP-104338510,Yang_Ming,Tokyo,Valencia,air,Delayed,Textiles,GBP,2022-01-31,2022-02-02,62.0,1926.4,11757.8,21.95,20709.95,896.09,19,4,1.6,0.1266,0.3574,0.4952,,4,True
SHP-103630014,ZIM,Melbourne,Miami,sea,Delayed,Electronics,GBP,2024-09-08,2024-10-03,607.9,804.4,1442.9,2.2,1937862.38,90005.26,7,5,13.7,0.0733,0.166,0.4671,,4,True
SHP-103566704,CMA_CGM,Busan,Hamburg,rail,Delayed,Electronics,CNY,2023-09-17,2023-09-26,232.8,6498.5,2013.5,2.69,128198.13,9184.25,20,5,49.5,0.1338,0.1328,0.525,,2,True
SHP-101187771,CMA_CGM,Jebel_Ali,Barcelona,air,On_Schedule,Chemicals,AED,2024-12-12,2024-12-13,40.9,4604.7,9427.0,18.15,108104.57,6864.14,5,4,0.0,0.3717,0.4889,0.0831,4.7,2,True
SHP-104011122,UPS,Mundra,Valencia,road,On_Schedule,Raw_Materials,SGD,2023-05-07,2023-05-10,86.0,4412.1,989.1,1.95,1995301.37,128525.68,19,1,0.0,0.2841,0.2482,0.4626,,1,False
SHP-100609008,Maersk,Sydney,Los_Angeles,road,Delayed,Chemicals,CNY,2024-08-16,2024-08-21,120.7,6520.6,111.1,0.38,11513501.47,683954.38,2,5,12.2,0.0488,0.0776,0.2357,,3,True
SHP-103968596,Maersk,Busan,Singapore,sea,On_Schedule,Pharmaceuticals,SGD,2022-05-19,2022-05-28,219.8,19371.2,8166.6,25.44,198301.51,4883.51,21,3,0.0,0.3891,0.0557,0.5061,,4,False
SHP-103116621,Hapag-Lloyd,Port_Klang,Barcelona,rail,In_Transit,Automotive,CNY,2022-05-03,2022-05-10,188.1,6495.3,18363.8,32.34,755611.18,41198.28,23,3,0.0,0.1136,0.0998,0.3344,,2,False
SHP-103525872,COSCO,Tanjung_Pelepas,Los_Angeles,road,In_Transit,Food_Beverage,EUR,2024-11-25,2024-12-04,230.4,4590.5,299.5,0.52,19914.66,1223.92,23,0,0.0,0.7051,0.0349,0.4208,-10.0,3,True
SHP-100757613,HMM,Mundra,Singapore,sea,On_Schedule,Perishables,USD,2022-04-24,2022-04-29,120.8,8122.1,1274.8,2.75,149695.32,10851.99,6,0,0.0,0.0872,0.0878,0.5163,,4,True
SHP-103831648,DHL,Sydney,Le_Havre,sea,On_Schedule,Consumer_Goods,GBP,2023-01-05,2023-01-24,475.2,4121.4,26030.1,99.93,2172132.86,160051.86,1,1,0.0,0.3807,0.0034,0.569,,2,False
SHP-103305794,DHL,Tokyo,Sydney,sea,Delivered,Chemicals,AED,2023-06-05,2023-06-23,452.6,3525.4,16585.2,48.58,62853.12,4317.09,17,2,6.8,0.0641,0.0688,0.2331,,4,True
SHP-103799978,HMM,Colombo,Antwerp,road,On_Schedule,Machinery,EUR,2024-07-08,2024-07-16,213.5,829.0,18683.9,33.41,36296.29,2523.75,10,4,0.0,0.3799,0.1551,0.5578,,1,True
SHP-102202953,Evergreen,Dubai,Hamburg,rail,Delayed,Chemicals,EUR,2024-08-07,2024-08-11,103.3,3339.5,31109.8,76.34,3133303.75,239337.39,8,2,14.2,0.2694,0.2614,0.2575,,2,True
SHP-100744450,Hapag-Lloyd,Mumbai,Dubai,sea,On_Schedule,Electronics,SGD,2023-06-05,2023-06-18,331.2,20478.7,3457.3,5.17,256922.55,5571.66,14,5,0.0,0.1733,0.2359,0.4622,,4,False
SHP-100148631,FedEx,Shanghai,Houston,sea,At_Port,Pharmaceuticals,GBP,2023-12-10,2024-01-07,679.2,11360.6,5214.5,8.2,30950.41,721.27,21,2,0.0,0.1053,0.2553,0.0473,,3,True
SHP-104457831,FedEx,Mundra,Barcelona,sea,Delivered,Consumer_Goods,GBP,2023-06-16,2023-06-29,318.3,6926.9,6172.6,7.84,70004.23,3787.06,24,2,11.4,0.1878,0.1246,0.4342,29.4,1,False
SHP-104443503,COSCO,Felixstowe,New_York,sea,Critical_Delay,Chemicals,AED,2023-11-11,2023-12-08,662.3,16702.3,3732.4,5.03,5777.76,449.89,12,2,25.0,0.2054,0.1525,0.6543,,3,True
SHP-102312870,Hapag-Lloyd,Tanjung_Pelepas,Houston,sea,On_Schedule,Textiles,AED,2023-12-09,2023-12-24,377.1,4293.7,5642.0,15.27,49351.65,2866.91,7,4,0.0,0.0287,0.3386,0.0856,,3,False
SHP-101953384,Hapag-Lloyd,Guangzhou,Savannah,sea,At_Port,Food_Beverage,SGD,2024-01-08,2024-01-27,478.5,18063.5,44784.7,127.02,1451.23,114.34,16,3,0.0,0.3448,0.4024,0.2204,,4,False
SHP-101300346,HMM,Antwerp,Dubai,road,On_Schedule,Food_Beverage,GBP,2023-12-23,2023-12-24,26.0,1403.2,122.5,0.17,401025.19,12777.15,6,0,0.0,0.422,0.2906,0.2185,,3,False
SHP-101376945,Evergreen,Melbourne,Barcelona,road,Customs_Hold,Textiles,EUR,2024-03-26,2024-03-29,90.8,5968.7,768.4,1.34,323965.4,10785.03,18,2,0.0,0.2682,0.0417,0.2281,,2,True
SHP-103340239,ZIM,Tanjung_Pelepas,Los_Angeles,sea,Critical_Delay,Chemicals,EUR,2023-05-27,2023-06-02,167.9,6504.3,12730.3,30.01,100505.76,1311.7,5,3,35.9,0.276,0.1563,0.4634,,2,True
SHP-100350000,DHL,Chennai,Rotterdam,sea,On_Schedule,Textiles,AED,2024-09-03,2024-09-18,365.2,14336.4,20.7,0.06,1073618.27,42839.24,8,1,0.0,0.11,0.2287,0.3421,,1,True
SHP-101025851,HMM,Tanjung_Pelepas,Rotterdam,sea,On_Schedule,Perishables,SGD,2023-04-06,2023-04-16,251.1,1903.7,69436.3,97.15,2800.75,147.99,1,2,0.0,0.1383,0.0586,0.2648,,1,True
SHP-103163306,Hapag-Lloyd,Tokyo,Miami,air,Delayed,Electronics,SGD,2024-06-14,2024-06-15,28.5,12619.6,649.4,2.15,58127.34,1303.55,22,0,20.1,0.1391,0.4621,0.0439,,3,False
SHP-103057287,Evergreen,Port_Klang,Felixstowe,sea,On_Schedule,Consumer_Goods,EUR,2024-02-27,2024-03-22,583.4,4236.5,274660.8,357.42,9578.18,225.54,8,4,0.0,0.2524,0.1556,0.8066,,1,False
SHP-102699182,Yang_Ming,Tanjung_Pelepas,Piraeus,sea,Delivered,Perishables,EUR,2024-02-23,2024-03-23,719.6,5332.5,278784.0,385.64,4900.33,317.98,14,3,61.4,0.3917,0.0416,0.123,14.7,4,False
SHP-102385078,CMA_CGM,Mumbai,Houston,air,On_Schedule,Pharmaceuticals,GBP,2022-09-07,2022-09-08,27.7,5907.7,45197.0,69.87,55978.13,535.32,5,5,0.0,0.6226,0.1751,0.1151,,3,True
SHP-103110680,ZIM,Mundra,Los_Angeles,rail,On_Schedule,Textiles,EUR,2024-08-22,2024-08-29,186.1,4298.3,22061.8,28.76,346143.45,17553.42,16,5,0.0,0.3539,0.1418,0.4042,8.1,3,True
SHP-101647705,HMM,Hamburg,Los_Angeles,air,In_Transit,Electronics,USD,2022-09-25,2022-09-27,51.1,6131.2,15775.3,30.76,751676.2,23509.36,13,4,0.0,0.308,0.2296,0.0103,,2,True
SHP-102564560,Hapag-Lloyd,Hamburg,Sydney,sea,On_Schedule,Consumer_Goods,USD,2023-07-21,2023-07-27,147.9,9337.0,6867.4,9.87,29858.84,1088.69,14,3,0.0,0.3886,0.2598,0.0668,,2,True
SHP-101190530,CMA_CGM,Guangzhou,Barcelona,sea,In_Transit,Machinery,GBP,2023-06-20,2023-07-02,305.3,15535.7,155.5,0.35,651057.64,14923.99,9,4,0.0,0.2208,0.1692,0.3925,20.0,1,False
SHP-103301096,COSCO,Melbourne,Antwerp,sea,On_Schedule,Raw_Materials,SGD,2023-05-31,2023-06-28,675.9,20758.9,483.0,2.22,3419.3,199.99,17,0,0.0,0.5544,0.2931,0.6155,,3,True
SHP-102436670,Hapag-Lloyd,Chennai,Dubai,air,On_Schedule,Raw_Materials,CNY,2022-04-06,2022-04-08,52.5,14019.6,5539.3,8.03,1769430.98,94594.54,13,2,0.0,0.5146,0.1908,0.2744,,4,True
SHP-102888284,DHL,Mumbai,Hamburg,air,In_Transit,Electronics,GBP,2024-09-26,2024-09-28,69.3,10778.4,151167.3,576.96,4662.2,361.01,2,2,0.0,0.1482,0.4211,0.696,,2,True
SHP-103829386,UPS,Guangzhou,Houston,sea,On_Schedule,Chemicals,CNY,2022-02-20,2022-03-01,230.0,15093.4,9329.1,17.14,84835.16,5488.96,19,2,0.0,0.4194,0.3889,0.2105,,3,True
SHP-103499429,ONE,Hamburg,Rotterdam,air,Customs_Hold,Electronics,USD,2024-01-09,2024-01-09,22.1,8871.4,7304.2,29.27,10768.51,808.28,15,4,0.0,0.3214,0.1735,0.6281,,4,True
SHP-103077188,Yang_Ming,Tanjung_Pelepas,Felixstowe,sea,In_Transit,Consumer_Goods,AED,2022-09-26,2022-10-23,672.0,18755.4,9587.3,19.27,89645.82,5032.68,24,1,0.0,0.3172,0.3063,0.6102,-17.1,2,False
SHP-100003097,FedEx,Hamburg,Le_Havre,rail,On_Schedule,Food_Beverage,CNY,2022-08-15,2022-08-18,91.3,904.6,17217.0,44.6,36335.02,586.44,17,2,0.0,0.3194,0.5559,0.5872,,2,True
SHP-103051885,ONE,Felixstowe,Piraeus,sea,On_Schedule,Electronics,CNY,2024-05-06,2024-05-14,195.7,9339.0,36874.7,53.93,69923.51,3639.91,19,1,0.0,0.1624,0.2079,0.3032,,3,False
SHP-101890676,HMM,Rotterdam,New_York,sea,Delivered,Perishables,SGD,2024-01-17,2024-01-30,328.7,10931.6,584.9,0.96,52453.64,1234.71,5,4,10.2,0.0226,0.4074,0.411,-0.1,4,False
SHP-100641328,Maersk,Mumbai,Genoa,sea,In_Transit,Pharmaceuticals,SGD,2024-08-02,2024-08-15,331.9,11800.9,343.9,0.75,222794.95,15536.05,1,4,0.0,0.1949,0.0733,0.556,23.2,4,True
SHP-104236410,Hapag-Lloyd,Rotterdam,Sydney,sea,On_Schedule,Pharmaceuticals,EUR,2024-09-07,2024-09-18,278.6,18535.2,531.5,1.1,365371.1,13225.01,8,2,0.0,0.1984,0.1044,0.4084,-17.4,4,True
SHP-101243128,ONE,Guangzhou,Bremen,air,In_Transit,Machinery,USD,2024-09-03,2024-09-04,42.2,3092.5,30018.0,41.51,5992692.43,189127.69,7,0,0.0,0.1625,0.3968,0.3802,,3,True
SHP-104292240,Evergreen,Rotterdam,New_York,sea,On_Schedule,Pharmaceuticals,CNY,2024-03-10,2024-04-01,547.6,16957.0,2456.3,9.26,117274.64,952.29,23,4,0.0,0.1805,0.1733,0.5589,,2,True
SHP-102894697,UPS,Shanghai,Valencia,road,On_Schedule,Raw_Materials,GBP,2024-09-27,2024-09-28,28.5,4597.3,242.9,0.79,914553.85,31880.32,18,1,0.0,0.4663,0.3418,0.6272,,3,True
SHP-104180536,HMM,Tanjung_Pelepas,Dubai,sea,On_Schedule,Chemicals,USD,2022-10-23,2022-11-21,713.1,8249.6,2742.8,7.85,11022.58,620.79,18,2,0.0,0.0673,0.3363,0.0973,,4,True
SHP-101587712,MSC,Guangzhou,Piraeus,rail,At_Port,Electronics,SGD,2023-02-17,2023-02-20,89.8,7110.4,545.8,2.27,349499.44,22131.06,10,3,0.0,0.0734,0.129,0.3818,,3,False
SHP-103754249,COSCO,Rotterdam,Bremen,air,On_Schedule,Consumer_Goods,GBP,2022-09-05,2022-09-06,43.7,6632.8,500000.0,2222.49,61368.21,607.7,2,1,0.0,0.1032,0.1721,0.1743,-2.4,4,True
SHP-103659819,Yang_Ming,Jebel_Ali,Antwerp,rail,At_Port,Food_Beverage,GBP,2023-10-04,2023-10-12,211.4,1992.6,3467.0,4.72,17551.46,761.16,13,5,0.0,0.2218,0.5841,0.3911,,3,True
SHP-104328950,MSC,Mumbai,Baltimore,sea,In_Transit,Raw_Materials,CNY,2023-07-02,2023-07-10,194.9,4227.4,226.6,0.46,13192.96,850.91,12,5,0.0,0.4139,0.181,0.1775,,3,True
SHP-100729346,COSCO,Felixstowe,Antwerp,sea,On_Schedule,Chemicals,EUR,2024-10-26,2024-11-15,480.5,6403.9,7935.0,22.66,429798.72,2251.61,2,3,0.0,0.2822,0.2081,0.0574,,3,True
SHP-103368280,ONE,Felixstowe,Los_Angeles,sea,At_Port,Perishables,USD,2022-01-17,2022-02-13,665.1,7219.1,19442.9,38.8,98940.93,3933.63,9,3,0.0,0.4337,0.071,0.1507,,2,True
SHP-104829136,HMM,Busan,Valencia,sea,Delivered,Electronics,USD,2022-09-18,2022-09-29,265.1,7644.2,2892.1,11.25,76605.94,5796.78,20,3,13.1,0.3297,0.0952,0.1465,,1,False
SHP-102473117,Kuehne_Nagel,Singapore,Baltimore,sea,At_Port,Raw_Materials,SGD,2022-04-06,2022-04-20,358.7,18399.6,6463.3,9.53,944.05,73.92,4,3,0.0,0.1529,0.0757,0.0543,,2,True
SHP-102045501,Hapag-Lloyd,Antwerp,Valencia,rail,Customs_Hold,Food_Beverage,CNY,2024-02-27,2024-03-04,163.0,793.5,754.2,1.51,4557460.28,265090.99,24,3,0.0,0.1513,0.1782,0.0988,,3,True
SHP-101848539,UPS,Antwerp,Houston,sea,On_Schedule,Raw_Materials,GBP,2024-02-20,2024-03-20,716.8,19228.1,3584.0,5.24,376.07,17.26,18,2,0.0,0.6164,0.1084,0.6019,,1,True
SHP-103440746,UPS,Tokyo,Los_Angeles,sea,At_Port,Electronics,SGD,2024-08-24,2024-09-09,388.3,13231.3,1764.8,2.64,189812.44,8408.82,20,5,0.0,0.3183,0.2671,0.5717,,4,True
SHP-101580162,HMM,Busan,Barcelona,sea,On_Schedule,Chemicals,GBP,2022-04-29,2022-05-07,207.8,14676.0,5302.7,6.8,28637.21,1236.19,8,3,0.0,0.2231,0.1093,0.3363,,1,True
SHP-102746789,DB_Schenker,Felixstowe,Hamburg,sea,At_Port,Textiles,GBP,2023-12-31,2024-01-12,301.8,5816.2,65882.0,277.59,765736.84,42151.26,20,0,0.0,0.2481,0.0821,0.627,21.5,2,False
SHP-104155271,MSC,Mumbai,Le_Havre,sea,On_Schedule,Perishables,AED,2023-04-02,2023-04-16,339.9,10049.5,5419.4,8.04,335939.03,5765.18,21,4,0.0,0.1642,0.1248,0.0963,7.6,2,False
SHP-100506969,Maersk,Tanjung_Pelepas,Dubai,road,Critical_Delay,Automotive,SGD,2024-02-01,2024-02-02,43.1,3385.4,28481.7,41.57,12837.24,188.89,17,0,16.8,0.1145,0.0719,0.5327,,4,True
SHP-100345418,Yang_Ming,Tokyo,Le_Havre,sea,On_Schedule,Chemicals,CNY,2022-07-01,2022-07-25,585.2,9781.2,5099.1,7.8,54122.01,634.3,21,4,0.0,0.2593,0.1732,0.4834,,3,True
SHP-102850787,Evergreen,Jebel_Ali,Antwerp,rail,In_Transit,Food_Beverage,EUR,2023-10-05,2023-10-14,220.9,7300.8,402.1,0.89,9651.82,730.78,10,4,0.0,0.0727,0.1681,0.1145,22.7,3,True
SHP-100169191,DHL,Antwerp,Hamburg,sea,Delivered,Consumer_Goods,USD,2024-03-20,2024-03-29,239.7,18410.1,551.1,2.56,1137.88,67.01,15,2,17.1,0.4032,0.176,0.0932,,2,False
SHP-104974847,FedEx,Jebel_Ali,Los_Angeles,sea,At_Port,Raw_Materials,EUR,2024-12-11,2024-12-19,206.2,902.7,1638.5,4.53,313856.47,17519.95,18,1,0.0,0.6283,0.3774,0.5671,,2,True
SHP-102266176,Kuehne_Nagel,Singapore,Savannah,sea,In_Transit,Textiles,AED,2022-03-09,2022-03-16,173.0,20404.6,3160.7,6.22,121327.85,5121.34,14,3,0.0,0.1954,0.4293,0.3237,20.0,3,False
SHP-102601217,COSCO,Dubai,Houston,rail,On_Schedule,Electronics,USD,2022-02-13,2022-02-14,36.6,579.0,19848.0,73.61,5038.17,338.33,15,1,0.0,0.2625,0.2254,0.3077,,4,False
SHP-102846877,COSCO,Tokyo,Mumbai,road,In_Transit,Pharmaceuticals,AED,2022-07-01,2022-07-10,216.7,5979.4,857.9,1.2,1525927.39,51026.52,7,1,0.0,0.2625,0.2252,0.3224,,1,False
SHP-101252388,COSCO,Ningbo,Barcelona,road,Critical_Delay,Electronics,USD,2023-09-08,2023-09-12,100.4,971.7,1740.0,3.41,293855.6,22624.99,6,1,28.0,0.1796,0.434,0.4699,,2,True
SHP-104365624,Hapag-Lloyd,Tokyo,Houston,sea,On_Schedule,Electronics,SGD,2022-10-18,2022-10-29,272.9,18486.5,1079.0,1.49,205203.36,9406.6,3,1,0.0,0.1642,0.2054,0.2432,11.1,3,True
SHP-100899673,ZIM,Colombo,Baltimore,air,Customs_Hold,Electronics,SGD,2024-07-15,2024-07-17,66.1,2017.7,63.5,0.08,64213.41,752.9,22,0,0.0,0.1385,0.1187,0.5241,,1,False
SHP-104447024,UPS,Port_Klang,Antwerp,road,On_Schedule,Food_Beverage,USD,2023-10-28,2023-11-05,210.3,4925.1,1504.7,3.74,501738.37,35085.57,20,1,0.0,0.1778,0.2214,0.249,16.0,3,True
SHP-101892591,ZIM,Ningbo,Baltimore,rail,Delayed,Perishables,EUR,2022-06-07,2022-06-08,37.2,7550.6,2446.3,3.28,26794.48,1107.46,19,2,2.7,0.5103,0.131,0.0572,-0.5,3,False
SHP-100903230,Maersk,Busan,Antwerp,sea,In_Transit,Raw_Materials,GBP,2024-12-27,2025-01-25,717.7,16169.0,2241.9,3.52,20050.67,804.26,4,5,0.0,0.069,0.0708,0.5708,,4,True
SHP-102144593,UPS,Busan,Singapore,sea,On_Schedule,Raw_Materials,GBP,2024-10-06,2024-11-01,637.4,15702.1,1323.1,2.08,3889.17,291.71,17,5,0.0,0.4553,0.1592,0.4371,,3,False
SHP-103011072,COSCO,Rotterdam,Singapore,rail,In_Transit,Food_Beverage,AED,2024-03-01,2024-03-08,173.4,2191.8,2456.6,4.28,247.88,4.57,1,5,0.0,0.2655,0.0595,0.5754,-1.8,2,True
SHP-104619126,Hapag-Lloyd,Melbourne,Houston,sea,Customs_Hold,Pharmaceuticals,SGD,2023-08-23,2023-09-06,348.2,7630.3,3882.7,11.51,196884.49,3047.5,17,3,0.0,0.4316,0.0159,0.2416,,2,False
SHP-100179142,COSCO,Hamburg,Singapore,road,On_Schedule,Raw_Materials,GBP,2022-05-09,2022-05-13,115.7,2497.5,6225.1,8.39,315530.36,17757.7,13,2,0.0,0.058,0.11,0.1552,,3,True
SHP-102649779,COSCO,Dubai,New_York,rail,On_Schedule,Consumer_Goods,AED,2023-07-11,2023-07-17,146.0,655.7,4224.2,14.88,19263.82,899.27,12,3,0.0,0.5373,0.5333,0.0038,,3,False
SHP-100599403,MSC,Shanghai,Houston,sea,Customs_Hold,Electronics,GBP,2024-12-01,2024-12-21,490.7,18103.2,5070.4,9.38,296134.85,15717.35,24,2,0.0,0.3012,0.2336,0.2976,,2,False
SHP-102727683,DHL,Melbourne,Piraeus,sea,Delivered,Raw_Materials,SGD,2022-09-24,2022-10-07,317.1,12548.5,7658.8,16.35,46054.32,2167.13,17,3,42.1,0.126,0.139,0.2148,,4,True
SHP-100484788,HMM,Sydney,Bremen,sea,On_Schedule,Raw_Materials,SGD,2024-11-09,2024-11-24,381.0,21417.3,359.8,0.56,2151.09,22.64,21,2,0.0,0.3521,0.2701,0.1154,,1,True
SHP-102367536,DB_Schenker,Mumbai,Felixstowe,rail,In_Transit,Food_Beverage,EUR,2023-01-22,2023-01-30,201.2,6860.5,500000.0,919.27,168856.4,12185.11,24,1,0.0,0.3926,0.3867,0.3914,-13.7,4,False
SHP-102665076,UPS,Mumbai,Le_Havre,sea,On_Schedule,Consumer_Goods,SGD,2023-09-14,2023-10-08,582.7,20749.8,6544.8,25.29,136495.98,8240.43,5,1,0.0,0.4311,0.3829,0.2595,-12.3,2,False
SHP-102251191,Yang_Ming,Felixstowe,Mumbai,sea,In_Transit,Pharmaceuticals,CNY,2024-10-16,2024-10-21,140.4,16651.0,6616.3,18.04,167678.54,3540.13,18,5,0.0,0.1989,0.2641,0.6857,,2,False
SHP-103080376,DB_Schenker,Felixstowe,Los_Angeles,sea,In_Transit,Textiles,EUR,2023-12-14,2023-12-23,236.4,19069.3,13895.7,23.97,38151.81,1781.24,24,4,0.0,0.1892,0.2274,0.6749,11.9,3,True
SHP-103517306,ONE,Mundra,Dubai,sea,On_Schedule,Pharmaceuticals,GBP,2024-04-12,2024-04-17,139.2,11805.1,114.8,0.31,95151.21,2192.67,17,3,0.0,0.2995,0.1785,0.4342,,3,True
SHP-102703941,Yang_Ming,Tanjung_Pelepas,Antwerp,air,On_Schedule,Machinery,CNY,2024-03-01,2024-03-03,70.3,2598.6,195.6,0.61,350856.02,26437.86,10,2,0.0,0.265,0.1974,0.5071,,1,False
SHP-100422175,UPS,Melbourne,Hamburg,sea,In_Transit,Chemicals,AED,2022-12-29,2023-01-24,641.2,18503.7,108568.4,144.81,89386.35,4769.04,11,4,0.0,0.032,0.1352,0.4016,,1,False
SHP-101045723,HMM,Colombo,Baltimore,sea,At_Port,Raw_Materials,EUR,2022-02-19,2022-03-16,622.1,11700.6,219.8,0.33,3888.5,211.87,3,3,0.0,0.1363,0.5126,0.1541,,4,False
SHP-104767355,Yang_Ming,Guangzhou,Valencia,sea,In_Transit,Consumer_Goods,AED,2024-07-05,2024-07-25,503.3,5777.0,1517.5,3.42,5928838.36,54830.15,6,3,0.0,0.233,0.3123,0.5693,-4.4,1,False
SHP-100761250,CMA_CGM,Mumbai,Bremen,sea,On_Schedule,Food_Beverage,GBP,2024-04-25,2024-05-05,260.6,1424.7,44279.2,68.38,18086.93,154.43,13,0,0.0,0.1793,0.2914,0.3784,19.0,2,False
SHP-100071402,MSC,Chennai,Piraeus,air,In_Transit,Raw_Materials,EUR,2023-05-22,2023-05-23,31.7,854.8,787.6,1.28,332614.15,20306.11,20,5,0.0,0.2397,0.0727,0.5392,,2,True
SHP-102361988,COSCO,Felixstowe,Sydney,air,On_Schedule,Consumer_Goods,SGD,2024-07-18,2024-07-20,71.2,2981.0,10021.7,22.27,40497.31,418.92,6,0,0.0,0.1394,0.0863,0.3523,,1,False
SHP-104572510,HMM,Dubai,Rotterdam,sea,On_Schedule,Chemicals,SGD,2024-04-11,2024-04-28,412.3,14991.3,12436.3,38.71,23241.33,1197.89,18,4,0.0,0.2615,0.1299,0.3897,,1,True
SHP-104002018,Evergreen,Guangzhou,Sydney,air,On_Schedule,Machinery,EUR,2024-09-04,2024-09-04,15.7,14483.5,362.7,0.48,77204.4,6017.78,19,1,0.0,0.2808,0.0933,0.2069,,2,True
SHP-104869969,Kuehne_Nagel,Antwerp,Hamburg,sea,On_Schedule,Machinery,CNY,2023-09-04,2023-09-19,381.0,5456.8,955.0,1.94,1228300.3,57484.58,1,5,0.0,0.4835,0.223,0.5348,1.5,4,False
SHP-104491021,ONE,Antwerp,Baltimore,sea,On_Schedule,Perishables,SGD,2023-01-12,2023-01-16,118.4,9765.9,483.7,1.06,7741.64,100.65,16,2,0.0,0.2373,0.1193,0.1642,,4,False
SHP-101190768,ZIM,Port_Klang,Le_Havre,air,Delayed,Consumer_Goods,CNY,2023-05-26,2023-05-28,53.0,7657.1,350.5,0.59,3456.22,126.63,8,2,46.7,0.1184,0.3606,0.0335,,1,True
SHP-104008454,Evergreen,Shanghai,Le_Havre,air,In_Transit,Raw_Materials,USD,2022-05-17,2022-05-18,24.5,3173.8,135.7,0.32,12287.52,61.9,4,5,0.0,0.2124,0.3974,0.4864,,1,True
SHP-101377884,UPS,Ningbo,Antwerp,sea,On_Schedule,Consumer_Goods,CNY,2023-10-20,2023-11-09,482.6,12345.8,1112.6,4.28,415911.98,32698.41,11,1,0.0,0.1893,0.1505,0.2197,,3,True
SHP-101507908,HMM,Sydney,Genoa,air,In_Transit,Chemicals,EUR,2023-08-18,2023-08-20,70.6,12794.9,35744.0,89.51,12621.75,909.89,20,3,0.0,0.2274,0.0876,0.0977,,3,False
SHP-100725363,Kuehne_Nagel,Tokyo,Barcelona,road,In_Transit,Food_Beverage,CNY,2023-08-14,2023-08-22,192.3,2294.6,3116.4,4.49,791991.89,7736.44,7,2,0.0,0.5974,0.3489,0.1489,,3,False
SHP-101129257,Hapag-Lloyd,Busan,Singapore,sea,On_Schedule,Chemicals,CNY,2022-10-15,2022-10-29,352.4,4200.4,5615.0,15.6,378081.4,9633.93,13,0,0.0,0.2725,0.1316,0.2042,,2,True
SHP-103618077,Maersk,Felixstowe,Houston,rail,On_Schedule,Perishables,USD,2024-06-09,2024-06-14,129.5,2964.1,6413.8,9.23,8088.85,83.35,15,3,0.0,0.2369,0.3574,0.3062,-0.2,1,False
SHP-102537899,ONE,Dubai,Genoa,sea,On_Schedule,Pharmaceuticals,SGD,2022-06-20,2022-06-27,175.4,7644.3,1283.2,2.18,108700.46,1238.67,7,3,0.0,0.4443,0.0681,0.1304,,3,True
SHP-104617573,MSC,Singapore,Barcelona,road,On_Schedule,Consumer_Goods,CNY,2024-05-13,2024-05-19,154.6,818.7,631.4,0.85,109657.53,6958.66,7,0,0.0,0.0972,0.1401,0.1021,,4,True
SHP-101318698,DHL,Port_Klang,Le_Havre,sea,Delayed,Electronics,CNY,2022-07-12,2022-08-03,547.0,21887.0,9167.5,24.61,436780.14,29764.33,2,0,5.8,0.4996,0.3347,0.1426,,4,False
SHP-101319391,FedEx,Singapore,Bremen,sea,On_Schedule,Raw_Materials,USD,2022-06-14,2022-07-02,444.6,2249.9,4553.8,14.22,98682.58,4303.08,13,5,0.0,0.1663,0.0529,0.2359,,1,True
SHP-103601983,Hapag-Lloyd,Tokyo,Houston,air,Customs_Hold,Perishables,SGD,2022-08-04,2022-08-06,69.8,12790.1,545.3,1.15,75151.07,414.2,14,4,0.0,0.1656,0.1968,0.4183,,4,True
SHP-100623446,ZIM,Mundra,Savannah,sea,On_Schedule,Perishables,EUR,2024-07-31,2024-08-28,677.2,21397.7,19480.0,81.03,43616.29,579.16,6,1,0.0,0.0601,0.093,0.209,14.1,4,False
SHP-103085352,Maersk,Rotterdam,Genoa,sea,Delivered,Electronics,SGD,2024-03-31,2024-04-10,242.1,17500.0,1372.3,1.8,3610.54,32.93,3,3,1.3,0.2052,0.0389,0.3129,,2,False
SHP-103730178,DB_Schenker,Tokyo,Miami,rail,Delayed,Electronics,EUR,2024-11-27,2024-11-30,85.1,2848.7,255607.0,1167.8,8859.47,622.17,1,1,18.9,0.183,0.0407,0.5261,,2,True
SHP-102607835,Kuehne_Nagel,Melbourne,Barcelona,sea,On_Schedule,Machinery,AED,2023-11-20,2023-12-03,313.7,14606.1,863.2,3.05,1097685.71,69384.92,23,2,0.0,0.3943,0.0753,0.1484,0.2,4,True
SHP-100849974,HMM,Shanghai,Savannah,sea,Delayed,Perishables,EUR,2024-10-14,2024-10-19,129.0,19890.7,29618.6,78.21,1663109.68,65683.2,24,3,17.4,0.11,0.1003,0.2046,-11.3,1,True
SHP-103825845,Evergreen,Port_Klang,Antwerp,sea,At_Port,Chemicals,SGD,2023-07-03,2023-07-17,348.7,11204.1,1068.3,3.46,10794.12,371.48,4,0,0.0,0.2646,0.01,0.0851,,1,True
SHP-102491733,FedEx,Port_Klang,Barcelona,sea,Delayed,Chemicals,GBP,2022-07-07,2022-07-15,203.1,12512.0,5666.8,7.96,17695.71,394.43,12,2,7.8,0.382,0.4216,0.2353,23.7,4,True
SHP-104722918,UPS,Hamburg,Genoa,sea,Customs_Hold,Automotive,EUR,2023-12-14,2023-12-28,347.5,17133.6,420.7,1.04,62252.47,4686.61,10,3,0.0,0.3724,0.0415,0.1432,-8.8,3,False
SHP-104372697,COSCO,Port_Klang,Bremen,road,On_Schedule,Consumer_Goods,USD,2024-03-14,2024-03-20,156.7,7392.5,11890.0,17.69,35618.6,269.45,14,1,0.0,0.1035,0.0533,0.2376,10.9,4,True
SHP-100946615,Hapag-Lloyd,Rotterdam,Sydney,sea,Critical_Delay,Perishables,EUR,2023-12-25,2023-12-30,141.8,18540.9,3618.9,6.02,3818.75,48.42,14,5,18.9,0.3646,0.0678,0.3331,,4,False
SHP-103437020,CMA_CGM,Antwerp,Piraeus,road,On_Schedule,Food_Beverage,USD,2022-01-18,2022-01-20,64.8,3486.8,4814.7,13.26,204642.58,13927.34,8,2,0.0,0.1539,0.1909,0.3619,-19.1,4,False
SHP-101362623,Evergreen,Antwerp,Savannah,sea,In_Transit,Perishables,SGD,2022-01-23,2022-02-09,426.7,10209.3,364.7,0.63,81609.28,6371.97,7,5,0.0,0.3921,0.2038,0.1936,,1,True
SHP-103799272,Hapag-Lloyd,Mumbai,Mumbai,air,In_Transit,Electronics,SGD,2023-11-02,2023-11-04,53.8,3296.5,11147.7,19.2,20786.06,884.13,11,4,0.0,0.1828,0.2803,0.2066,,1,False
SHP-102301044,COSCO,Tokyo,Mumbai,air,Customs_Hold,Perishables,EUR,2022-05-20,2022-05-22,55.8,14112.8,1056.5,2.62,449907.37,26689.3,6,4,0.0,0.2998,0.1547,0.234,,4,True
SHP-101491009,MSC,Singapore,Houston,road,Delayed,Pharmaceuticals,GBP,2024-10-17,2024-10-21,100.8,1711.9,82.8,0.11,851419.48,67383.87,23,5,9.2,0.4907,0.1392,0.5056,,3,False
SHP-103010082,UPS,Melbourne,Savannah,sea,On_Schedule,Food_Beverage,EUR,2024-07-04,2024-07-26,541.2,17425.9,119.2,0.18,121190.18,5133.35,14,3,0.0,0.0966,0.127,0.552,-8.2,4,True
SHP-104449440,COSCO,Mumbai,Valencia,road,Customs_Hold,Raw_Materials,GBP,2023-11-17,2023-11-18,46.3,652.3,7850.4,11.7,206937.01,1602.51,8,0,0.0,0.1683,0.3797,0.5032,,1,True
SHP-100343519,CMA_CGM,Singapore,Houston,sea,Delivered,Automotive,SGD,2024-06-09,2024-06-23,339.4,9415.1,29259.6,40.87,9153.07,78.61,5,2,16.4,0.3496,0.4043,0.1962,,3,True
SHP-100801274,Hapag-Lloyd,Colombo,Dubai,sea,In_Transit,Raw_Materials,AED,2022-01-07,2022-02-04,695.1,19946.0,2957.2,12.26,3711.21,130.92,22,5,0.0,0.2665,0.1121,0.5397,,1,True
SHP-100160139,CMA_CGM,Sydney,Savannah,sea,Critical_Delay,Electronics,USD,2022-10-02,2022-10-08,163.7,15208.9,17461.4,44.28,47158.41,2493.61,17,0,66.6,0.2095,0.3552,0.2253,7.9,4,False
SHP-102926926,ONE,Sydney,Antwerp,sea,On_Schedule,Perishables,GBP,2022-01-02,2022-01-29,660.4,18990.1,5103.8,7.2,29394.89,2300.76,22,4,0.0,0.198,0.1483,0.1395,,1,False
SHP-102695641,UPS,Dubai,Felixstowe,sea,Delayed,Automotive,GBP,2022-06-09,2022-06-25,397.4,12226.5,97.7,0.14,2150.63,61.77,3,3,58.5,0.4475,0.2511,0.2493,-13.8,2,True
SHP-104504663,Yang_Ming,Sydney,Bremen,sea,On_Schedule,Pharmaceuticals,EUR,2023-12-25,2024-01-17,558.7,7487.3,51074.3,193.75,714393.8,12837.78,15,4,0.0,0.0435,0.0277,0.2373,,4,False
SHP-103601596,ZIM,Mumbai,Valencia,air,On_Schedule,Automotive,AED,2022-04-26,2022-04-27,36.4,12905.5,3723.1,7.61,27921.11,971.4,4,5,0.0,0.1407,0.0321,0.0144,29.2,4,True
SHP-104701300,MSC,Tokyo,Felixstowe,sea,Customs_Hold,Raw_Materials,SGD,2023-03-07,2023-03-23,387.5,11512.3,284.0,1.1,542.84,6.99,4,3,0.0,0.1849,0.3506,0.1509,8.2,1,False
SHP-100460044,DHL,Jebel_Ali,Valencia,sea,Critical_Delay,Chemicals,CNY,2022-03-14,2022-04-02,464.3,21244.3,632.0,0.87,9056.81,87.07,20,5,17.9,0.2658,0.0544,0.4507,,4,True
SHP-100016387,Yang_Ming,Dubai,Piraeus,air,In_Transit,Textiles,SGD,2022-07-31,2022-07-31,15.5,9730.3,1196.9,4.38,65427.33,4276.62,17,0,0.0,0.123,0.3905,0.11,,4,False
SHP-104221674,DHL,Chennai,Dubai,rail,On_Schedule,Food_Beverage,USD,2024-11-13,2024-11-20,180.3,2240.9,994.6,1.56,48543.4,1488.37,10,4,0.0,0.2988,0.0317,0.5965,,1,False
SHP-101962641,DB_Schenker,Antwerp,Los_Angeles,air,On_Schedule,Electronics,EUR,2023-08-09,2023-08-11,48.9,13440.5,3708.4,8.55,129840.25,8196.12,15,0,0.0,0.3027,0.0778,0.6255,19.8,4,True
SHP-101445977,UPS,Tanjung_Pelepas,Dubai,air,In_Transit,Food_Beverage,EUR,2023-04-23,2023-04-24,41.6,12429.3,1167.8,3.91,4418.95,260.78,13,3,0.0,0.699,0.0232,0.0099,-11.1,3,True
SHP-104524997,ZIM,Busan,New_York,sea,On_Schedule,Textiles,EUR,2023-06-07,2023-06-19,298.2,7957.3,8608.1,11.66,60011.89,1539.59,18,2,0.0,0.3334,0.069,0.1702,,1,True
SHP-104835001,ONE,Hamburg,Mumbai,sea,In_Transit,Chemicals,EUR,2022-07-08,2022-07-29,519.6,18442.4,500000.0,870.88,133303.47,3415.63,13,5,0.0,0.4169,0.2333,0.509,,1,False
SHP-100282431,ONE,Antwerp,Dubai,sea,Delayed,Food_Beverage,EUR,2024-08-06,2024-09-02,670.5,18355.8,52421.5,134.56,13334.96,480.06,22,2,4.3,0.1451,0.1858,0.5738,,4,False
SHP-101585856,ZIM,Ningbo,Piraeus,air,In_Transit,Automotive,CNY,2022-10-30,2022-10-31,29.1,3410.2,573.0,0.93,716948.25,15796.48,21,3,0.0,0.2051,0.1032,0.2236,,4,False
SHP-101017773,CMA_CGM,Mumbai,Felixstowe,air,In_Transit,Consumer_Goods,SGD,2022-04-18,2022-04-19,34.0,1592.6,11246.2,32.34,6699.42,123.69,7,3,0.0,0.1887,0.3253,0.2844,,2,True
SHP-101153259,FedEx,Tokyo,Le_Havre,road,In_Transit,Textiles,EUR,2022-07-16,2022-07-22,163.6,355.4,1006.2,4.25,196098.88,15179.33,16,0,0.0,0.5391,0.02,0.4268,,4,False
SHP-100819404,DHL,Shanghai,Mumbai,sea,In_Transit,Perishables,GBP,2023-11-20,2023-12-11,519.8,13933.0,15633.8,36.82,178201.74,10303.28,24,4,0.0,0.4942,0.0475,0.3361,,4,True
SHP-103878939,UPS,Mundra,Piraeus,sea,Customs_Hold,Food_Beverage,EUR,2024-10-20,2024-10-26,164.1,11338.5,2093.7,7.56,92416.21,4544.84,15,4,0.0,0.2618,0.3039,0.5001,,3,True
SHP-102095038,Hapag-Lloyd,Tanjung_Pelepas,Barcelona,rail,In_Transit,Perishables,GBP,2022-02-18,2022-02-23,142.5,7319.6,11262.0,55.73,6557.87,418.31,1,1,0.0,0.6822,0.4352,0.196,,3,True
SHP-100075050,Kuehne_Nagel,Tanjung_Pelepas,Rotterdam,sea,Delayed,Electronics,SGD,2022-05-24,2022-06-19,624.9,19110.8,18184.8,79.19,24732.98,432.37,2,1,9.1,0.0364,0.0826,0.4965,,3,True
SHP-102050216,FedEx,Guangzhou,Hamburg,air,Critical_Delay,Electronics,AED,2022-03-07,2022-03-08,45.3,7177.0,1596.9,2.07,10653.83,545.03,15,3,10.1,0.1673,0.3451,0.6462,17.4,1,True
SHP-100937950,Hapag-Lloyd,Chennai,Miami,road,On_Schedule,Textiles,EUR,2024-10-18,2024-10-19,40.8,5572.0,3555.6,5.4,231868.73,12292.87,15,5,0.0,0.2282,0.1432,0.2043,21.4,1,False
SHP-102303796,DHL,Dubai,Barcelona,rail,On_Schedule,Chemicals,EUR,2023-07-14,2023-07-19,122.0,4493.2,174125.7,329.14,9016.07,232.54,16,3,0.0,0.387,0.4586,0.127,,2,True
SHP-100489405,CMA_CGM,Tanjung_Pelepas,Houston,sea,Delivered,Consumer_Goods,CNY,2024-01-09,2024-02-04,633.6,21009.3,39239.8,111.54,18713.21,672.32,19,5,48.6,0.231,0.2594,0.0256,,3,True
SHP-102704860,Kuehne_Nagel,Chennai,Miami,rail,Delayed,Raw_Materials,CNY,2023-11-06,2023-11-07,30.6,7153.0,677.1,2.17,86773.47,1525.64,6,5,138.1,0.15,0.2174,0.244,,1,True
SHP-100199856,Maersk,Rotterdam,Bremen,sea,At_Port,Electronics,USD,2022-03-26,2022-04-16,511.4,4274.1,106716.8,154.2,2390.47,111.96,8,1,0.0,0.1295,0.1495,0.022,,3,False
SHP-101701220,Maersk,Tanjung_Pelepas,Sydney,sea,On_Schedule,Pharmaceuticals,USD,2024-08-15,2024-09-07,564.1,21299.7,9442.2,30.82,2816.52,158.39,24,5,0.0,0.1734,0.069,0.2728,,2,True
SHP-104754680,Kuehne_Nagel,Singapore,Valencia,rail,On_Schedule,Textiles,USD,2023-03-14,2023-03-23,225.0,5206.6,3546.5,8.58,146233.95,6541.54,20,0,0.0,0.7227,0.0291,0.2769,,4,False
SHP-101106555,ONE,Hamburg,Singapore,sea,In_Transit,Electronics,SGD,2024-03-05,2024-03-29,598.0,17166.3,5375.3,10.78,51520.64,2502.83,8,3,0.0,0.6666,0.1884,0.6131,,1,False
SHP-104462577,ZIM,Tokyo,Sydney,sea,On_Schedule,Consumer_Goods,EUR,2023-10-06,2023-10-15,229.4,14320.9,25722.8,41.24,176391.93,8188.84,5,1,0.0,0.2814,0.2712,0.2225,,1,True
SHP-101671029,FedEx,Sydney,Los_Angeles,sea,Delivered,Textiles,AED,2022-01-06,2022-01-25,467.6,4028.5,187927.4,278.7,598069.81,33260.16,11,5,1.5,0.1787,0.2902,0.5533,,2,False
SHP-104629630,FedEx,Tanjung_Pelepas,Savannah,sea,In_Transit,Automotive,CNY,2022-06-07,2022-07-01,594.5,9245.7,1231.5,1.86,9864.12,180.41,10,1,0.0,0.1891,0.2375,0.4395,,1,True
SHP-104181821,ONE,Antwerp,Le_Havre,sea,On_Schedule,Consumer_Goods,EUR,2023-09-12,2023-10-04,541.5,17390.8,12552.6,42.16,108787.95,5682.63,8,5,0.0,0.4061,0.0084,0.6969,,4,True
SHP-102727130,Kuehne_Nagel,Guangzhou,Antwerp,sea,Customs_Hold,Pharmaceuticals,AED,2024-07-14,2024-07-22,199.1,9683.4,1188.0,4.85,409.28,27.1,13,1,0.0,0.0798,0.2282,0.5453,21.0,3,True
SHP-103192194,MSC,Antwerp,Singapore,sea,In_Transit,Pharmaceuticals,AED,2023-08-03,2023-08-27,595.7,13880.4,586.0,0.8,40509.41,368.29,19,5,0.0,0.2173,0.3629,0.5059,,2,True
SHP-103124668,MSC,Dubai,Piraeus,sea,Customs_Hold,Textiles,GBP,2024-05-16,2024-05-29,324.7,4358.6,487.1,1.15,11362.2,315.54,5,0,0.0,0.098,0.0709,0.5887,,4,True
SHP-101286694,ONE,Felixstowe,Le_Havre,sea,Customs_Hold,Automotive,EUR,2023-08-15,2023-09-08,588.8,2068.7,23885.8,89.5,406006.68,22858.13,23,0,0.0,0.6445,0.4221,0.3087,,1,False
SHP-104788344,Yang_Ming,Mumbai,New_York,rail,At_Port,Raw_Materials,EUR,2022-08-12,2022-08-20,213.7,5179.5,6129.2,11.03,2438796.78,17857.38,13,3,0.0,0.2716,0.4357,0.168,,1,False
SHP-100613096,DB_Schenker,Singapore,Houston,rail,Delivered,Electronics,SGD,2023-05-09,2023-05-18,225.1,7170.8,5858.3,28.47,729382.71,21416.48,3,3,8.9,0.2997,0.1976,0.4345,-18.7,4,True
SHP-103470183,Evergreen,Dubai,Felixstowe,sea,In_Transit,Electronics,CNY,2023-11-30,2023-12-06,153.6,4659.0,3594.6,6.32,67453.07,4601.37,5,4,0.0,0.4143,0.219,0.4284,9.1,2,False
SHP-104118352,FedEx,Felixstowe,Houston,air,Delayed,Raw_Materials,AED,2022-08-18,2022-08-20,49.3,11256.8,406.9,0.67,42962.85,365.03,22,2,8.0,0.3886,0.0875,0.142,-9.5,3,False
SHP-104583289,Hapag-Lloyd,Jebel_Ali,Felixstowe,sea,On_Schedule,Pharmaceuticals,GBP,2022-03-16,2022-03-21,135.4,21951.2,20624.2,28.01,2209.09,127.92,8,2,0.0,0.2821,0.3651,0.5138,,1,False
SHP-100737147,Hapag-Lloyd,Singapore,Valencia,sea,On_Schedule,Machinery,USD,2023-11-23,2023-12-03,254.3,11684.8,5747.2,13.25,18255.34,876.02,5,2,0.0,0.4201,0.0198,0.226,,4,True
SHP-101547287,HMM,Shanghai,Savannah,sea,At_Port,Chemicals,SGD,2024-08-06,2024-08-27,511.6,14437.6,1378.3,2.05,49556.76,491.17,19,1,0.0,0.4546,0.3194,0.3943,,3,True
SHP-102571144,Maersk,Rotterdam,Barcelona,sea,On_Schedule,Chemicals,GBP,2024-05-12,2024-06-05,595.8,14049.4,10254.8,17.05,306046.63,21624.34,18,4,0.0,0.4458,0.2025,0.1043,11.4,4,False
SHP-102550390,FedEx,Dubai,Piraeus,air,On_Schedule,Automotive,SGD,2023-06-29,2023-06-30,47.8,2114.4,13620.9,22.57,23941.39,880.53,6,4,0.0,0.257,0.14,0.2438,,1,True
SHP-102543383,FedEx,Sydney,Dubai,rail,Delayed,Machinery,GBP,2023-11-25,2023-11-30,120.3,7180.5,4491.9,5.79,124411.88,1810.21,9,0,41.0,0.2443,0.1464,0.2786,29.0,3,False
SHP-104895565,Yang_Ming,Sydney,Valencia,air,On_Schedule,Electronics,SGD,2023-05-11,2023-05-12,25.4,1432.2,46736.3,104.81,24123.19,400.62,4,5,0.0,0.4426,0.1649,0.3963,,4,True
SHP-100324824,DHL,Tokyo,Savannah,air,Critical_Delay,Machinery,AED,2023-09-10,2023-09-11,32.8,4442.6,87955.8,114.51,25165.67,1871.32,22,4,21.1,0.5785,0.0864,0.2524,,1,True
SHP-100030059,Hapag-Lloyd,Singapore,Bremen,sea,In_Transit,Food_Beverage,SGD,2024-05-10,2024-06-08,713.7,7581.7,68669.8,191.83,156893.1,4026.31,13,5,0.0,0.4094,0.0348,0.3406,-17.6,2,False
SHP-102715161,UPS,Felixstowe,Singapore,rail,Delivered,Food_Beverage,GBP,2024-04-27,2024-05-04,174.1,4776.5,5136.4,7.91,15941.79,1172.59,17,3,58.3,0.2537,0.2062,0.356,,4,False
SHP-100677515,ONE,Chennai,Le_Havre,air,On_Schedule,Textiles,USD,2022-02-27,2022-03-01,68.1,6631.8,440.9,0.7,60187.89,374.48,14,2,0.0,0.3597,0.2008,0.1811,,1,True
SHP-104589925,HMM,Sydney,Baltimore,road,Customs_Hold,Automotive,AED,2022-02-13,2022-02-21,193.9,6253.1,330.1,1.23,1426291.96,48162.55,6,1,0.0,0.0681,0.0243,0.4447,,3,False
SHP-103107792,HMM,Ningbo,Houston,sea,At_Port,Chemicals,CNY,2024-09-06,2024-10-04,682.0,12310.0,12478.1,20.17,236964.3,13146.64,11,1,0.0,0.0572,0.1193,0.4118,,4,True
SHP-101512565,MSC,Shanghai,Antwerp,sea,Critical_Delay,Pharmaceuticals,AED,2023-04-21,2023-05-10,470.7,21766.7,5259.0,8.01,8944.71,472.09,24,3,53.1,0.1762,0.0457,0.3426,,1,False
SHP-104592019,HMM,Busan,Barcelona,sea,On_Schedule,Consumer_Goods,GBP,2022-08-12,2022-09-05,579.2,5360.3,34398.4,72.59,11946.43,680.75,6,4,0.0,0.6112,0.1171,0.1914,,2,False
SHP-102204792,MSC,Singapore,Mumbai,sea,In_Transit,Textiles,AED,2024-10-23,2024-11-01,220.4,20762.4,80622.3,102.21,2357517.38,44612.02,20,0,0.0,0.4475,0.0499,0.3884,,4,False
SHP-100236771,MSC,Shanghai,Sydney,air,On_Schedule,Raw_Materials,SGD,2023-07-23,2023-07-25,55.9,1991.5,18284.9,51.56,66872.03,3341.85,23,2,0.0,0.2894,0.0523,0.4933,,1,False
SHP-100838927,MSC,Ningbo,Miami,sea,On_Schedule,Pharmaceuticals,USD,2022-02-11,2022-02-21,254.3,9977.3,2316.2,4.14,4923.57,227.54,22,0,0.0,0.4431,0.035,0.6683,,1,False
SHP-104073517,Kuehne_Nagel,Hamburg,Le_Havre,sea,Delayed,Consumer_Goods,EUR,2024-12-22,2025-01-18,660.8,2693.7,13250.7,65.19,68385.65,1335.55,16,2,16.6,0.2756,0.4513,0.402,,2,False
SHP-102751655,MSC,Dubai,New_York,sea,Delayed,Electronics,USD,2024-11-22,2024-12-09,427.7,11744.8,8225.0,13.01,12216.91,692.66,19,4,23.6,0.2027,0.3093,0.4985,,3,True
SHP-100142225,ONE,Mundra,Hamburg,air,On_Schedule,Electronics,GBP,2024-06-22,2024-06-23,39.8,14729.3,9574.2,13.6,14352.99,1063.23,2,4,0.0,0.3717,0.0457,0.1064,,3,True
SHP-104299645,UPS,Felixstowe,Sydney,sea,In_Transit,Consumer_Goods,SGD,2023-01-02,2023-01-29,662.1,10229.9,448.3,0.82,18191.36,546.35,4,5,0.0,0.1505,0.3532,0.0682,,3,True
SHP-102460834,Maersk,Mumbai,Felixstowe,sea,At_Port,Food_Beverage,SGD,2024-04-21,2024-05-08,430.7,9417.5,8435.8,30.4,49530.6,2337.6,2,3,0.0,0.1025,0.2001,0.282,,1,True
SHP-104445730,Yang_Ming,Tanjung_Pelepas,Bremen,sea,Delivered,Raw_Materials,SGD,2024-12-30,2025-01-11,309.0,12904.1,819.1,1.14,175225.58,8461.64,14,2,12.5,0.2739,0.4113,0.4854,,4,False
SHP-101957691,FedEx,Hamburg,Valencia,air,In_Transit,Food_Beverage,SGD,2022-04-30,2022-05-02,50.7,7423.4,647.3,0.81,3483680.17,89499.59,14,3,0.0,0.4914,0.0511,0.1312,,3,True
SHP-103762934,DB_Schenker,Singapore,Sydney,sea,On_Schedule,Perishables,AED,2024-08-03,2024-08-25,537.9,9815.5,940.2,1.33,67135.8,2894.91,10,4,0.0,0.2523,0.0163,0.4841,18.0,2,False
SHP-101732014,Maersk,Dubai,Rotterdam,road,In_Transit,Machinery,CNY,2024-05-05,2024-05-14,239.9,1320.2,9011.1,14.62,136003.95,6961.05,2,0,0.0,0.4402,0.2109,0.5262,,3,True
SHP-104562563,Evergreen,Singapore,Genoa,sea,Delayed,Electronics,EUR,2023-01-09,2023-01-21,307.2,18810.4,1569.5,4.77,1965.79,24.96,18,5,48.2,0.171,0.0522,0.4468,,3,False
SHP-102609661,Maersk,Tokyo,Bremen,road,Customs_Hold,Food_Beverage,CNY,2024-10-15,2024-10-20,122.8,4687.3,175.7,0.22,29970.67,1198.94,1,2,0.0,0.2851,0.274,0.635,-19.4,2,False
SHP-100829644,ZIM,Shanghai,Los_Angeles,sea,Delivered,Textiles,SGD,2023-05-15,2023-06-06,541.2,20297.8,2663.0,5.69,46896.64,2395.61,7,4,20.0,0.3352,0.1621,0.4328,,2,False
SHP-103126183,FedEx,Busan,Houston,air,In_Transit,Machinery,GBP,2024-08-03,2024-08-05,69.2,5888.1,21008.9,86.0,156220.57,7887.52,19,2,0.0,0.3103,0.2264,0.3178,,3,True
SHP-100046069,Yang_Ming,Antwerp,Bremen,road,On_Schedule,Food_Beverage,SGD,2023-12-11,2023-12-13,53.1,3812.7,10136.4,37.54,319704.78,1787.71,3,4,0.0,0.6035,0.2399,0.1133,,4,True
SHP-103589689,Hapag-Lloyd,Singapore,Los_Angeles,sea,At_Port,Chemicals,EUR,2022-02-14,2022-02-24,252.5,6900.0,877.7,3.17,815788.58,63473.65,20,0,0.0,0.3525,0.0241,0.2001,0.5,3,False
SHP-101065059,UPS,Busan,Valencia,sea,On_Schedule,Automotive,AED,2023-04-11,2023-04-25,337.2,9828.5,66744.5,227.96,1309004.5,38077.84,19,2,0.0,0.1094,0.2379,0.4591,,3,False
SHP-103322035,DB_Schenker,Busan,Barcelona,rail,Delivered,Textiles,EUR,2022-06-19,2022-06-27,209.7,2278.1,3211.6,4.04,125010.76,6400.97,21,4,33.0,0.3619,0.3581,0.4923,10.9,4,True
SHP-103872721,ZIM,Guangzhou,Houston,sea,On_Schedule,Chemicals,GBP,2023-03-20,2023-04-12,569.2,4978.8,28369.7,109.21,12969.77,239.8,4,2,0.0,0.6329,0.0583,0.0518,,1,False
SHP-101522322,UPS,Mumbai,Barcelona,sea,At_Port,Raw_Materials,USD,2022-01-06,2022-01-27,507.1,2284.7,11118.2,23.56,100.0,7.18,8,0,0.0,0.1496,0.1088,0.6896,,2,True
SHP-102208517,Kuehne_Nagel,Guangzhou,Miami,air,On_Schedule,Perishables,GBP,2022-12-23,2022-12-25,57.2,10365.3,23768.1,51.46,24939.11,852.9,11,1,0.0,0.2324,0.0555,0.404,,4,False
SHP-104606634,Hapag-Lloyd,Melbourne,Barcelona,sea,On_Schedule,Consumer_Goods,AED,2023-07-20,2023-08-11,551.8,21778.1,4556.2,13.85,6059.33,129.0,12,3,0.0,0.2409,0.1077,0.3298,,3,True
SHP-103324148,DB_Schenker,Port_Klang,Antwerp,rail,Delivered,Pharmaceuticals,USD,2023-07-15,2023-07-23,211.0,1694.7,15645.1,34.98,174596.37,9387.05,1,0,61.3,0.2065,0.2369,0.4249,,3,False
SHP-104546703,Evergreen,Mundra,Felixstowe,road,On_Schedule,Electronics,SGD,2023-12-03,2023-12-06,85.1,1306.0,29527.6,41.49,4367157.86,308438.24,13,3,0.0,0.4858,0.0137,0.2272,,3,False
SHP-102199046,Kuehne_Nagel,Ningbo,Los_Angeles,road,In_Transit,Food_Beverage,SGD,2022-02-10,2022-02-12,49.2,7932.9,966.2,3.69,66010.97,3700.05,14,0,0.0,0.0277,0.3772,0.5422,,3,False
SHP-103784512,Maersk,Rotterdam,Le_Havre,sea,On_Schedule,Textiles,GBP,2024-11-05,2024-11-24,467.9,3118.3,1859.2,3.9,2165779.63,18889.27,11,4,0.0,0.259,0.1712,0.4545,,1,True
SHP-104546912,DB_Schenker,Singapore,Houston,sea,On_Schedule,Perishables,SGD,2022-12-16,2023-01-09,584.8,4270.4,703.4,0.95,54065.25,2285.31,9,3,0.0,0.2111,0.2881,0.6722,,2,True
SHP-103346635,FedEx,Busan,Antwerp,sea,In_Transit,Machinery,CNY,2022-03-19,2022-04-03,362.1,19878.5,1024.9,1.53,21708.22,1621.21,1,2,0.0,0.2623,0.3067,0.2025,,3,True
SHP-103406637,ONE,Antwerp,Dubai,road,On_Schedule,Electronics,CNY,2024-12-05,2024-12-11,166.3,3639.2,99629.3,128.01,249723.01,1395.37,22,0,0.0,0.2799,0.1415,0.2036,19.7,1,True
SHP-102967005,HMM,Colombo,Los_Angeles,sea,In_Transit,Perishables,SGD,2023-01-01,2023-01-20,456.3,3475.9,93436.5,387.36,1683328.86,47098.92,18,0,0.0,0.3768,0.0192,0.2192,,2,False
SHP-104785898,ZIM,Port_Klang,Mumbai,sea,Delivered,Raw_Materials,CNY,2023-12-27,2024-01-03,188.5,11850.6,3967.2,10.49,8229.86,247.31,8,3,64.2,0.3084,0.0315,0.3498,,2,True
SHP-102092379,COSCO,Jebel_Ali,Houston,road,In_Transit,Food_Beverage,GBP,2024-09-03,2024-09-04,25.9,1664.1,5918.8,17.81,175709.28,12578.33,21,0,0.0,0.3328,0.2335,0.1147,16.2,2,False
SHP-100523657,Maersk,Dubai,Miami,sea,In_Transit,Chemicals,GBP,2023-03-27,2023-04-14,449.5,20228.6,5232.8,9.33,41752.93,1561.02,10,2,0.0,0.4208,0.0692,0.2203,,2,True
SHP-104122062,Hapag-Lloyd,Tanjung_Pelepas,Baltimore,sea,In_Transit,Pharmaceuticals,CNY,2022-07-20,2022-07-28,214.3,21785.1,685.4,1.83,27063.96,1684.24,23,4,0.0,0.387,0.0779,0.3404,3.2,4,True
SHP-103226705,DHL,Colombo,Genoa,sea,Delayed,Perishables,AED,2023-07-25,2023-08-17,567.8,17076.7,676.3,1.48,600380.34,31841.22,23,3,27.1,0.6308,0.0612,0.6109,,4,True
SHP-102223934,Kuehne_Nagel,Rotterdam,Dubai,sea,On_Schedule,Pharmaceuticals,USD,2023-02-23,2023-03-18,555.8,15461.6,5951.3,11.81,83827.43,2809.52,14,4,0.0,0.3824,0.2755,0.1711,,1,True
SHP-102453864,Maersk,Dubai,Sydney,sea,On_Schedule,Perishables,SGD,2022-11-11,2022-11-21,259.8,1232.2,12867.9,28.91,16688.86,991.01,6,5,0.0,0.2811,0.2191,0.3153,25.1,1,True
SHP-100024507,ONE,Melbourne,Le_Havre,rail,In_Transit,Automotive,EUR,2024-09-21,2024-09-29,203.2,1326.9,21006.7,33.1,26915.93,1570.73,2,1,0.0,0.041,0.0777,0.2467,,1,True
SHP-101888377,ONE,Antwerp,Piraeus,sea,Customs_Hold,Raw_Materials,CNY,2023-10-10,2023-10-25,365.6,11307.9,4320.0,5.66,8497.74,645.05,1,4,0.0,0.2884,0.0588,0.3145,,1,True
SHP-103666127,MSC,Antwerp,Savannah,sea,Customs_Hold,Perishables,SGD,2024-10-22,2024-10-31,222.4,5853.2,732.2,1.78,165500.66,8606.64,6,1,0.0,0.3441,0.3095,0.6181,,1,True
SHP-103115468,MSC,Dubai,Hamburg,sea,Customs_Hold,Raw_Materials,SGD,2024-07-01,2024-07-13,306.8,21514.0,1543.7,2.15,107215.1,1114.31,13,0,0.0,0.1195,0.122,0.3258,,3,False
SHP-100475267,Evergreen,Chennai,Piraeus,air,Delayed,Pharmaceuticals,EUR,2022-11-02,2022-11-03,35.3,8886.3,61528.7,234.18,24642.0,852.71,24,5,18.4,0.0842,0.1631,0.3042,,3,True
SHP-103649953,Evergreen,Tanjung_Pelepas,Los_Angeles,sea,Delayed,Perishables,USD,2022-03-26,2022-04-07,302.1,6393.7,461.4,0.62,957643.88,5410.21,19,1,1.4,0.4184,0.1222,0.4328,,2,False
SHP-101366210,Maersk,Guangzhou,Savannah,rail,On_Schedule,Textiles,SGD,2022-05-19,2022-05-26,173.9,2681.5,38472.0,49.46,29753.51,775.85,10,2,0.0,0.0587,0.1765,0.3183,,4,True
SHP-102522509,DHL,Hamburg,Houston,sea,On_Schedule,Pharmaceuticals,GBP,2023-11-24,2023-12-18,593.3,19523.2,783.5,1.19,52057.17,3717.22,11,4,0.0,0.1968,0.26,0.2206,,4,False
SHP-102337848,Yang_Ming,Rotterdam,Singapore,air,Customs_Hold,Consumer_Goods,EUR,2022-09-25,2022-09-26,27.2,3773.2,8861.9,14.74,15343.91,144.29,15,4,0.0,0.5916,0.4795,0.2227,,2,True
SHP-104507907,Kuehne_Nagel,Melbourne,Baltimore,sea,Delayed,Chemicals,SGD,2024-03-01,2024-03-13,306.0,6771.4,8806.9,13.06,5855.86,308.99,1,3,2.9,0.3806,0.034,0.4534,-5.1,3,True
SHP-103613457,Evergreen,Dubai,Rotterdam,sea,At_Port,Automotive,SGD,2023-11-30,2023-12-13,325.7,10485.8,3990.7,9.38,18675.18,1051.67,23,1,0.0,0.459,0.1289,0.2811,-15.5,3,True
SHP-103742603,ZIM,Melbourne,Houston,rail,Delayed,Electronics,SGD,2023-04-05,2023-04-14,227.4,984.2,745.7,1.0,284202.33,15385.01,7,2,7.1,0.254,0.2199,0.2324,,4,False
SHP-102669000,Hapag-Lloyd,Hamburg,New_York,rail,On_Schedule,Pharmaceuticals,GBP,2023-04-19,2023-04-21,54.3,1839.4,2761.8,3.81,411517.82,29222.06,14,3,0.0,0.2763,0.115,0.4761,,3,True
SHP-101570816,Yang_Ming,Antwerp,Antwerp,sea,On_Schedule,Food_Beverage,CNY,2024-02-15,2024-03-05,458.4,9545.9,8071.8,12.06,1157781.09,90686.37,15,2,0.0,0.4068,0.2195,0.2583,,3,False
SHP-102231512,FedEx,Guangzhou,Sydney,air,In_Transit,Electronics,GBP,2022-05-12,2022-05-12,16.0,8389.9,6846.0,14.63,406849.59,16326.81,22,2,0.0,0.3464,0.0696,0.307,23.4,1,True
SHP-100274334,UPS,Melbourne,Barcelona,sea,Delayed,Food_Beverage,GBP,2024-11-10,2024-12-07,664.7,11624.7,41.6,0.06,65233.58,2202.24,10,0,6.6,0.4518,0.1475,0.0765,,2,True
SHP-103469204,MSC,Chennai,Valencia,sea,Delayed,Textiles,GBP,2022-10-24,2022-11-19,646.8,14928.0,1419.1,1.84,1371127.29,79964.65,23,2,17.0,0.5209,0.052,0.3486,,2,True
SHP-100259687,CMA_CGM,Ningbo,Sydney,sea,On_Schedule,Perishables,EUR,2023-11-03,2023-11-16,313.8,13043.1,123.2,0.25,34332.33,1337.0,19,0,0.0,0.1145,0.1499,0.2266,,2,False
SHP-101953909,DB_Schenker,Guangzhou,Antwerp,sea,On_Schedule,Perishables,SGD,2024-09-30,2024-10-14,357.6,10628.5,5533.3,17.98,216830.25,12129.14,10,1,0.0,0.2567,0.0338,0.3634,,2,True
SHP-101960943,FedEx,Ningbo,New_York,sea,In_Transit,Textiles,SGD,2024-10-19,2024-10-29,251.5,15483.1,2252.7,2.93,383644.73,9591.23,6,0,0.0,0.1993,0.1621,0.2037,,2,True
SHP-103275119,UPS,Shanghai,Antwerp,sea,On_Schedule,Perishables,CNY,2022-07-08,2022-08-02,615.0,10842.5,128.1,0.25,44700.26,837.25,2,2,0.0,0.3588,0.0808,0.1102,,4,False
SHP-102997794,COSCO,Dubai,Rotterdam,rail,Delayed,Raw_Materials,CNY,2023-01-24,2023-01-27,91.5,6424.9,38566.7,56.38,126524.83,1983.7,16,0,42.2,0.0638,0.2957,0.2622,,3,True
SHP-103739097,Yang_Ming,Hamburg,Le_Havre,sea,On_Schedule,Food_Beverage,USD,2024-10-16,2024-11-05,503.5,21439.3,1064.2,4.96,5095073.32,172827.03,3,3,0.0,0.1885,0.2586,0.3694,,4,False
SHP-104094569,DB_Schenker,Shanghai,Felixstowe,air,In_Transit,Automotive,EUR,2024-04-16,2024-04-18,63.3,1309.6,93.6,0.12,23137.73,446.94,19,2,0.0,0.0777,0.1888,0.3601,,4,True
SHP-100796487,COSCO,Shanghai,Miami,sea,On_Schedule,Machinery,SGD,2023-02-24,2023-03-09,331.5,15674.2,6671.9,8.48,11180.5,239.75,9,5,0.0,0.5163,0.1972,0.2178,,3,True
SHP-101886258,CMA_CGM,Chennai,Mumbai,sea,On_Schedule,Textiles,SGD,2024-03-14,2024-04-08,611.1,21909.7,1035.9,1.88,2999.18,141.25,1,3,0.0,0.2848,0.1908,0.1619,,4,True
SHP-104895344,ONE,Tokyo,Los_Angeles,rail,On_Schedule,Consumer_Goods,EUR,2024-02-29,2024-03-01,34.3,2519.2,194.6,0.32,52351.96,3644.24,1,3,0.0,0.2158,0.1421,0.2141,26.6,3,True
SHP-100554397,CMA_CGM,Antwerp,Bremen,sea,Delayed,Consumer_Goods,GBP,2024-12-29,2025-01-22,592.7,12325.9,77329.3,118.46,52483.01,3291.63,1,1,44.1,0.0452,0.1402,0.4032,,1,True
SHP-104214738,CMA_CGM,Chennai,Bremen,sea,Customs_Hold,Machinery,EUR,2024-08-26,2024-08-31,135.6,11219.4,16417.8,41.4,626627.01,4612.71,11,3,0.0,0.1895,0.1489,0.4964,7.5,2,True
SHP-100345780,Evergreen,Felixstowe,Hamburg,road,Customs_Hold,Raw_Materials,GBP,2024-07-13,2024-07-21,208.8,1293.6,5036.7,17.06,4651.8,37.03,10,5,0.0,0.5134,0.3135,0.3318,,3,True
SHP-100844305,Evergreen,Antwerp,Savannah,sea,Delayed,Textiles,AED,2024-06-03,2024-06-28,613.5,10726.2,7894.4,24.44,61327.74,3683.49,21,3,37.3,0.1654,0.244,0.1556,11.7,3,True
SHP-103363566,DB_Schenker,Melbourne,New_York,air,On_Schedule,Machinery,CNY,2024-03-08,2024-03-10,71.4,4029.4,341.4,0.74,4439.3,63.55,20,5,0.0,0.3113,0.1126,0.4801,,2,False
SHP-104481600,Hapag-Lloyd,Jebel_Ali,New_York,rail,Critical_Delay,Perishables,GBP,2024-05-18,2024-05-24,154.3,5228.2,5543.5,10.46,50183.06,2909.43,22,1,24.2,0.2415,0.2224,0.5717,,1,False
SHP-103239915,CMA_CGM,Mumbai,Antwerp,rail,Delivered,Food_Beverage,USD,2022-02-19,2022-02-24,131.3,7765.3,10160.4,13.71,5305.2,353.6,24,4,16.5,0.2207,0.5223,0.8499,,2,False
SHP-103894317,HMM,Melbourne,Baltimore,sea,Customs_Hold,Textiles,CNY,2024-09-10,2024-09-14,103.6,987.0,1069.7,2.66,35503.92,2617.32,7,5,0.0,0.1517,0.1574,0.4904,-3.0,4,True
SHP-103178281,HMM,Guangzhou,Sydney,sea,In_Transit,Raw_Materials,SGD,2024-10-14,2024-11-04,512.7,16414.4,25964.2,53.82,68580.13,3617.27,13,3,0.0,0.042,0.0383,0.2438,,1,True
SHP-103041708,UPS,Tanjung_Pelepas,Genoa,rail,In_Transit,Food_Beverage,EUR,2024-08-09,2024-08-10,36.3,1584.1,392.7,1.65,30004.61,2010.61,16,1,0.0,0.1951,0.2433,0.4569,,2,True
SHP-101515245,DB_Schenker,Guangzhou,Mumbai,road,On_Schedule,Perishables,AED,2023-09-19,2023-09-23,107.4,1996.6,7310.5,9.59,526466.73,18401.67,18,2,0.0,0.2467,0.0291,0.2792,,2,True
SHP-101357445,Hapag-Lloyd,Mumbai,Baltimore,air,On_Schedule,Electronics,CNY,2024-04-28,2024-04-30,66.4,14377.7,1196.7,5.17,7832.06,442.71,9,2,0.0,0.3879,0.3555,0.3926,14.8,4,True
SHP-102455588,ONE,Sydney,Miami,air,At_Port,Automotive,USD,2024-08-01,2024-08-03,55.2,10210.1,2342.1,8.84,159847.64,10849.9,20,2,0.0,0.3053,0.0558,0.2807,25.3,4,True
SHP-103733650,UPS,Rotterdam,Savannah,sea,Customs_Hold,Chemicals,USD,2024-11-30,2024-12-10,250.9,8942.0,294.8,0.42,20107.03,315.07,1,3,0.0,0.3479,0.2025,0.436,,2,True
SHP-104361965,Maersk,Hamburg,Rotterdam,rail,In_Transit,Consumer_Goods,USD,2024-10-13,2024-10-16,74.3,353.2,2839.2,9.2,80125.44,4803.6,11,1,0.0,0.2193,0.0258,0.3509,,3,True
SHP-100289233,MSC,Guangzhou,Valencia,sea,Delayed,Perishables,CNY,2022-10-08,2022-10-19,273.6,11576.0,415.5,0.69,19817.85,1175.23,3,2,14.8,0.1169,0.0835,0.164,,3,False
SHP-101953601,DHL,Guangzhou,New_York,sea,In_Transit,Textiles,CNY,2022-09-19,2022-10-07,432.2,18189.5,321.9,0.6,58384.56,3324.83,12,4,0.0,0.0909,0.2897,0.1984,,3,True
SHP-103827247,Hapag-Lloyd,Shanghai,Rotterdam,sea,In_Transit,Electronics,EUR,2022-05-16,2022-06-09,581.2,1648.9,49093.0,89.24,482100.23,35111.27,22,4,0.0,0.6408,0.0882,0.2254,,2,True
SHP-103732817,Yang_Ming,Mumbai,Valencia,sea,On_Schedule,Electronics,AED,2024-06-11,2024-06-19,206.8,21243.3,22530.8,57.74,94808.23,4477.06,24,2,0.0,0.0962,0.2319,0.3596,16.8,4,False
SHP-102243769,Evergreen,Melbourne,Baltimore,road,In_Transit,Textiles,GBP,2022-02-14,2022-02-15,25.0,4368.8,13042.1,42.19,4740626.44,362478.05,23,4,0.0,0.2673,0.1974,0.1505,,4,False
SHP-103741149,Evergreen,Busan,Piraeus,air,In_Transit,Electronics,CNY,2022-05-28,2022-05-30,71.0,9922.7,5484.6,8.46,10960.9,241.41,6,5,0.0,0.1589,0.0243,0.4094,,1,True
SHP-104372494,ONE,Sydney,Bremen,air,At_Port,Perishables,USD,2023-05-25,2023-05-26,27.8,1849.7,1668.5,2.37,3994201.22,93775.35,1,1,0.0,0.3808,0.0168,0.0895,,1,True
SHP-102530390,Yang_Ming,Sydney,Dubai,sea,On_Schedule,Consumer_Goods,EUR,2024-10-19,2024-11-14,640.0,18984.9,490.1,1.36,15143.05,158.77,12,3,0.0,0.3187,0.2172,0.0491,,3,True
SHP-104138106,COSCO,Rotterdam,Antwerp,sea,Delivered,Chemicals,AED,2022-03-03,2022-03-17,346.1,15418.5,355.3,1.76,241340.19,5916.19,20,0,2.9,0.6182,0.1675,0.0799,,2,False
SHP-103643448,DB_Schenker,Colombo,Felixstowe,sea,At_Port,Pharmaceuticals,SGD,2023-06-02,2023-06-14,297.2,18687.3,4937.9,10.83,3128.79,127.81,15,1,0.0,0.2828,0.1812,0.4511,,4,False
SHP-104280782,Kuehne_Nagel,Felixstowe,Sydney,sea,On_Schedule,Chemicals,CNY,2024-09-03,2024-09-13,254.1,7942.5,682.1,0.97,11225.95,343.66,23,2,0.0,0.3096,0.0594,0.2841,,3,False
SHP-104132495,Evergreen,Antwerp,Sydney,rail,Critical_Delay,Electronics,CNY,2024-05-14,2024-05-21,181.8,4992.6,1567.3,2.77,36232.98,1100.67,16,4,4.8,0.3678,0.3847,0.1031,,1,True
SHP-100471474,HMM,Colombo,Antwerp,sea,On_Schedule,Perishables,CNY,2024-10-31,2024-11-07,182.4,4555.6,1380.1,1.96,145904.79,3949.72,20,0,0.0,0.0707,0.1222,0.1745,,1,False
SHP-103395082,Yang_Ming,Hamburg,Los_Angeles,sea,Delayed,Raw_Materials,GBP,2023-12-31,2024-01-07,168.9,6531.3,592.6,0.81,42561.39,2798.48,7,5,14.7,0.4023,0.0927,0.2758,6.6,2,False
SHP-100487390,Maersk,Colombo,Genoa,sea,In_Transit,Electronics,CNY,2022-01-03,2022-02-01,711.5,15220.0,21926.8,34.7,13678.19,487.91,12,2,0.0,0.1214,0.1045,0.5132,,4,False
SHP-100705796,Evergreen,Ningbo,Houston,sea,At_Port,Perishables,USD,2022-02-03,2022-02-21,450.6,19336.8,2304.3,2.98,82925.17,3856.63,7,3,0.0,0.5739,0.1609,0.3081,,1,False
SHP-103853524,CMA_CGM,Antwerp,Hamburg,air,In_Transit,Machinery,EUR,2023-01-02,2023-01-03,25.8,10582.2,7022.6,9.06,124090.68,2052.42,18,2,0.0,0.4238,0.0561,0.2433,,2,True
SHP-102392678,CMA_CGM,Sydney,Barcelona,air,At_Port,Food_Beverage,GBP,2022-11-22,2022-11-24,62.7,13112.2,1826.7,3.04,1828.49,56.11,15,4,0.0,0.5909,0.0694,0.3064,,1,False
SHP-101145769,DB_Schenker,Shanghai,Singapore,sea,Delayed,Automotive,SGD,2024-09-01,2024-09-14,313.6,15169.3,776.2,1.63,7164.96,389.83,19,2,6.8,0.1434,0.3572,0.1451,,2,False
SHP-102831481,ONE,Ningbo,Bremen,sea,Delivered,Food_Beverage,EUR,2023-09-14,2023-09-23,232.7,10681.4,19338.9,50.62,14796.21,527.63,20,3,0.2,0.2189,0.0627,0.363,,4,False
SHP-101899879,DHL,Rotterdam,Mumbai,sea,On_Schedule,Machinery,GBP,2024-05-05,2024-05-22,422.0,7030.8,16497.5,39.39,54309.62,2864.01,20,4,0.0,0.5323,0.1045,0.2811,,1,False
SHP-102714020,COSCO,Singapore,Dubai,sea,On_Schedule,Food_Beverage,GBP,2022-10-27,2022-11-11,364.5,8020.7,2813.3,6.05,191108.98,13805.16,4,0,0.0,0.1663,0.3774,0.4494,,2,False
SHP-103392476,Maersk,Tokyo,Bremen,sea,Customs_Hold,Electronics,AED,2024-10-07,2024-10-24,412.2,19300.5,6089.4,14.12,15342.77,860.31,16,0,0.0,0.0811,0.8262,0.7148,,4,False
SHP-104678671,DHL,Felixstowe,Genoa,air,Customs_Hold,Perishables,CNY,2024-09-17,2024-09-17,22.7,12533.2,7663.2,15.72,14212.78,267.33,20,2,0.0,0.4172,0.416,0.3911,,1,True
SHP-101340285,DB_Schenker,Tanjung_Pelepas,Mumbai,sea,Delivered,Chemicals,EUR,2023-11-19,2023-12-12,554.0,6352.3,10247.5,21.31,35532.45,1084.52,17,4,17.5,0.1151,0.3704,0.0255,,3,False
SHP-100662136,CMA_CGM,Jebel_Ali,Singapore,rail,In_Transit,Textiles,EUR,2023-03-26,2023-03-30,110.0,1122.5,23058.7,86.43,227828.13,5560.5,7,4,0.0,0.558,0.2797,0.2019,,2,False
SHP-104712466,FedEx,Tokyo,Singapore,sea,On_Schedule,Food_Beverage,USD,2022-11-19,2022-12-14,603.1,3572.1,2744.9,8.88,1551797.16,91328.82,5,4,0.0,0.2628,0.1692,0.3293,,4,True
SHP-102935437,COSCO,Shanghai,Bremen,sea,Customs_Hold,Food_Beverage,AED,2022-09-25,2022-10-20,610.8,20001.2,25940.2,42.4,157127.05,8665.39,13,0,0.0,0.22,0.1271,0.1967,,2,True
SHP-100946002,FedEx,Felixstowe,Sydney,sea,In_Transit,Chemicals,SGD,2022-08-23,2022-09-07,363.2,2578.9,1563.7,2.69,33431.96,731.19,5,3,0.0,0.285,0.209,0.4346,-1.6,2,False
SHP-104662355,CMA_CGM,Tanjung_Pelepas,Felixstowe,sea,Delivered,Food_Beverage,SGD,2023-03-19,2023-04-13,617.1,18299.3,818.5,1.14,183326.42,10695.02,17,2,7.9,0.1346,0.2192,0.5581,,1,True
SHP-103411213,HMM,Shanghai,Barcelona,air,Delayed,Food_Beverage,AED,2024-05-22,2024-05-24,56.1,9718.2,13234.0,25.01,506501.46,21134.25,5,0,2.8,0.0593,0.0675,0.0314,,1,False
SHP-103274884,Yang_Ming,Antwerp,Houston,sea,In_Transit,Raw_Materials,SGD,2022-02-07,2022-02-21,358.7,8451.9,14060.4,59.62,9447.29,321.07,20,1,0.0,0.2192,0.2245,0.3499,,1,True
SHP-103932487,DHL,Guangzhou,Hamburg,sea,Delivered,Pharmaceuticals,EUR,2024-01-07,2024-01-14,185.7,18743.1,950.3,1.22,4474.62,340.44,24,2,10.5,0.0687,0.0372,0.4188,,2,False
SHP-102767301,MSC,Sydney,Los_Angeles,sea,In_Transit,Perishables,AED,2022-12-20,2022-12-25,129.0,20738.6,1227.1,4.41,740756.71,26760.97,8,2,0.0,0.1799,0.0736,0.1642,4.0,1,True
SHP-101328969,Kuehne_Nagel,Hamburg,Genoa,sea,At_Port,Food_Beverage,GBP,2022-02-12,2022-02-22,252.1,2428.0,35816.6,58.45,127242.62,1481.8,13,0,0.0,0.3325,0.1364,0.1081,,4,True
SHP-101347969,Hapag-Lloyd,Singapore,Genoa,sea,Customs_Hold,Electronics,USD,2024-08-03,2024-08-12,237.9,11217.8,3.6,0.01,3847.81,220.25,10,2,0.0,0.4255,0.1677,0.4698,9.2,2,True
SHP-103062121,HMM,Melbourne,Los_Angeles,rail,In_Transit,Textiles,AED,2023-06-26,2023-07-04,192.7,1786.6,454.5,1.03,1391325.48,96406.54,16,0,0.0,0.4062,0.1691,0.3335,,3,True
SHP-100363093,DB_Schenker,Ningbo,Singapore,sea,Delayed,Chemicals,USD,2022-01-02,2022-01-24,548.5,17907.2,500000.0,2105.34,194062.85,14968.83,20,0,5.6,0.3322,0.2258,0.7223,,3,True
SHP-104453516,DB_Schenker,Jebel_Ali,Mumbai,air,On_Schedule,Automotive,GBP,2022-02-03,2022-02-04,39.6,12303.8,87.0,0.13,17551.7,1391.79,7,3,0.0,0.6445,0.3147,0.1122,-15.9,3,True
SHP-102599797,Kuehne_Nagel,Mumbai,Dubai,air,Customs_Hold,Textiles,SGD,2023-11-09,2023-11-09,18.5,5478.6,1325.7,1.98,8937.92,357.96,18,5,0.0,0.1829,0.3786,0.4909,,2,True
SHP-103661607,COSCO,Antwerp,Mumbai,air,In_Transit,Automotive,SGD,2024-04-03,2024-04-04,34.0,2788.7,279122.5,1104.05,634125.18,9449.29,21,4,0.0,0.4846,0.5319,0.5529,,2,True
SHP-100040008,ZIM,Dubai,Los_Angeles,sea,At_Port,Perishables,SGD,2023-06-20,2023-07-05,376.4,17006.2,4286.1,9.41,92271.44,1711.93,4,3,0.0,0.2579,0.1262,0.3426,,4,False
SHP-101062555,Kuehne_Nagel,Shanghai,Valencia,rail,On_Schedule,Textiles,AED,2022-09-20,2022-09-21,37.9,2924.7,971.6,1.98,944887.85,29951.09,11,4,0.0,0.0382,0.2356,0.1281,12.6,4,False
SHP-101574947,HMM,Mundra,Sydney,sea,Delayed,Pharmaceuticals,EUR,2023-11-02,2023-11-20,445.6,17016.4,27967.8,80.49,3061597.17,196448.97,7,3,31.5,0.2538,0.4259,0.4494,,4,False
SHP-100793176,ZIM,Tokyo,Felixstowe,rail,In_Transit,Consumer_Goods,SGD,2023-01-19,2023-01-26,173.0,7754.1,914.1,1.39,43403.55,2555.32,12,3,0.0,0.5121,0.2214,0.3244,20.5,3,True
SHP-100171698,Maersk,Mumbai,Rotterdam,air,On_Schedule,Automotive,GBP,2024-04-18,2024-04-19,43.3,4356.4,31766.3,50.16,11264.78,589.14,10,3,0.0,0.3342,0.4731,0.1118,,3,False
SHP-101006835,COSCO,Colombo,Barcelona,air,In_Transit,Chemicals,SGD,2022-02-01,2022-02-03,68.8,13787.9,286.8,0.68,1025317.33,14343.49,18,3,0.0,0.0605,0.6292,0.1601,,3,False
SHP-101155404,ONE,Colombo,Miami,air,At_Port,Automotive,GBP,2024-11-03,2024-11-05,64.8,12541.9,1924.9,2.45,7715.95,93.72,11,5,0.0,0.2536,0.4681,0.637,,2,True
SHP-104749976,Kuehne_Nagel,Sydney,Houston,road,Customs_Hold,Pharmaceuticals,GBP,2023-09-13,2023-09-19,155.0,3112.8,4784.9,6.33,669851.33,13229.46,24,0,0.0,0.4797,0.2061,0.2139,17.4,3,True
SHP-100033855,UPS,Melbourne,Antwerp,air,In_Transit,Pharmaceuticals,USD,2024-04-08,2024-04-09,37.8,11409.0,32892.8,103.82,6755.08,194.68,23,1,0.0,0.323,0.0447,0.3899,,4,True
SHP-103667369,Hapag-Lloyd,Tanjung_Pelepas,Bremen,air,Delivered,Chemicals,SGD,2023-09-23,2023-09-23,22.3,5920.4,1319.6,5.61,56278.71,2453.06,12,3,59.8,0.3593,0.4433,0.1903,,1,False
SHP-100620757,COSCO,Guangzhou,Valencia,air,On_Schedule,Machinery,GBP,2023-05-27,2023-05-28,25.0,3537.0,73386.1,102.57,15832.54,411.06,17,1,0.0,0.435,0.0789,0.3279,,2,True
SHP-100372065,UPS,Busan,Savannah,rail,In_Transit,Automotive,GBP,2023-05-19,2023-05-27,207.8,3845.3,267.2,0.57,46941.39,2077.38,18,2,0.0,0.1236,0.5495,0.6666,12.9,3,False
SHP-103560100,CMA_CGM,Shanghai,New_York,sea,On_Schedule,Electronics,SGD,2022-04-28,2022-05-22,578.4,13755.4,587.1,0.77,1359.89,91.28,6,3,0.0,0.1801,0.1234,0.2007,,3,True
SHP-104532938,UPS,Ningbo,Valencia,air,On_Schedule,Textiles,EUR,2023-07-02,2023-07-03,31.6,11310.3,3242.0,4.65,9929.29,353.36,18,4,0.0,0.3488,0.0362,0.2046,,1,False
SHP-100648638,Maersk,Guangzhou,Houston,air,On_Schedule,Food_Beverage,EUR,2023-10-09,2023-10-10,43.0,7038.9,4675.6,6.27,11511.23,850.76,22,0,0.0,0.1674,0.021,0.1458,,3,True
SHP-103501117,UPS,Mundra,Rotterdam,sea,In_Transit,Consumer_Goods,EUR,2024-07-08,2024-08-05,690.9,1276.5,5128.9,7.58,40563.72,3094.59,20,2,0.0,0.624,0.1906,0.3046,-14.1,1,True
SHP-104666335,Evergreen,Melbourne,Miami,air,On_Schedule,Consumer_Goods,CNY,2024-01-30,2024-02-01,66.8,11560.9,412.9,2.03,665349.15,25690.4,20,2,0.0,0.215,0.3908,0.41,-12.8,3,True
SHP-100529945,Hapag-Lloyd,Hamburg,Le_Havre,sea,In_Transit,Chemicals,AED,2022-02-16,2022-03-17,711.3,11894.6,11578.5,27.52,6432.79,272.41,17,2,0.0,0.343,0.065,0.131,,2,True
SHP-100461032,ONE,Colombo,Felixstowe,air,On_Schedule,Chemicals,EUR,2023-12-17,2023-12-18,35.0,1377.4,30396.0,61.39,498348.31,8959.46,23,3,0.0,0.4444,0.2057,0.3594,,2,True
SHP-100533364,Evergreen,Felixstowe,Mumbai,air,Delayed,Electronics,GBP,2023-12-24,2023-12-24,22.4,14512.8,4617.2,8.73,70022.8,1960.78,12,5,52.6,0.0904,0.238,0.2135,25.3,2,True
SHP-101871790,Yang_Ming,Guangzhou,Genoa,sea,Delayed,Textiles,AED,2023-08-22,2023-09-13,529.1,21151.9,339.4,1.59,336290.61,11594.53,21,2,13.8,0.2152,0.1775,0.1737,,2,True
SHP-100939120,FedEx,Sydney,Antwerp,sea,Critical_Delay,Consumer_Goods,CNY,2024-11-05,2024-12-04,706.1,18227.8,1441.3,2.82,16713.42,1137.49,6,1,8.6,0.1783,0.277,0.6888,,4,True
SHP-102255472,UPS,Ningbo,Bremen,road,On_Schedule,Consumer_Goods,USD,2024-01-19,2024-01-24,140.7,5855.2,176.6,0.25,2557.75,159.07,24,3,0.0,0.2903,0.0465,0.0972,,2,True
SHP-101561819,COSCO,Dubai,Barcelona,road,At_Port,Automotive,CNY,2024-08-17,2024-08-20,72.3,6694.4,1711.4,3.28,14665.84,390.75,13,4,0.0,0.1416,0.0846,0.4516,,1,False
SHP-100050560,ONE,Ningbo,Genoa,sea,At_Port,Consumer_Goods,CNY,2024-02-19,2024-03-04,359.6,1384.3,1046.9,2.1,37170.06,2579.69,5,2,0.0,0.2134,0.1914,0.1687,,1,False
SHP-102865749,MSC,Antwerp,Singapore,air,On_Schedule,Perishables,GBP,2023-01-04,2023-01-06,63.5,10089.9,633.2,1.72,174017.67,2140.99,5,4,0.0,0.3147,0.2389,0.2786,,3,False
SHP-102890849,FedEx,Busan,Los_Angeles,sea,On_Schedule,Raw_Materials,AED,2024-10-02,2024-10-09,185.4,4710.6,1236.6,5.17,57174.81,628.68,17,1,0.0,0.374,0.2068,0.3967,8.3,3,True
SHP-102162408,FedEx,Rotterdam,Barcelona,sea,Delayed,Food_Beverage,CNY,2023-03-20,2023-04-05,392.3,7241.1,4907.8,10.43,15020.58,509.45,14,3,53.9,0.235,0.2611,0.3253,,2,False
SHP-101623587,Evergreen,Dubai,Le_Havre,air,Delayed,Consumer_Goods,EUR,2022-08-30,2022-09-01,59.1,1404.0,9414.5,36.06,50462.62,3608.92,18,0,9.8,0.3233,0.2289,0.3612,,2,False
SHP-102419204,DB_Schenker,Tanjung_Pelepas,Bremen,air,Delivered,Machinery,GBP,2024-07-25,2024-07-26,34.3,7891.0,1214.3,2.0,152882.05,5458.55,23,5,1.4,0.1488,0.3236,0.3848,,4,False
SHP-101465257,CMA_CGM,Melbourne,Barcelona,sea,Critical_Delay,Raw_Materials,USD,2024-08-20,2024-09-09,501.3,17138.1,202.8,0.89,14650.54,766.3,8,4,6.2,0.1754,0.4166,0.1876,,4,False
SHP-100809082,CMA_CGM,Port_Klang,Antwerp,rail,Delivered,Electronics,AED,2024-10-12,2024-10-15,90.4,1621.9,9058.5,12.67,14593.8,799.23,13,5,3.7,0.3979,0.3186,0.0965,28.7,2,True
SHP-102318123,UPS,Antwerp,Rotterdam,sea,On_Schedule,Pharmaceuticals,GBP,2023-11-27,2023-12-20,573.9,9852.4,6630.2,12.6,10774.02,726.13,14,5,0.0,0.2874,0.0633,0.3088,,2,True
SHP-104535571,Hapag-Lloyd,Ningbo,Sydney,air,Delayed,Textiles,CNY,2023-10-05,2023-10-07,50.1,10075.4,17945.2,24.47,4075.66,252.3,7,4,11.2,0.224,0.1126,0.1735,,3,True
SHP-101440377,Maersk,Busan,Miami,sea,Customs_Hold,Automotive,SGD,2022-06-08,2022-06-15,183.4,12236.3,448.9,0.79,21218.29,314.72,17,3,0.0,0.4409,0.1715,0.1841,-13.8,4,True
SHP-101680924,Evergreen,Felixstowe,Felixstowe,road,On_Schedule,Automotive,SGD,2024-09-03,2024-09-04,27.5,2837.7,1396.4,1.91,1007030.16,47523.21,4,4,0.0,0.3682,0.1056,0.5736,,1,False
SHP-102346882,Hapag-Lloyd,Shanghai,Antwerp,sea,At_Port,Raw_Materials,SGD,2024-12-25,2024-12-31,164.7,10241.5,1489.9,3.14,43646.55,1441.64,1,0,0.0,0.1914,0.2122,0.1254,,3,False
SHP-103278889,FedEx,Tokyo,Savannah,sea,On_Schedule,Automotive,USD,2023-02-10,2023-03-04,542.9,10022.0,500000.0,771.33,334911.84,4200.18,1,0,0.0,0.1476,0.3331,0.4351,,1,False
SHP-102399699,Evergreen,Hamburg,Antwerp,rail,On_Schedule,Raw_Materials,EUR,2022-11-26,2022-12-01,139.8,3367.9,11302.5,45.84,69624.26,1697.91,5,0,0.0,0.427,0.3232,0.1511,,3,False
SHP-103094001,ZIM,Chennai,Rotterdam,sea,Customs_Hold,Automotive,USD,2023-11-10,2023-12-08,683.4,8848.2,88.1,0.36,265038.72,13773.12,21,0,0.0,0.4804,0.1429,0.4183,,1,False
SHP-102138044,HMM,Port_Klang,Houston,sea,In_Transit,Raw_Materials,AED,2022-01-28,2022-02-18,520.0,18300.8,105.8,0.17,116937.17,4790.73,12,5,0.0,0.2629,0.2538,0.6505,,4,False
SHP-100289632,DB_Schenker,Dubai,Singapore,air,On_Schedule,Chemicals,CNY,2023-03-20,2023-03-21,42.0,13662.6,8031.5,12.97,52378.31,3281.48,17,5,0.0,0.4256,0.1565,0.4247,,1,True
SHP-102317650,Yang_Ming,Busan,Felixstowe,sea,Customs_Hold,Food_Beverage,CNY,2022-07-18,2022-08-14,662.1,2060.5,47974.0,128.73,45444.56,3619.9,12,4,0.0,0.5881,0.0868,0.302,,1,False
SHP-104945770,MSC,Mumbai,Houston,sea,In_Transit,Chemicals,EUR,2023-03-17,2023-04-14,694.3,14845.5,322.3,1.14,16992.52,676.77,5,1,0.0,0.2498,0.2573,0.1164,-9.9,2,True
SHP-102124494,DHL,Singapore,Le_Havre,sea,In_Transit,Chemicals,GBP,2022-11-14,2022-11-30,407.5,11473.9,79.9,0.11,562383.06,27524.14,11,5,0.0,0.3553,0.1518,0.4905,,1,True
SHP-102670929,CMA_CGM,Chennai,Los_Angeles,road,On_Schedule,Automotive,GBP,2023-02-17,2023-02-24,191.6,6984.5,1205.4,3.49,2994329.65,120126.23,5,4,0.0,0.3368,0.3321,0.1871,-4.9,4,True
SHP-104547168,HMM,Ningbo,Genoa,sea,At_Port,Consumer_Goods,USD,2023-03-05,2023-03-20,366.3,6544.0,2307.9,7.86,165805.47,7920.87,11,1,0.0,0.3817,0.1536,0.3613,,1,True
SHP-101031725,UPS,Mumbai,Dubai,road,On_Schedule,Electronics,GBP,2023-09-16,2023-09-18,55.2,2251.4,292.0,0.45,26578.07,187.55,17,2,0.0,0.3327,0.4798,0.4546,,1,True
SHP-102429589,HMM,Sydney,Barcelona,sea,Delayed,Food_Beverage,AED,2024-04-03,2024-05-01,674.1,2184.3,2318.4,7.2,108016.66,6236.48,20,3,44.7,0.5122,0.2519,0.244,,4,True
SHP-102412687,MSC,Chennai,Antwerp,sea,On_Schedule,Consumer_Goods,USD,2024-07-01,2024-07-22,511.4,1114.1,2790.9,3.53,91527.6,5024.23,5,3,0.0,0.1932,0.1422,0.3332,25.6,4,True
SHP-104044050,Kuehne_Nagel,Mundra,Los_Angeles,sea,Delayed,Food_Beverage,EUR,2023-11-24,2023-12-18,598.4,7458.2,2151.9,2.74,12812.38,205.55,21,4,52.1,0.4319,0.4511,0.4571,5.8,3,True
SHP-101325970,DB_Schenker,Sydney,Houston,road,In_Transit,Electronics,CNY,2022-05-08,2022-05-09,45.8,5945.8,234.3,0.96,863152.19,14226.71,16,1,0.0,0.4733,0.1738,0.1712,-3.6,1,True
SHP-102631645,FedEx,Mundra,New_York,sea,At_Port,Chemicals,GBP,2022-09-19,2022-09-24,138.5,20595.7,289.9,1.42,1079748.57,25718.64,22,2,0.0,0.2473,0.1455,0.092,5.3,1,False
SHP-101836393,HMM,Felixstowe,Baltimore,sea,In_Transit,Perishables,CNY,2022-03-02,2022-03-22,492.3,12420.2,1283.9,2.22,69017.15,4935.0,16,3,0.0,0.3742,0.2067,0.161,,2,True
SHP-100838818,DHL,Hamburg,Miami,air,In_Transit,Machinery,EUR,2023-12-17,2023-12-18,29.6,5371.5,1453.1,6.2,19551.92,885.27,15,3,0.0,0.282,0.0797,0.5605,,4,True
SHP-103811510,HMM,Melbourne,Savannah,sea,Delayed,Electronics,GBP,2024-10-08,2024-10-22,337.0,18268.4,1565.0,3.23,813763.66,57558.55,21,0,11.1,0.154,0.0832,0.7727,,3,True
SHP-103952312,MSC,Chennai,Le_Havre,sea,On_Schedule,Raw_Materials,SGD,2024-11-26,2024-12-09,320.1,13357.9,574.3,2.31,5859.72,207.02,24,1,0.0,0.4595,0.5551,0.7045,,1,False
SHP-100563171,Kuehne_Nagel,Singapore,Hamburg,sea,Customs_Hold,Chemicals,AED,2023-07-01,2023-07-20,479.7,20619.6,133332.6,366.69,304447.55,1942.4,3,4,0.0,0.1896,0.1891,0.6886,,1,True
SHP-103620268,Kuehne_Nagel,Tokyo,New_York,sea,Customs_Hold,Automotive,SGD,2022-01-21,2022-01-31,254.9,14563.8,1193.6,1.74,25688.91,206.31,6,3,0.0,0.2329,0.2963,0.0451,-2.8,3,True
SHP-104500823,FedEx,Mundra,Genoa,sea,On_Schedule,Automotive,USD,2024-10-19,2024-11-15,654.4,7304.8,2547.1,11.29,367389.53,1902.41,24,0,0.0,0.0117,0.1342,0.1884,,1,True
SHP-102230155,DB_Schenker,Singapore,Savannah,sea,In_Transit,Automotive,EUR,2022-03-19,2022-04-13,616.6,2970.9,1409.2,6.65,129013.9,8556.7,4,3,0.0,0.2229,0.0917,0.1913,,1,True
SHP-103963706,DHL,Mundra,Singapore,rail,On_Schedule,Raw_Materials,EUR,2024-04-29,2024-05-07,214.7,709.5,557.7,1.35,20616.66,824.87,6,2,0.0,0.3385,0.1154,0.4963,,1,True
SHP-103263197,FedEx,Singapore,Los_Angeles,sea,At_Port,Perishables,SGD,2023-07-23,2023-08-01,218.4,5313.9,24841.2,68.93,31838.92,1807.44,1,4,0.0,0.07,0.0321,0.2324,,3,True
SHP-102194148,DB_Schenker,Dubai,Savannah,sea,On_Schedule,Electronics,GBP,2023-05-15,2023-05-19,114.0,2372.2,3147.7,8.18,371191.7,6002.62,8,1,0.0,0.2697,0.2243,0.5585,,2,False
SHP-102288983,HMM,Hamburg,Rotterdam,air,At_Port,Consumer_Goods,SGD,2024-04-21,2024-04-22,44.7,8815.7,39627.6,137.47,10031.47,527.91,15,5,0.0,0.2819,0.0113,0.1017,,1,False
SHP-102965189,FedEx,Tanjung_Pelepas,Sydney,road,Delayed,Pharmaceuticals,AED,2024-02-28,2024-02-29,35.9,306.8,707.8,2.44,56401.21,3038.31,13,5,2.0,0.1183,0.0367,0.4755,,1,True
SHP-104484009,ZIM,Ningbo,Singapore,sea,In_Transit,Raw_Materials,CNY,2024-05-11,2024-06-09,707.8,10476.0,57758.3,81.51,217756.04,6494.01,2,0,0.0,0.0218,0.1256,0.3434,13.6,3,True
SHP-100926081,Kuehne_Nagel,Busan,Bremen,sea,On_Schedule,Food_Beverage,USD,2022-12-28,2023-01-13,387.1,5558.9,332.6,1.54,7923.8,363.69,6,3,0.0,0.0642,0.0659,0.4906,9.0,2,False
SHP-102769848,UPS,Shanghai,Sydney,sea,Delayed,Pharmaceuticals,EUR,2023-09-06,2023-09-16,250.7,10067.2,2573.2,3.83,6883.15,278.94,18,5,2.2,0.4837,0.3864,0.2522,,4,True
SHP-102365645,HMM,Tanjung_Pelepas,Los_Angeles,sea,On_Schedule,Chemicals,USD,2023-11-06,2023-11-25,465.1,8475.3,3497.7,16.92,717478.0,17659.75,1,4,0.0,0.2901,0.084,0.28,7.1,4,False
SHP-104927535,Maersk,Colombo,Hamburg,sea,On_Schedule,Automotive,GBP,2023-07-16,2023-08-01,395.3,3582.6,594.2,1.63,2799914.22,49901.38,2,3,0.0,0.4366,0.383,0.7874,,4,False
SHP-103809563,ONE,Shanghai,Baltimore,sea,Delivered,Electronics,AED,2022-06-12,2022-07-03,508.8,5850.2,8547.9,19.71,32963.71,1425.88,5,2,5.3,0.4981,0.3607,0.5277,,3,True
SHP-103696696,CMA_CGM,Tanjung_Pelepas,Genoa,sea,Delivered,Chemicals,EUR,2022-09-10,2022-09-19,231.8,7742.0,952.6,1.69,4200.12,57.53,23,0,13.4,0.4332,0.1271,0.0702,-7.6,4,False
SHP-103931628,ONE,Hamburg,Los_Angeles,sea,In_Transit,Automotive,EUR,2022-05-24,2022-05-28,117.3,6978.4,10246.8,30.78,91070.84,646.53,23,1,0.0,0.3176,0.0881,0.3334,,4,True
SHP-100677421,DB_Schenker,Mumbai,Le_Havre,air,Customs_Hold,Raw_Materials,AED,2023-12-19,2023-12-21,56.6,5015.9,3184.0,12.52,77352.38,4800.06,8,5,0.0,0.053,0.1525,0.2151,,3,True
SHP-100077532,Hapag-Lloyd,Sydney,Baltimore,sea,In_Transit,Consumer_Goods,EUR,2023-10-30,2023-11-20,513.9,19428.1,158.5,0.38,50869.63,1120.45,18,3,0.0,0.4788,0.1181,0.4513,,3,True
SHP-104969966,UPS,Singapore,Hamburg,sea,On_Schedule,Electronics,AED,2023-11-23,2023-11-29,167.9,21860.8,2543.4,8.36,62584.53,4962.68,23,4,0.0,0.1826,0.2373,0.3551,-3.9,2,True
SHP-102316734,HMM,Mundra,Singapore,sea,Customs_Hold,Electronics,EUR,2023-10-17,2023-11-12,635.5,17308.1,3082.9,9.36,101424.35,2738.87,21,5,0.0,0.0669,0.0524,0.437,6.0,3,False
SHP-101494239,UPS,Shanghai,Rotterdam,sea,On_Schedule,Food_Beverage,CNY,2023-06-20,2023-07-16,640.9,20850.6,315.7,0.89,442643.55,21795.2,22,5,0.0,0.359,0.4544,0.4537,,1,True
SHP-102550315,COSCO,Rotterdam,Bremen,road,At_Port,Pharmaceuticals,CNY,2023-12-16,2023-12-24,195.4,763.5,1953.1,2.69,68584.91,1670.75,1,1,0.0,0.406,0.288,0.2169,,1,True
SHP-103379748,MSC,Hamburg,Houston,road,At_Port,Pharmaceuticals,CNY,2022-04-15,2022-04-23,193.6,7017.5,917.9,2.1,2581.63,69.62,16,3,0.0,0.4537,0.2165,0.4182,,3,False
SHP-102855928,COSCO,Tokyo,Barcelona,sea,On_Schedule,Pharmaceuticals,GBP,2022-11-27,2022-12-09,296.1,21672.1,2749.5,3.55,28998.47,676.49,5,0,0.0,0.3208,0.3403,0.2292,,4,False
SHP-101016239,HMM,Busan,Houston,sea,Delayed,Electronics,CNY,2022-01-15,2022-02-10,640.1,12371.0,5020.9,8.8,43413.65,3259.68,22,5,11.8,0.1893,0.257,0.0766,-10.8,4,False
SHP-103803878,ZIM,Guangzhou,Bremen,road,In_Transit,Raw_Materials,AED,2024-05-30,2024-06-06,170.3,3376.4,1090.1,1.9,748663.45,41583.14,11,2,0.0,0.204,0.0372,0.2726,,4,False
SHP-101660279,Evergreen,Busan,Dubai,sea,On_Schedule,Chemicals,AED,2024-08-16,2024-08-25,225.6,12465.6,10958.8,36.02,259265.41,14931.26,20,2,0.0,0.2305,0.1657,0.1092,,2,True
SHP-100144071,ZIM,Singapore,Valencia,road,At_Port,Electronics,EUR,2023-05-29,2023-06-07,221.4,2761.9,195371.5,337.44,312584.84,12816.01,4,3,0.0,0.1199,0.0131,0.4389,,3,False
SHP-103528218,FedEx,Singapore,Valencia,sea,At_Port,Perishables,AED,2024-06-13,2024-07-07,591.4,17291.7,3153.4,7.15,228752.32,12759.64,11,4,0.0,0.3555,0.1021,0.3278,,4,True
SHP-102877265,UPS,Busan,Dubai,air,In_Transit,Textiles,AED,2022-12-24,2022-12-25,41.5,2541.4,5538.5,9.72,158903.83,11000.78,6,1,0.0,0.5877,0.1783,0.407,,3,False
SHP-101982323,ZIM,Chennai,Genoa,sea,In_Transit,Electronics,GBP,2022-05-16,2022-06-08,556.5,14360.5,3763.9,5.65,20159.83,1513.31,23,2,0.0,0.5673,0.1624,0.3291,,3,True
SHP-102860974,ONE,Singapore,Hamburg,sea,Delivered,Textiles,USD,2023-05-03,2023-06-01,702.5,4285.1,85159.8,176.7,2415856.61,74398.62,9,4,43.3,0.2596,0.1756,0.2951,-12.5,1,True
SHP-101183345,Kuehne_Nagel,Tanjung_Pelepas,Houston,sea,Delayed,Automotive,USD,2023-03-16,2023-04-02,421.9,5017.2,9880.0,40.43,27121.08,1795.04,12,2,29.2,0.3646,0.1349,0.5594,,2,True
SHP-102015721,ONE,Busan,New_York,sea,Delayed,Machinery,CNY,2022-03-12,2022-04-03,536.9,1995.1,51260.0,220.94,94198.32,1522.51,16,5,15.8,0.3756,0.0159,0.3934,29.0,1,True
SHP-101873683,Evergreen,Ningbo,New_York,sea,In_Transit,Pharmaceuticals,AED,2023-05-29,2023-06-24,644.8,2059.8,367912.3,475.62,22416.61,1113.3,24,4,0.0,0.3719,0.2227,0.1144,-14.8,1,True
SHP-101182294,UPS,Colombo,Barcelona,sea,In_Transit,Perishables,SGD,2024-05-31,2024-06-09,234.0,3235.2,3715.4,5.06,8303.47,90.86,21,5,0.0,0.5809,0.1281,0.2862,,1,True
SHP-101955258,ONE,Dubai,Los_Angeles,sea,Customs_Hold,Electronics,USD,2024-07-07,2024-08-03,657.1,19823.3,13547.7,59.07,146742.28,6907.78,2,0,0.0,0.1139,0.0558,0.6985,,3,False
SHP-100159053,UPS,Dubai,New_York,sea,At_Port,Consumer_Goods,CNY,2024-07-30,2024-08-18,466.8,17832.0,4984.5,7.37,4514.74,341.25,4,0,0.0,0.2978,0.1475,0.0442,,2,True
SHP-103588151,UPS,Tanjung_Pelepas,Baltimore,sea,Delayed,Raw_Materials,AED,2022-11-18,2022-12-14,634.4,1184.6,53428.0,67.38,569845.03,19268.74,23,2,37.8,0.0674,0.65,0.0596,,4,True
SHP-104800240,MSC,Guangzhou,Los_Angeles,sea,In_Transit,Pharmaceuticals,AED,2024-07-12,2024-07-31,461.4,10081.7,1586.2,2.83,1664.38,52.48,9,2,0.0,0.0671,0.2348,0.1252,,2,True
SHP-104965519,MSC,Tokyo,Le_Havre,rail,Customs_Hold,Food_Beverage,SGD,2023-07-18,2023-07-22,102.1,7987.4,7309.9,12.07,195687.41,8063.86,22,4,0.0,0.1914,0.1338,0.0206,10.4,3,False
SHP-100826014,MSC,Guangzhou,Houston,road,Delayed,Chemicals,CNY,2024-01-29,2024-02-04,146.1,2467.8,662.3,1.48,5884.78,78.01,20,0,6.0,0.1758,0.0923,0.3255,,2,False
SHP-103742809,Kuehne_Nagel,Sydney,Baltimore,sea,At_Port,Textiles,EUR,2023-03-11,2023-04-05,608.5,17632.9,16047.4,29.62,15933.01,891.31,9,2,0.0,0.1333,0.2058,0.1779,,3,True
SHP-100613581,MSC,Ningbo,Bremen,sea,Critical_Delay,Food_Beverage,CNY,2022-09-29,2022-10-24,617.4,10251.3,9800.2,26.49,51193.8,404.77,11,1,21.3,0.3144,0.1056,0.0932,,4,False
SHP-102256473,Maersk,Shanghai,Miami,sea,In_Transit,Machinery,GBP,2022-04-06,2022-04-26,494.8,10828.0,2338.4,6.02,113006.6,1294.9,21,0,0.0,0.0561,0.3555,0.3299,14.3,4,False
SHP-100211260,ZIM,Tokyo,Bremen,air,On_Schedule,Raw_Materials,EUR,2024-01-10,2024-01-10,22.8,7397.1,1692.1,5.96,6106.32,285.38,9,2,0.0,0.1231,0.2616,0.2609,29.8,1,True
SHP-104171048,ZIM,Jebel_Ali,Rotterdam,sea,Delayed,Automotive,CNY,2023-04-20,2023-05-04,337.5,20088.5,1984.1,2.9,146641.2,3743.45,18,5,57.4,0.1847,0.0522,0.2065,15.9,4,True
SHP-102512187,Maersk,Dubai,New_York,sea,In_Transit,Machinery,USD,2022-05-12,2022-05-21,221.2,11826.3,2151.2,7.54,3015268.77,24017.05,8,3,0.0,0.3975,0.3819,0.3748,29.9,1,True
SHP-104981324,HMM,Hamburg,Hamburg,air,Customs_Hold,Raw_Materials,GBP,2022-03-26,2022-03-28,51.8,3360.9,133.4,0.18,31958.42,1336.56,19,3,0.0,0.1595,0.5582,0.6877,,4,True
SHP-103613846,DB_Schenker,Sydney,Rotterdam,sea,Customs_Hold,Textiles,USD,2024-01-24,2024-02-01,213.9,8643.5,5306.6,15.75,24650.28,538.48,12,0,0.0,0.2039,0.2263,0.2312,-4.1,4,True
SHP-100089672,Yang_Ming,Rotterdam,Le_Havre,rail,In_Transit,Machinery,AED,2022-09-03,2022-09-06,81.7,2413.4,4244.9,6.96,478059.8,31948.68,21,0,0.0,0.3552,0.0527,0.378,,2,True
SHP-104092191,ZIM,Rotterdam,Le_Havre,air,Delayed,Chemicals,GBP,2023-05-03,2023-05-04,41.8,5069.4,603.9,1.18,592673.94,22948.37,2,3,12.0,0.1307,0.1228,0.5679,,3,True
SHP-102346928,Maersk,Chennai,Antwerp,rail,Customs_Hold,Automotive,EUR,2023-03-16,2023-03-17,36.8,3956.9,5411.0,21.12,35268.35,1230.69,8,0,0.0,0.1699,0.2887,0.2881,13.0,4,True
SHP-103096725,CMA_CGM,Mumbai,Los_Angeles,rail,In_Transit,Electronics,GBP,2023-06-20,2023-06-27,181.2,7573.2,993.1,2.4,555729.02,18739.6,23,2,0.0,0.2654,0.186,0.1894,,4,True
SHP-103250724,Yang_Ming,Tokyo,Valencia,sea,In_Transit,Textiles,GBP,2022-11-22,2022-12-21,716.6,4629.5,663.6,1.06,98615.06,2871.98,4,4,0.0,0.1584,0.2737,0.0529,,4,True
SHP-103320246,ZIM,Felixstowe,Savannah,sea,In_Transit,Machinery,AED,2023-09-16,2023-10-13,655.3,14439.2,29201.9,61.42,149748.78,7007.59,21,4,0.0,0.4609,0.1302,0.3964,3.8,3,False
SHP-103056938,ZIM,Mumbai,Rotterdam,sea,Customs_Hold,Machinery,EUR,2022-07-25,2022-08-01,182.6,3700.4,8336.2,39.97,484757.76,29060.63,8,0,0.0,0.4138,0.5057,0.397,,3,True
SHP-103439055,ONE,Shanghai,Sydney,sea,On_Schedule,Electronics,CNY,2023-06-12,2023-06-25,318.4,5409.9,9036.2,12.19,192950.03,3134.79,24,4,0.0,0.2765,0.3069,0.3016,,2,False
SHP-100202028,Hapag-Lloyd,Colombo,Hamburg,sea,Delivered,Food_Beverage,SGD,2023-11-26,2023-12-04,204.0,9707.5,6378.3,13.56,20386.23,433.45,5,3,8.4,0.1516,0.2802,0.5598,-6.5,4,False
SHP-103456572,Evergreen,Busan,Piraeus,sea,In_Transit,Pharmaceuticals,AED,2022-03-03,2022-03-28,602.0,2857.6,11739.5,32.5,1253.15,35.38,11,4,0.0,0.0458,0.0918,0.5085,,1,True
SHP-100689238,Hapag-Lloyd,Jebel_Ali,Mumbai,sea,Delayed,Pharmaceuticals,SGD,2022-03-22,2022-03-27,127.4,5533.2,1514.8,2.15,3078.91,192.65,11,2,61.8,0.3181,0.082,0.4939,-19.3,1,True
SHP-102202780,CMA_CGM,Rotterdam,Piraeus,road,In_Transit,Machinery,GBP,2024-07-21,2024-07-26,126.8,6131.1,12145.5,23.43,18585.82,851.18,24,2,0.0,0.1042,0.1119,0.2744,,3,True
SHP-102119635,DHL,Rotterdam,Miami,air,On_Schedule,Pharmaceuticals,AED,2024-09-22,2024-09-22,22.7,4098.0,408.6,0.69,506319.38,24288.77,22,5,0.0,0.1681,0.2069,0.3371,10.5,1,True
SHP-104252811,CMA_CGM,Ningbo,Barcelona,sea,In_Transit,Raw_Materials,AED,2023-04-11,2023-04-22,276.7,17241.6,7205.7,9.92,931.41,18.06,1,4,0.0,0.1997,0.0502,0.1544,-3.3,3,True
SHP-101399495,Kuehne_Nagel,Ningbo,Hamburg,rail,On_Schedule,Perishables,EUR,2023-11-15,2023-11-17,58.1,7919.4,232.8,0.29,8639.5,201.39,24,3,0.0,0.2466,0.1848,0.5381,,1,True
SHP-104409816,COSCO,Mumbai,Dubai,air,On_Schedule,Food_Beverage,GBP,2023-07-01,2023-07-02,39.9,5211.0,686.2,0.97,6538.78,365.66,18,1,0.0,0.4651,0.1145,0.2,,4,True
SHP-100194167,Kuehne_Nagel,Singapore,Sydney,rail,Delayed,Chemicals,SGD,2024-07-28,2024-08-04,171.2,6905.7,9532.4,14.86,10242.99,633.74,13,2,7.7,0.1108,0.1525,0.4154,,2,False
SHP-100645199,DB_Schenker,Chennai,Miami,sea,Delayed,Machinery,AED,2023-09-19,2023-10-05,391.7,21122.1,839.8,1.13,154091.82,9769.57,19,4,33.6,0.1615,0.3359,0.1206,,4,False
SHP-100082381,UPS,Sydney,Houston,air,Delivered,Chemicals,SGD,2024-11-24,2024-11-25,44.0,10589.0,139385.5,175.09,66501.98,3185.19,20,0,3.1,0.1198,0.056,0.309,,4,True
SHP-104540660,DB_Schenker,Dubai,New_York,air,Delayed,Automotive,USD,2022-10-17,2022-10-18,28.0,13087.5,1325.3,1.84,1450787.7,99002.2,5,2,7.6,0.0991,0.0235,0.4562,,2,True
SHP-103801195,Kuehne_Nagel,Guangzhou,Houston,sea,In_Transit,Pharmaceuticals,GBP,2023-02-07,2023-02-22,362.8,11387.6,11453.9,34.42,11594.36,562.43,16,5,0.0,0.1681,0.2606,0.5336,,1,True
SHP-101706265,Hapag-Lloyd,Sydney,Antwerp,air,On_Schedule,Food_Beverage,EUR,2024-06-29,2024-06-29,19.1,13096.4,1112.7,1.69,5735.06,255.41,24,5,0.0,0.2098,0.1123,0.506,14.0,3,False
SHP-101022158,ONE,Sydney,Houston,sea,In_Transit,Automotive,AED,2023-07-17,2023-07-21,109.2,4545.7,60865.7,212.71,2710.26,38.39,22,2,0.0,0.2612,0.0803,0.4571,,4,False
SHP-102070063,ONE,Mundra,Miami,sea,Critical_Delay,Electronics,AED,2024-01-11,2024-02-08,694.4,13637.3,17559.7,40.58,8523.79,106.35,22,4,11.6,0.0511,0.1916,0.2385,,4,False
SHP-102962567,Evergreen,Melbourne,Houston,sea,On_Schedule,Machinery,USD,2022-05-18,2022-06-09,531.3,2897.5,788.5,1.7,145129.37,11023.92,6,0,0.0,0.2437,0.1605,0.3418,,3,True
SHP-100854533,COSCO,Hamburg,Le_Havre,rail,In_Transit,Pharmaceuticals,GBP,2024-11-26,2024-11-29,80.4,5546.6,158.3,0.49,81848.24,4017.32,1,1,0.0,0.1526,0.287,0.2099,,2,True
SHP-101766826,HMM,Colombo,Rotterdam,rail,On_Schedule,Raw_Materials,EUR,2022-06-14,2022-06-17,94.6,2816.9,549.8,2.52,38497.88,2749.73,22,0,0.0,0.124,0.2406,0.7081,5.7,1,True
SHP-100417758,Evergreen,Guangzhou,Dubai,sea,In_Transit,Raw_Materials,CNY,2022-04-26,2022-05-09,328.1,16280.5,35836.8,69.73,312929.52,11396.67,6,0,0.0,0.2563,0.7809,0.5684,,3,True
SHP-104033406,ONE,Tokyo,Houston,sea,On_Schedule,Automotive,GBP,2022-09-16,2022-10-08,550.4,15470.6,61023.7,118.48,421044.79,7873.16,13,1,0.0,0.3158,0.0758,0.5266,,3,True
SHP-101628179,DHL,Ningbo,Savannah,sea,On_Schedule,Machinery,CNY,2024-09-03,2024-09-10,171.7,15515.5,187.6,0.28,45144.22,3567.58,16,0,0.0,0.2666,0.3935,0.3989,,1,False
SHP-101022012,DHL,Tanjung_Pelepas,Hamburg,road,On_Schedule,Automotive,GBP,2023-01-11,2023-01-13,63.4,4950.6,2083.8,4.47,32950.59,2059.66,10,5,0.0,0.1768,0.277,0.8135,,2,True
SHP-102689621,Yang_Ming,Jebel_Ali,Felixstowe,air,On_Schedule,Automotive,CNY,2024-08-08,2024-08-09,31.8,6626.4,15599.2,28.36,7294.6,491.29,18,5,0.0,0.3678,0.2048,0.4106,14.3,4,False
SHP-102763202,CMA_CGM,Guangzhou,Savannah,sea,On_Schedule,Perishables,AED,2023-01-24,2023-02-18,621.3,4251.0,2955.6,5.04,50000000.0,644204.86,15,3,0.0,0.1999,0.193,0.1152,,3,True
SHP-100702882,Evergreen,Busan,Piraeus,sea,Delivered,Textiles,EUR,2022-12-21,2023-01-08,433.1,9695.7,1284.7,3.78,5354.36,27.13,19,4,19.3,0.3702,0.3366,0.362,,2,False
SHP-100572539,FedEx,Tanjung_Pelepas,Hamburg,road,In_Transit,Consumer_Goods,GBP,2023-03-12,2023-03-16,112.7,6550.5,18102.4,26.43,707380.31,53399.28,2,1,0.0,0.5469,0.1176,0.3264,,4,True
SHP-100765550,DB_Schenker,Tokyo,Barcelona,air,Customs_Hold,Chemicals,EUR,2022-02-01,2022-02-02,41.4,14766.8,9338.7,23.71,223609.61,2972.84,6,4,0.0,0.3418,0.1796,0.2089,19.9,3,True
SHP-103552863,ZIM,Guangzhou,Valencia,sea,On_Schedule,Food_Beverage,GBP,2024-03-16,2024-04-05,502.8,18494.8,393.5,0.51,70790.42,1548.55,6,2,0.0,0.1025,0.2247,0.4304,,3,False
SHP-104827764,UPS,Rotterdam,Piraeus,air,Customs_Hold,Pharmaceuticals,EUR,2024-11-06,2024-11-06,17.4,10638.8,95548.8,196.21,2136.32,100.4,20,5,0.0,0.5929,0.5647,0.5552,,2,True
SHP-100611989,ZIM,Tanjung_Pelepas,Singapore,sea,On_Schedule,Machinery,USD,2022-10-31,2022-11-21,512.9,14147.4,6666.4,13.82,163094.87,5048.62,24,2,0.0,0.1705,0.0388,0.6155,27.2,1,True
SHP-103349426,CMA_CGM,Jebel_Ali,Piraeus,sea,In_Transit,Electronics,CNY,2024-08-30,2024-09-03,104.1,10959.2,22554.4,33.25,929589.11,58102.65,20,2,0.0,0.0734,0.3828,0.3673,,1,False
SHP-100160953,Evergreen,Port_Klang,Dubai,sea,Customs_Hold,Consumer_Goods,USD,2022-04-05,2022-05-01,646.1,12012.4,563.9,1.52,43556.2,2030.7,6,3,0.0,0.0398,0.0384,0.1406,,1,False
SHP-101023299,ZIM,Shanghai,Piraeus,sea,On_Schedule,Pharmaceuticals,CNY,2024-08-06,2024-08-10,102.3,18428.8,500.6,1.16,58563.54,1178.36,21,0,0.0,0.0877,0.1394,0.1043,,2,True
SHP-102550109,UPS,Felixstowe,Los_Angeles,air,On_Schedule,Raw_Materials,EUR,2024-03-13,2024-03-14,31.8,1430.8,5406.4,10.9,200585.63,10453.9,1,0,0.0,0.5571,0.1609,0.1852,,4,False
SHP-104189940,ONE,Sydney,Los_Angeles,sea,In_Transit,Food_Beverage,CNY,2022-11-21,2022-12-03,295.6,10698.9,1661.2,2.69,572730.48,32320.84,9,5,0.0,0.1524,0.1554,0.4119,,1,False
SHP-101290467,DHL,Tanjung_Pelepas,Felixstowe,sea,In_Transit,Machinery,AED,2024-05-06,2024-05-30,576.1,21984.1,1065.1,1.64,2007673.95,134061.72,14,3,0.0,0.0531,0.1328,0.1334,-4.3,1,False
SHP-100000732,Yang_Ming,Mumbai,Genoa,sea,In_Transit,Automotive,USD,2022-11-23,2022-12-13,492.8,13345.3,299.0,0.42,53371.19,1880.76,12,2,0.0,0.3069,0.0978,0.1623,,3,False
SHP-102571917,UPS,Rotterdam,Rotterdam,air,On_Schedule,Electronics,USD,2023-02-16,2023-02-17,25.9,5624.4,6223.2,15.23,30567.43,1670.22,7,4,0.0,0.5768,0.3121,0.2835,,3,True
SHP-100571310,MSC,Guangzhou,Savannah,sea,On_Schedule,Consumer_Goods,SGD,2024-08-20,2024-09-15,624.6,16630.4,503.7,0.76,17546.03,590.96,2,5,0.0,0.5222,0.0246,0.6714,29.4,4,False
SHP-103067949,MSC,Tokyo,Singapore,sea,At_Port,Raw_Materials,AED,2023-06-12,2023-07-02,500.8,12886.1,3001.7,6.41,389778.86,13497.86,10,0,0.0,0.5958,0.1519,0.2931,27.5,1,False
SHP-104928284,ZIM,Tanjung_Pelepas,Sydney,rail,Delayed,Machinery,EUR,2024-02-21,2024-02-24,84.8,4736.3,2708.3,4.04,1064.06,43.19,18,4,8.3,0.4453,0.2224,0.5686,28.1,1,False
SHP-102770769,Evergreen,Singapore,Mumbai,sea,Customs_Hold,Consumer_Goods,GBP,2024-08-28,2024-09-12,363.3,3055.0,45.5,0.07,32057.99,2095.23,23,0,0.0,0.1078,0.5931,0.3355,,3,False
SHP-100629668,COSCO,Shanghai,Mumbai,rail,Delayed,Consumer_Goods,AED,2022-07-16,2022-07-19,88.0,7919.3,1590.8,2.95,7274.75,186.33,2,5,6.3,0.1073,0.1832,0.4346,,4,False
SHP-101036374,COSCO,Hamburg,Antwerp,sea,In_Transit,Machinery,USD,2024-08-23,2024-09-11,474.7,10679.0,6332.2,11.24,17416.02,389.74,23,2,0.0,0.1514,0.2119,0.6105,,3,True
SHP-100352060,ONE,Hamburg,Rotterdam,rail,In_Transit,Electronics,GBP,2022-01-08,2022-01-15,189.3,772.6,1638.6,5.36,41678.38,1436.23,15,1,0.0,0.2098,0.4262,0.6125,,4,True
SHP-104645920,Hapag-Lloyd,Melbourne,Piraeus,sea,At_Port,Perishables,GBP,2022-06-10,2022-06-18,197.8,19029.0,14283.5,22.8,20253.01,1220.41,17,0,0.0,0.2989,0.1435,0.366,,2,False
SHP-101786992,UPS,Hamburg,Valencia,sea,On_Schedule,Automotive,SGD,2024-01-25,2024-02-07,314.6,2383.2,45.3,0.08,41033.35,1378.8,9,3,0.0,0.0634,0.0846,0.2774,,1,False
SHP-104721439,MSC,Shanghai,Sydney,rail,Delayed,Machinery,EUR,2022-05-22,2022-05-24,50.2,4302.6,163.3,0.42,148993.53,5689.37,9,4,10.8,0.2642,0.0617,0.3558,,2,True
SHP-102567721,UPS,Sydney,Valencia,sea,In_Transit,Raw_Materials,CNY,2024-01-26,2024-02-20,602.0,19474.3,83535.5,112.58,16261.9,454.26,1,4,0.0,0.2716,0.1749,0.1759,,3,True
SHP-102368295,MSC,Felixstowe,New_York,air,Delayed,Perishables,AED,2022-01-21,2022-01-22,45.3,7649.8,4371.5,12.76,440105.88,6179.02,8,5,33.8,0.1583,0.2107,0.7649,,1,True
SHP-100227096,CMA_CGM,Tanjung_Pelepas,Dubai,sea,In_Transit,Food_Beverage,AED,2022-04-22,2022-05-18,637.9,13560.7,949.3,3.85,488476.74,23361.04,6,1,0.0,0.5543,0.1044,0.6687,,1,True
SHP-101157547,Maersk,Chennai,Savannah,sea,On_Schedule,Chemicals,SGD,2024-04-17,2024-04-23,157.3,9017.5,13956.5,32.95,3426.36,266.86,14,0,0.0,0.3369,0.0367,0.4832,-19.0,3,False
SHP-104893037,ONE,Sydney,Antwerp,rail,On_Schedule,Automotive,AED,2023-03-15,2023-03-17,67.4,776.9,21297.7,39.41,172026.66,13141.82,1,2,0.0,0.226,0.1287,0.1693,,1,True
SHP-102128709,HMM,Colombo,Valencia,sea,On_Schedule,Electronics,EUR,2023-12-03,2023-12-25,532.1,1258.3,2340.5,4.9,16321.75,1242.96,22,3,0.0,0.28,0.1014,0.2862,,1,True
SHP-103492064,ZIM,Mumbai,Bremen,rail,In_Transit,Pharmaceuticals,CNY,2022-08-05,2022-08-06,33.4,6325.4,1419.8,3.0,1896294.51,127737.66,7,3,0.0,0.1865,0.0842,0.5461,,4,True
SHP-104325883,Yang_Ming,Tanjung_Pelepas,Bremen,sea,Delivered,Chemicals,EUR,2023-11-20,2023-11-26,162.2,8100.9,5698.0,22.54,65458.19,4597.44,19,3,1.0,0.304,0.1325,0.2134,-14.5,3,True
SHP-100199536,ONE,Ningbo,New_York,sea,Delayed,Raw_Materials,USD,2022-11-22,2022-12-11,461.8,19255.4,265.5,0.35,175599.23,6045.75,7,0,88.8,0.0338,0.0724,0.4227,,2,False
SHP-102133563,DB_Schenker,Antwerp,Dubai,sea,Delayed,Food_Beverage,SGD,2023-09-12,2023-10-03,525.5,3328.0,8969.4,13.67,71269.86,5011.25,1,1,45.5,0.4448,0.3289,0.3053,,3,True
SHP-103264679,Maersk,Antwerp,Singapore,sea,On_Schedule,Machinery,EUR,2023-05-14,2023-06-10,660.5,14660.4,1101.6,2.46,45065.79,2316.61,5,1,0.0,0.3269,0.0632,0.1853,,2,False
SHP-100384516,COSCO,Mumbai,Mumbai,rail,On_Schedule,Raw_Materials,CNY,2023-11-11,2023-11-18,188.1,2874.9,1108.7,2.27,4147.53,29.2,3,0,0.0,0.7102,0.0775,0.3774,,2,False
SHP-100500514,DB_Schenker,Port_Klang,Le_Havre,road,On_Schedule,Electronics,EUR,2022-01-24,2022-01-25,32.5,6630.7,161.2,0.57,120964.22,1500.4,2,2,0.0,0.4912,0.1169,0.6032,,2,True
SHP-104495578,HMM,Busan,Singapore,sea,Customs_Hold,Consumer_Goods,USD,2022-10-01,2022-10-21,494.9,1730.9,17683.1,27.32,35003.38,685.03,9,5,0.0,0.3854,0.1957,0.1048,,1,False
SHP-101738243,ZIM,Shanghai,Los_Angeles,air,Delayed,Perishables,EUR,2024-12-01,2024-12-02,30.3,2757.3,255.3,0.83,75320.8,5358.44,9,4,6.6,0.0402,0.1149,0.2626,,3,False
SHP-103749825,ZIM,Sydney,Le_Havre,rail,In_Transit,Raw_Materials,CNY,2022-06-29,2022-07-05,163.8,6540.3,12841.4,28.51,48712.41,3185.81,23,0,0.0,0.2095,0.6279,0.2013,2.2,2,False
SHP-102522486,DHL,Port_Klang,Singapore,sea,Customs_Hold,Textiles,USD,2022-07-19,2022-08-08,484.5,9325.4,4219.8,5.98,243796.95,2518.93,3,1,0.0,0.4812,0.3826,0.3761,,3,True
SHP-103737116,CMA_CGM,Sydney,Dubai,air,In_Transit,Food_Beverage,GBP,2023-07-04,2023-07-06,71.3,3747.2,66.4,0.18,3390.27,71.13,15,5,0.0,0.5746,0.271,0.365,,1,False
SHP-104816536,Evergreen,Hamburg,Bremen,sea,On_Schedule,Consumer_Goods,CNY,2022-04-20,2022-05-07,421.8,14069.0,297.6,0.64,245130.02,3432.06,8,0,0.0,0.3533,0.283,0.449,,2,True
SHP-104780998,UPS,Mumbai,Hamburg,sea,In_Transit,Raw_Materials,GBP,2022-12-23,2023-01-12,486.5,17699.7,34140.1,53.83,38998.5,2471.63,14,2,0.0,0.4755,0.6202,0.6191,,1,False
SHP-101005850,DB_Schenker,Dubai,Valencia,air,In_Transit,Automotive,EUR,2023-03-30,2023-04-01,60.1,5920.2,104.3,0.23,13705.82,895.12,6,3,0.0,0.0656,0.3009,0.4,,2,False
SHP-101623955,Kuehne_Nagel,Ningbo,Bremen,sea,Delayed,Pharmaceuticals,CNY,2024-01-31,2024-02-09,218.8,12299.0,365.6,1.51,706462.73,23717.51,21,0,19.1,0.0583,0.0687,0.578,,3,True
SHP-103701412,COSCO,Tokyo,Bremen,air,In_Transit,Perishables,SGD,2024-07-17,2024-07-19,70.1,11662.0,15534.1,34.82,388054.72,20465.46,20,4,0.0,0.2726,0.4567,0.3633,,3,True
SHP-104318563,DB_Schenker,Tokyo,Sydney,air,On_Schedule,Chemicals,GBP,2024-01-06,2024-01-08,50.9,12298.1,841.8,1.47,644.77,14.51,11,3,0.0,0.4201,0.1172,0.431,,4,False
SHP-104053653,Hapag-Lloyd,Mundra,Antwerp,road,Delayed,Electronics,CNY,2024-09-08,2024-09-14,159.2,1060.5,2551.6,4.41,28567.2,553.91,17,2,14.0,0.121,0.2473,0.0186,5.2,3,True
SHP-102434795,Maersk,Guangzhou,Miami,air,At_Port,Automotive,SGD,2024-12-25,2024-12-26,34.6,6773.6,29831.4,89.85,10926.95,347.4,17,2,0.0,0.6117,0.1427,0.6945,,4,True
SHP-104288922,Yang_Ming,Mumbai,Barcelona,sea,In_Transit,Consumer_Goods,EUR,2024-02-15,2024-03-14,672.2,8105.6,12061.6,39.05,81700.2,2981.39,2,0,0.0,0.6691,0.0452,0.2867,,2,False
SHP-103862850,ZIM,Mumbai,Savannah,sea,On_Schedule,Electronics,USD,2023-08-03,2023-09-01,711.1,12613.9,162.6,0.24,1365494.06,6841.73,13,4,0.0,0.0485,0.4442,0.2183,-6.4,4,False
SHP-102756647,ZIM,Ningbo,Hamburg,air,On_Schedule,Chemicals,CNY,2022-11-27,2022-11-27,19.6,3827.0,52.1,0.24,250148.4,16705.07,11,5,0.0,0.3778,0.3097,0.5196,,2,True
SHP-101396555,MSC,Shanghai,Felixstowe,rail,At_Port,Textiles,USD,2023-12-13,2023-12-20,174.0,7766.9,14895.8,25.99,42279.9,1502.68,10,4,0.0,0.3659,0.1602,0.8592,-16.0,2,True
SHP-100944468,UPS,Colombo,Felixstowe,road,On_Schedule,Perishables,CNY,2022-12-03,2022-12-11,203.8,217.5,3459.0,9.96,80426.68,6179.86,20,1,0.0,0.1847,0.1334,0.5942,,3,False
SHP-103042001,UPS,Jebel_Ali,Baltimore,air,At_Port,Food_Beverage,SGD,2023-09-06,2023-09-07,32.9,4923.5,299.7,0.57,51861.26,3091.69,15,2,0.0,0.4386,0.0736,0.1497,,4,True
SHP-101551447,COSCO,Guangzhou,Barcelona,road,On_Schedule,Electronics,GBP,2024-08-19,2024-08-25,153.4,4057.1,165.8,0.31,23946.15,528.12,9,4,0.0,0.3454,0.4144,0.5949,,4,True
SHP-103662891,Hapag-Lloyd,Mumbai,Hamburg,sea,Delayed,Automotive,GBP,2024-06-22,2024-06-26,104.3,10849.4,2398.5,3.86,13649.92,938.5,1,0,9.0,0.0545,0.1826,0.1661,5.2,1,True
SHP-103130395,MSC,Port_Klang,Los_Angeles,air,In_Transit,Raw_Materials,AED,2022-12-15,2022-12-16,30.2,8122.9,54.4,0.15,5794.68,315.7,5,3,0.0,0.2336,0.2907,0.0465,17.9,4,False
SHP-104088541,ONE,Chennai,Barcelona,air,In_Transit,Food_Beverage,USD,2024-12-13,2024-12-15,66.1,8142.4,1717.2,4.48,12205.96,542.17,22,2,0.0,0.5228,0.0554,0.1972,8.8,3,False
SHP-103264345,Yang_Ming,Mundra,Baltimore,air,In_Transit,Food_Beverage,GBP,2023-05-29,2023-05-30,35.6,9163.9,7443.6,22.17,139424.97,8127.15,23,1,0.0,0.0367,0.1681,0.2847,,3,False
SHP-100988014,Yang_Ming,Sydney,Antwerp,air,At_Port,Automotive,SGD,2022-04-21,2022-04-22,31.8,10765.4,20364.2,27.36,96513.6,1244.51,17,4,0.0,0.268,0.267,0.5671,-3.4,4,True
SHP-100400494,COSCO,Chennai,Houston,road,In_Transit,Perishables,USD,2023-08-19,2023-08-21,49.9,5834.4,591.2,1.92,926782.46,12239.29,1,0,0.0,0.2002,0.132,0.5874,,3,False
SHP-102221670,COSCO,Tanjung_Pelepas,Genoa,sea,In_Transit,Food_Beverage,SGD,2022-02-25,2022-03-10,334.5,2011.9,7413.8,13.53,149944.79,2631.96,21,4,0.0,0.0495,0.2791,0.057,-14.0,1,True
SHP-103486026,COSCO,Ningbo,Genoa,sea,At_Port,Perishables,GBP,2024-11-04,2024-11-22,452.8,9302.5,2775.4,11.63,322775.43,9888.71,11,0,0.0,0.4797,0.4684,0.1892,,2,True
SHP-102257298,Hapag-Lloyd,Sydney,Houston,road,Delayed,Electronics,SGD,2022-04-04,2022-04-10,148.1,6745.0,2007.3,6.35,63808.85,4466.62,10,4,13.8,0.1963,0.2175,0.2209,,4,False
SHP-101573998,Kuehne_Nagel,Felixstowe,New_York,sea,On_Schedule,Raw_Materials,USD,2022-04-10,2022-05-05,604.5,14463.2,6661.2,8.43,11663.42,542.33,11,4,0.0,0.4355,0.0566,0.3081,,1,False
SHP-100698146,UPS,Chennai,Baltimore,air,Delayed,Consumer_Goods,EUR,2024-06-01,2024-06-03,66.0,9731.9,182.5,0.29,177553.79,12667.92,9,1,25.1,0.7449,0.1415,0.1996,20.2,3,True
SHP-103134875,COSCO,Mundra,Baltimore,air,In_Transit,Machinery,GBP,2022-08-05,2022-08-05,17.1,4883.0,10832.2,14.08,12572.59,717.63,17,1,0.0,0.1645,0.1994,0.0825,,1,True
SHP-103882040,CMA_CGM,Felixstowe,Genoa,sea,In_Transit,Automotive,EUR,2022-01-27,2022-02-05,235.9,11936.2,253.9,1.22,54269.66,643.86,11,1,0.0,0.3026,0.2256,0.5728,,2,False
SHP-103459510,COSCO,Tanjung_Pelepas,New_York,sea,Delayed,Automotive,USD,2023-10-14,2023-11-10,654.4,8686.9,31379.8,102.57,217181.71,9377.77,8,5,2.3,0.3646,0.2503,0.2778,,3,True
SHP-104550158,FedEx,Guangzhou,Barcelona,air,On_Schedule,Automotive,USD,2022-11-18,2022-11-20,68.9,2063.1,1651.4,2.16,116072.22,7816.71,24,3,0.0,0.301,0.1049,0.1211,,2,False
SHP-100125302,Hapag-Lloyd,Busan,Baltimore,sea,In_Transit,Pharmaceuticals,GBP,2022-09-12,2022-09-20,199.3,20558.4,241066.1,613.89,3697.07,251.05,21,0,0.0,0.1944,0.2725,0.2727,,1,True
SHP-100276494,Hapag-Lloyd,Guangzhou,Singapore,sea,Customs_Hold,Food_Beverage,USD,2023-03-15,2023-03-23,201.7,19636.4,4466.6,16.63,3023.4,146.15,15,5,0.0,0.1583,0.0733,0.1634,-9.2,2,True
SHP-103916239,DB_Schenker,Jebel_Ali,Rotterdam,sea,Customs_Hold,Pharmaceuticals,USD,2024-07-23,2024-08-08,391.3,13492.6,1652.8,5.39,3717.93,88.57,12,4,0.0,0.3122,0.5164,0.3661,,4,False
SHP-103424924,Hapag-Lloyd,Guangzhou,Valencia,sea,Delivered,Consumer_Goods,CNY,2022-02-05,2022-03-05,685.9,1928.5,3419.9,5.83,1069.82,9.26,5,2,0.6,0.4987,0.1252,0.2328,9.6,1,True
SHP-103216944,UPS,Shanghai,Sydney,sea,Delayed,Perishables,CNY,2022-09-21,2022-10-09,454.9,19776.9,108226.2,208.62,6567.96,410.3,3,1,14.1,0.5009,0.565,0.495,9.8,3,False
SHP-100536823,Hapag-Lloyd,Singapore,Los_Angeles,sea,In_Transit,Pharmaceuticals,EUR,2022-12-28,2023-01-14,428.6,13774.0,84007.9,243.45,1815863.32,45211.67,7,3,0.0,0.2229,0.1877,0.0278,19.2,2,True
SHP-102967208,DB_Schenker,Tanjung_Pelepas,Baltimore,road,In_Transit,Chemicals,SGD,2024-11-16,2024-11-21,127.4,557.0,6587.3,11.14,229295.55,14075.85,5,1,0.0,0.3622,0.2849,0.3935,,3,False
SHP-104015026,Evergreen,Melbourne,Bremen,rail,In_Transit,Chemicals,SGD,2023-09-26,2023-10-04,214.1,2145.3,22482.5,31.09,98340.83,3572.37,6,3,0.0,0.2562,0.3086,0.48,,4,True
SHP-102208007,Hapag-Lloyd,Dubai,Le_Havre,rail,Delayed,Raw_Materials,SGD,2024-06-25,2024-06-26,38.4,7515.0,61153.4,161.87,44613.47,1548.53,2,1,13.4,0.1947,0.2816,0.1473,-11.9,3,False
SHP-102483933,FedEx,Colombo,Antwerp,sea,In_Transit,Pharmaceuticals,SGD,2023-07-24,2023-08-07,353.8,10880.1,3884.4,5.75,410888.71,18743.3,21,2,0.0,0.3567,0.2546,0.1622,,2,True
SHP-100775856,HMM,Chennai,Barcelona,air,In_Transit,Perishables,EUR,2022-05-16,2022-05-17,32.9,6872.7,35.3,0.05,11416.36,559.77,9,3,0.0,0.3733,0.1709,0.0655,-15.3,3,True
SHP-104221678,Kuehne_Nagel,Antwerp,Antwerp,sea,On_Schedule,Raw_Materials,CNY,2022-08-18,2022-09-12,609.4,14023.5,43113.6,59.79,12154.52,813.67,10,5,0.0,0.6496,0.2568,0.2626,,3,True
SHP-101372248,Maersk,Chennai,Genoa,air,In_Transit,Pharmaceuticals,GBP,2024-11-28,2024-11-29,36.8,12005.2,115.4,0.5,10786.8,835.48,22,0,0.0,0.3535,0.071,0.0197,,3,True
SHP-101241996,ZIM,Busan,Singapore,sea,Critical_Delay,Electronics,SGD,2024-06-29,2024-07-07,209.4,19817.9,50168.2,121.6,22312.94,579.4,22,2,11.1,0.2144,0.0175,0.5203,,3,False
SHP-104611258,FedEx,Mundra,Baltimore,air,Customs_Hold,Electronics,SGD,2024-08-14,2024-08-16,62.5,10297.6,1229.9,1.8,14285.9,961.03,10,5,0.0,0.1381,0.0391,0.6849,,4,False
SHP-100220107,Maersk,Rotterdam,Antwerp,road,Delayed,Food_Beverage,USD,2022-02-23,2022-03-04,218.6,374.0,7953.4,20.44,28393.82,1079.83,8,5,17.7,0.5322,0.2372,0.2924,,3,True
SHP-103229301,DB_Schenker,Felixstowe,Barcelona,sea,Delayed,Food_Beverage,USD,2023-05-30,2023-06-09,254.1,4478.3,5251.9,7.6,3483046.94,176603.75,3,0,3.3,0.1261,0.3988,0.3206,,3,False
SHP-100681999,COSCO,Tokyo,Singapore,road,At_Port,Electronics,GBP,2023-05-03,2023-05-11,207.0,1390.4,14264.9,48.58,545688.97,39371.81,4,5,0.0,0.3286,0.1431,0.4343,26.1,2,False
SHP-100554433,UPS,Jebel_Ali,Felixstowe,sea,In_Transit,Food_Beverage,USD,2022-11-08,2022-11-15,185.6,21522.4,20013.5,51.25,78803.24,2783.56,12,4,0.0,0.2884,0.0948,0.3918,-16.6,2,True
SHP-100783909,ONE,Port_Klang,Mumbai,sea,On_Schedule,Automotive,CNY,2024-02-11,2024-03-09,661.3,15560.1,169.7,0.36,196225.35,10035.43,3,0,0.0,0.0826,0.1922,0.2917,-5.2,3,True
SHP-103271551,Hapag-Lloyd,Jebel_Ali,Baltimore,sea,On_Schedule,Chemicals,SGD,2023-12-28,2024-01-26,696.1,10339.0,1941.8,2.61,53071.43,3189.94,15,2,0.0,0.1081,0.3483,0.0912,,3,False
SHP-103516497,UPS,Antwerp,Hamburg,sea,In_Transit,Raw_Materials,CNY,2023-05-07,2023-05-31,592.5,5580.2,1852.9,4.59,21224.49,871.36,9,1,0.0,0.2096,0.1054,0.181,6.1,3,True
SHP-102546220,MSC,Tokyo,Barcelona,sea,Delivered,Perishables,SGD,2024-01-13,2024-02-03,524.6,1902.2,200.1,0.46,3756.81,244.96,8,1,22.3,0.1361,0.1639,0.3503,18.7,4,True
SHP-103771827,Evergreen,Jebel_Ali,Felixstowe,sea,At_Port,Automotive,AED,2024-05-31,2024-06-16,399.0,5201.3,2379.4,3.25,16625.12,238.47,8,0,0.0,0.1598,0.4396,0.2252,,2,False
SHP-102058639,Hapag-Lloyd,Felixstowe,Antwerp,air,On_Schedule,Chemicals,EUR,2023-09-07,2023-09-08,40.7,12316.3,690.6,1.18,7991.89,305.18,22,3,0.0,0.2153,0.1984,0.1275,,4,False
SHP-102600705,HMM,Antwerp,Valencia,air,In_Transit,Chemicals,AED,2024-07-18,2024-07-19,45.6,11043.8,7048.6,12.23,69316.73,4682.53,9,1,0.0,0.1295,0.1711,0.2618,,4,True
SHP-100585209,Evergreen,Hamburg,Los_Angeles,sea,In_Transit,Textiles,GBP,2022-12-16,2023-01-06,508.5,7137.7,2421.4,5.85,205697.52,13882.81,4,1,0.0,0.1977,0.3969,0.1571,,4,True
SHP-102818899,CMA_CGM,Dubai,Felixstowe,rail,On_Schedule,Raw_Materials,CNY,2023-09-14,2023-09-22,204.8,1984.1,1922.2,2.45,506936.79,21779.55,5,3,0.0,0.0343,0.0863,0.414,,3,True
SHP-100463280,ONE,Melbourne,Genoa,air,Delivered,Automotive,USD,2024-03-12,2024-03-14,51.1,5706.5,1027.0,3.7,1577051.2,123290.7,15,1,0.9,0.4535,0.3392,0.5836,,1,False
SHP-101476104,ONE,Dubai,Hamburg,sea,On_Schedule,Pharmaceuticals,SGD,2024-04-06,2024-04-18,299.7,9813.3,13300.3,21.73,167148.09,4318.41,18,5,0.0,0.2149,0.0664,0.3555,,1,True
SHP-104249566,UPS,Hamburg,Dubai,air,Customs_Hold,Raw_Materials,SGD,2023-11-16,2023-11-17,26.1,1747.5,3377.6,8.76,5115.97,101.94,19,1,0.0,0.5628,0.0765,0.1588,,3,True
SHP-103637181,Kuehne_Nagel,Dubai,Barcelona,sea,On_Schedule,Perishables,GBP,2024-06-18,2024-07-12,594.4,1170.2,4282.2,7.68,1159129.03,84465.81,17,3,0.0,0.1496,0.136,0.2355,,1,True
SHP-102315620,HMM,Colombo,Piraeus,air,Customs_Hold,Automotive,AED,2022-03-01,2022-03-02,40.0,1694.7,392.0,1.26,164720.55,1000.67,7,4,0.0,0.1085,0.2016,0.3084,,2,True
SHP-100270594,HMM,Jebel_Ali,Piraeus,sea,Critical_Delay,Machinery,SGD,2023-06-09,2023-06-26,420.6,15780.6,757.3,2.35,10207.84,340.35,24,4,1.3,0.0279,0.5462,0.2789,,4,True
SHP-100466201,DB_Schenker,Mundra,Rotterdam,rail,On_Schedule,Perishables,CNY,2024-05-08,2024-05-15,185.3,5428.4,10085.3,21.69,39560.02,2427.08,13,5,0.0,0.116,0.4132,0.2596,,1,True
SHP-104361609,ZIM,Tokyo,Bremen,sea,On_Schedule,Perishables,USD,2024-08-13,2024-08-26,322.5,1288.1,228740.1,1110.17,136695.91,9407.32,1,0,0.0,0.2991,0.2143,0.3747,,1,True
SHP-100869069,ZIM,Guangzhou,Dubai,sea,Delivered,Textiles,EUR,2024-07-18,2024-08-04,421.2,3918.6,48402.3,167.49,57855.08,1364.49,7,1,23.5,0.3428,0.118,0.3286,-9.3,3,True
SHP-100940531,CMA_CGM,Tokyo,Piraeus,rail,On_Schedule,Food_Beverage,GBP,2024-02-11,2024-02-17,158.3,2169.9,382.8,0.66,12810.67,134.72,10,5,0.0,0.2505,0.1163,0.2865,-3.8,4,True
SHP-102291159,Yang_Ming,Hamburg,Bremen,sea,In_Transit,Automotive,GBP,2024-04-22,2024-05-19,664.5,6667.6,3516.4,6.94,27296.94,1515.49,20,2,0.0,0.2091,0.1672,0.1086,,2,True
SHP-101883061,COSCO,Singapore,Barcelona,air,In_Transit,Machinery,AED,2024-02-17,2024-02-18,30.0,8869.8,18323.5,33.93,649759.97,13459.77,21,0,0.0,0.1193,0.2765,0.1883,,4,False
SHP-101897109,Kuehne_Nagel,Ningbo,Antwerp,sea,In_Transit,Machinery,USD,2024-02-08,2024-03-05,630.9,5604.3,7030.5,22.07,201719.65,13050.91,6,3,0.0,0.057,0.1507,0.4451,24.0,4,False
SHP-100051801,MSC,Singapore,Sydney,sea,At_Port,Perishables,USD,2023-05-14,2023-06-10,659.5,7314.6,12344.5,21.11,195508.87,9436.58,20,2,0.0,0.546,0.1028,0.0606,-13.4,2,False
SHP-101659927,DHL,Busan,Antwerp,sea,Delayed,Chemicals,EUR,2024-03-30,2024-04-18,464.2,11558.9,494.0,1.01,32144.56,603.61,24,0,46.6,0.2858,0.0363,0.2445,0.8,2,True
SHP-104745096,MSC,Tokyo,Piraeus,road,Delivered,Pharmaceuticals,EUR,2024-08-10,2024-08-17,189.6,2359.0,1990.7,3.01,70722.43,2577.25,17,0,17.5,0.2915,0.0771,0.4195,,3,True
SHP-103212872,ONE,Jebel_Ali,Hamburg,road,At_Port,Chemicals,CNY,2024-07-28,2024-08-06,220.7,498.8,1469.1,2.43,7858.71,436.95,11,3,0.0,0.0971,0.249,0.4674,-18.6,3,True
SHP-101742993,Hapag-Lloyd,Dubai,Genoa,rail,In_Transit,Raw_Materials,GBP,2022-10-17,2022-10-25,209.1,5643.6,387116.9,560.59,39116.43,3041.47,1,5,0.0,0.2771,0.3019,0.3212,27.2,2,False
SHP-103313901,ZIM,Mumbai,Los_Angeles,air,On_Schedule,Food_Beverage,AED,2023-04-09,2023-04-11,56.5,7945.1,1351.3,2.5,81352.19,4278.47,22,2,0.0,0.2979,0.3322,0.4126,,3,True
SHP-100936620,COSCO,Tanjung_Pelepas,Houston,sea,Customs_Hold,Machinery,EUR,2022-08-01,2022-08-11,258.6,18283.7,27994.5,58.76,16361.32,411.85,10,3,0.0,0.1332,0.0662,0.539,27.9,1,True
SHP-102016253,Hapag-Lloyd,Rotterdam,Genoa,sea,At_Port,Perishables,AED,2023-12-12,2023-12-20,211.3,5762.4,214.2,0.29,132649.35,7770.49,14,3,0.0,0.6556,0.4145,0.2213,,2,False
SHP-104625012,COSCO,Mundra,Savannah,rail,Delayed,Chemicals,GBP,2024-09-27,2024-09-29,56.2,6151.5,2238.8,5.87,451226.85,33454.26,7,0,19.3,0.1156,0.2592,0.387,,2,False
SHP-102429281,HMM,Jebel_Ali,Savannah,sea,Delayed,Raw_Materials,CNY,2022-08-12,2022-08-16,99.9,13087.2,956.7,4.61,362792.31,22439.01,3,0,30.9,0.1976,0.1142,0.0766,,2,True
SHP-100876890,UPS,Sydney,Rotterdam,sea,At_Port,Pharmaceuticals,GBP,2024-03-28,2024-04-19,545.5,7739.3,2864.3,11.23,1647042.41,53471.09,15,3,0.0,0.2238,0.1366,0.2931,,4,True
SHP-100046081,UPS,Tanjung_Pelepas,Savannah,air,At_Port,Perishables,CNY,2024-01-15,2024-01-16,35.0,11285.2,1681.2,2.75,669682.42,49393.54,24,3,0.0,0.1959,0.4932,0.3729,10.5,4,True
SHP-102941680,CMA_CGM,Ningbo,Miami,sea,On_Schedule,Pharmaceuticals,USD,2022-05-12,2022-05-17,139.8,11127.7,7336.5,12.09,11759.47,326.62,15,4,0.0,0.2209,0.4454,0.3401,-1.7,4,False
SHP-100745824,Evergreen,Ningbo,Baltimore,road,In_Transit,Chemicals,AED,2024-03-04,2024-03-10,144.5,414.4,1825.4,5.9,3390156.7,160399.93,19,4,0.0,0.1896,0.044,0.1858,-16.3,4,True
SHP-104863150,FedEx,Tanjung_Pelepas,Rotterdam,sea,Delayed,Electronics,GBP,2023-05-12,2023-06-03,551.5,4854.4,408.0,0.95,89661.82,1370.64,23,2,12.8,0.3698,0.5045,0.3361,,4,False
SHP-103971212,ONE,Felixstowe,Los_Angeles,sea,On_Schedule,Machinery,USD,2024-09-24,2024-10-14,493.0,2575.6,5888.3,22.31,141970.84,5712.1,24,2,0.0,0.1109,0.2429,0.1073,24.5,4,True
SHP-103966624,ONE,Jebel_Ali,Rotterdam,road,On_Schedule,Machinery,AED,2023-04-09,2023-04-10,35.1,2234.4,258.4,0.36,15255.61,947.82,11,0,0.0,0.4023,0.3894,0.4836,,3,False
SHP-104791432,Kuehne_Nagel,Melbourne,Rotterdam,air,On_Schedule,Consumer_Goods,GBP,2023-08-15,2023-08-17,52.0,8394.2,146547.5,257.28,154833.97,1713.53,24,3,0.0,0.5512,0.1712,0.1888,,3,True
SHP-102637163,UPS,Chennai,Hamburg,sea,On_Schedule,Pharmaceuticals,CNY,2024-03-08,2024-03-21,312.4,7686.7,128.1,0.25,12994.35,556.98,2,0,0.0,0.2902,0.1446,0.6546,,1,True
SHP-100757700,Hapag-Lloyd,Mundra,Mumbai,sea,On_Schedule,Machinery,USD,2023-10-16,2023-10-31,373.3,12070.4,110.7,0.23,25748.37,824.99,10,5,0.0,0.4589,0.1508,0.2576,,1,False
SHP-102000207,DB_Schenker,Felixstowe,Le_Havre,road,On_Schedule,Raw_Materials,AED,2022-03-10,2022-03-17,185.3,1742.7,873.8,1.69,1795188.04,64204.75,11,2,0.0,0.3143,0.2646,0.259,,3,True
SHP-100154706,COSCO,Chennai,Antwerp,sea,At_Port,Raw_Materials,USD,2024-01-30,2024-02-14,382.4,5492.5,11284.4,15.87,70393.9,1896.33,9,0,0.0,0.2538,0.2407,0.3684,11.6,4,True
SHP-104532059,UPS,Antwerp,Sydney,air,On_Schedule,Automotive,CNY,2023-11-21,2023-11-21,12.7,10853.0,249.1,0.59,148697.55,9361.58,2,2,0.0,0.6277,0.4708,0.7785,,4,False
SHP-103812694,Kuehne_Nagel,Busan,Valencia,sea,Delivered,Machinery,USD,2022-04-04,2022-04-11,169.1,16062.2,46.4,0.08,4944.13,231.06,2,1,2.8,0.3716,0.1029,0.1876,,1,True
SHP-100665182,UPS,Chennai,Miami,rail,Delivered,Chemicals,AED,2024-10-13,2024-10-17,120.0,3629.7,118869.7,351.14,424584.86,30997.0,5,1,52.5,0.1496,0.3802,0.1391,,3,False
SHP-100973136,ZIM,Busan,Los_Angeles,sea,In_Transit,Food_Beverage,GBP,2022-07-10,2022-07-23,322.5,4400.2,195.7,0.47,11077.81,653.49,12,5,0.0,0.3731,0.2315,0.3393,-11.6,4,False
SHP-100252553,ONE,Colombo,Savannah,sea,On_Schedule,Consumer_Goods,CNY,2022-03-13,2022-03-30,426.5,14689.8,15849.9,35.48,729121.66,51577.85,12,2,0.0,0.264,0.3493,0.3263,-0.9,4,True
SHP-104603090,Hapag-Lloyd,Dubai,Miami,sea,On_Schedule,Raw_Materials,SGD,2023-12-28,2024-01-06,225.8,2539.2,3456.7,16.27,371019.07,26485.92,13,2,0.0,0.0179,0.318,0.4172,26.4,3,False
SHP-100550759,Kuehne_Nagel,Port_Klang,Piraeus,rail,In_Transit,Electronics,GBP,2022-11-30,2022-12-07,190.5,4896.9,62377.7,156.03,120116.9,5197.49,13,0,0.0,0.1692,0.4636,0.1718,,2,True
SHP-101284083,MSC,Felixstowe,Piraeus,sea,Critical_Delay,Electronics,GBP,2023-09-08,2023-10-06,684.7,6581.6,25451.7,60.54,545203.84,21183.82,11,1,12.3,0.1401,0.0685,0.6815,25.4,2,True
SHP-101364368,DHL,Jebel_Ali,Singapore,sea,On_Schedule,Electronics,SGD,2024-10-28,2024-11-10,317.5,15903.0,19759.4,28.26,481080.25,32258.61,15,0,0.0,0.2539,0.1528,0.3355,,3,True
SHP-102910734,HMM,Dubai,Miami,sea,On_Schedule,Pharmaceuticals,GBP,2024-04-05,2024-04-14,221.3,2508.1,5539.3,13.21,38508.94,1938.74,15,0,0.0,0.1866,0.2001,0.1997,,4,True
SHP-104262951,Evergreen,Singapore,Dubai,air,Delayed,Machinery,GBP,2023-10-26,2023-10-28,50.4,4094.4,5180.4,21.85,30432.07,1312.92,18,2,49.2,0.3504,0.1666,0.2935,,2,False
SHP-104847228,DHL,Felixstowe,Baltimore,sea,At_Port,Raw_Materials,EUR,2024-07-16,2024-08-04,476.5,17053.9,101981.9,222.2,24676.59,275.66,18,0,0.0,0.2077,0.0298,0.1807,,3,False
SHP-101986514,Hapag-Lloyd,Mundra,Le_Havre,sea,In_Transit,Textiles,GBP,2023-02-24,2023-03-18,550.2,4790.7,301.8,0.71,38529.51,1662.61,3,5,0.0,0.0964,0.2566,0.2016,,4,False
SHP-100515536,Evergreen,Dubai,Le_Havre,road,On_Schedule,Electronics,CNY,2022-09-08,2022-09-14,166.7,4664.8,263325.2,623.28,1191.44,15.21,15,0,0.0,0.0192,0.0376,0.5821,-17.6,4,False
SHP-102183144,Evergreen,Melbourne,Bremen,sea,Delayed,Machinery,USD,2024-11-02,2024-11-28,640.5,15242.3,12601.2,38.71,102938.84,8182.05,3,1,55.7,0.1727,0.1704,0.2597,,3,False
SHP-103747239,COSCO,Felixstowe,Savannah,air,In_Transit,Electronics,USD,2024-10-11,2024-10-13,48.3,13796.1,9197.5,40.6,68283.96,442.17,16,0,0.0,0.5375,0.1196,0.3505,,3,False
SHP-100411867,ONE,Shanghai,Piraeus,air,On_Schedule,Consumer_Goods,GBP,2022-05-15,2022-05-16,33.7,12380.5,4786.0,9.19,222176.94,16351.44,1,3,0.0,0.5184,0.0916,0.3938,6.5,4,True
SHP-100106434,ONE,Port_Klang,Piraeus,sea,On_Schedule,Raw_Materials,USD,2022-01-31,2022-02-07,182.3,17561.4,34002.8,80.93,45143.27,615.6,11,0,0.0,0.2278,0.4238,0.3536,,3,False
SHP-100951519,COSCO,Rotterdam,Felixstowe,sea,On_Schedule,Chemicals,AED,2024-10-10,2024-11-08,708.9,1070.3,6818.7,11.07,158337.57,1843.81,14,5,0.0,0.3428,0.0842,0.4884,,1,False
SHP-103598315,Evergreen,Rotterdam,Houston,road,On_Schedule,Textiles,CNY,2023-11-28,2023-12-01,80.7,2939.0,2417.4,4.38,593120.75,14612.8,7,2,0.0,0.2853,0.0115,0.2065,-9.8,2,True
SHP-100635053,CMA_CGM,Colombo,Hamburg,rail,Delayed,Raw_Materials,AED,2022-01-31,2022-02-01,40.1,6633.8,1828.8,4.38,26601.19,368.72,24,5,1.1,0.0514,0.129,0.3957,,2,False
SHP-100624091,CMA_CGM,Tanjung_Pelepas,Houston,sea,In_Transit,Consumer_Goods,EUR,2024-12-24,2025-01-13,497.3,8178.1,850.1,1.25,64427.75,4325.63,12,2,0.0,0.3929,0.7191,0.3476,12.9,1,True
SHP-100704790,ONE,Busan,Los_Angeles,air,On_Schedule,Raw_Materials,AED,2023-10-22,2023-10-23,33.7,6036.5,216.7,1.08,28092.28,1515.58,15,2,0.0,0.2068,0.1483,0.1335,,3,True
SHP-100772299,Kuehne_Nagel,Busan,Piraeus,sea,In_Transit,Textiles,SGD,2024-03-26,2024-03-31,141.8,6211.3,288.2,0.37,396779.13,30191.27,4,4,0.0,0.491,0.419,0.4362,,1,True
SHP-101178291,DHL,Chennai,Dubai,air,In_Transit,Perishables,GBP,2024-02-01,2024-02-02,28.9,12673.8,1471.3,1.87,273746.1,16319.49,2,0,0.0,0.2566,0.3139,0.2208,5.1,2,True
SHP-100648878,ONE,Ningbo,Rotterdam,rail,At_Port,Electronics,EUR,2024-05-27,2024-06-02,167.1,7438.5,3129.0,5.89,451942.97,10505.98,20,2,0.0,0.5131,0.0522,0.2576,,3,False
SHP-104790315,Yang_Ming,Felixstowe,Bremen,sea,Customs_Hold,Electronics,CNY,2022-03-27,2022-04-17,515.8,17734.3,126.2,0.4,211603.01,7834.01,15,1,0.0,0.1269,0.005,0.0772,26.5,4,True
SHP-104373122,Yang_Ming,Mundra,Miami,sea,Customs_Hold,Food_Beverage,USD,2023-05-08,2023-06-02,617.5,892.9,50629.1,122.26,199917.85,10591.22,17,3,0.0,0.6989,0.2545,0.2196,,1,True
SHP-101018250,MSC,Mumbai,Felixstowe,sea,In_Transit,Automotive,USD,2024-02-12,2024-03-07,593.8,13144.7,2044.3,4.56,155190.44,11971.08,24,1,0.0,0.3099,0.0659,0.5207,14.5,2,True
SHP-102190737,Hapag-Lloyd,Colombo,Bremen,air,On_Schedule,Machinery,EUR,2023-07-25,2023-07-26,25.0,6995.5,45241.6,114.99,1517871.42,39322.67,4,1,0.0,0.2256,0.0555,0.5862,,4,False
SHP-101624190,MSC,Dubai,Valencia,sea,In_Transit,Chemicals,GBP,2024-07-25,2024-08-09,364.0,13875.0,1428.9,4.65,5968.76,422.12,15,0,0.0,0.1161,0.3172,0.6118,,3,False
SHP-101975039,DHL,Tokyo,Hamburg,rail,Delayed,Textiles,SGD,2023-03-16,2023-03-22,164.9,6886.5,476.2,2.0,28421.86,1497.94,18,3,2.8,0.0268,0.0686,0.2954,,2,True
SHP-103809038,ONE,Busan,Valencia,sea,Delivered,Automotive,CNY,2022-03-29,2022-04-04,148.4,16981.3,2130.6,3.3,15181.17,972.04,12,2,11.2,0.2236,0.2153,0.1095,-19.5,2,False
SHP-100868306,Maersk,Singapore,Sydney,road,On_Schedule,Automotive,EUR,2024-09-25,2024-09-27,70.0,2480.9,495.6,1.03,116544.68,1540.67,4,0,0.0,0.0781,0.1966,0.2181,,3,True
SHP-102916598,CMA_CGM,Rotterdam,Bremen,rail,Critical_Delay,Perishables,SGD,2023-01-27,2023-02-04,210.3,4085.6,1116.6,1.98,666.93,25.96,24,1,4.3,0.2878,0.3576,0.3706,12.1,4,True
SHP-100032251,ZIM,Tokyo,Singapore,sea,In_Transit,Automotive,GBP,2023-10-28,2023-11-07,252.8,7721.2,101.5,0.22,107243.33,1406.11,7,5,0.0,0.5164,0.2758,0.1377,2.6,2,False
SHP-101110848,DHL,Mumbai,Barcelona,sea,On_Schedule,Machinery,SGD,2023-03-21,2023-03-28,187.0,21565.6,41158.7,56.51,11216.55,62.37,5,0,0.0,0.2371,0.1564,0.4601,,3,True
SHP-104933744,HMM,Felixstowe,Singapore,sea,On_Schedule,Textiles,GBP,2024-07-16,2024-07-26,240.1,1321.7,77.7,0.13,94546.65,1814.57,19,3,0.0,0.2945,0.3998,0.3461,12.8,2,True
SHP-101531336,Kuehne_Nagel,Guangzhou,New_York,sea,Delayed,Raw_Materials,SGD,2024-12-08,2025-01-03,631.6,13538.9,211.1,0.83,42949.66,1790.64,13,4,17.8,0.1655,0.0426,0.3205,,4,False
SHP-100333190,DHL,Colombo,Bremen,sea,On_Schedule,Textiles,GBP,2024-12-02,2024-12-26,579.5,16024.5,32.9,0.1,1458187.85,33257.02,15,5,0.0,0.474,0.5287,0.6392,,4,True
SHP-101979191,Evergreen,Singapore,Valencia,road,On_Schedule,Raw_Materials,AED,2022-11-19,2022-11-20,38.1,3500.8,1864.6,3.85,47166.46,1892.6,20,2,0.0,0.4539,0.2302,0.2839,,1,True
SHP-100140107,UPS,Mumbai,Miami,sea,Delayed,Textiles,SGD,2022-07-27,2022-08-18,542.6,1164.8,352.4,0.54,20735.66,1191.03,23,2,15.2,0.3275,0.4108,0.3199,,4,False
SHP-104009519,UPS,Chennai,Valencia,sea,On_Schedule,Automotive,AED,2022-03-09,2022-03-27,451.2,13659.9,49.2,0.07,42280.96,869.61,15,4,0.0,0.4473,0.1083,0.5941,,1,True
SHP-101680180,Evergreen,Melbourne,Barcelona,sea,On_Schedule,Food_Beverage,USD,2023-02-02,2023-02-17,380.6,7571.0,1798.3,3.3,126226.06,2396.05,23,1,0.0,0.1513,0.0663,0.3017,-19.3,2,True
SHP-102890087,COSCO,Jebel_Ali,Sydney,air,On_Schedule,Pharmaceuticals,CNY,2023-04-19,2023-04-21,56.0,4575.4,1356.5,5.77,55859.25,787.11,24,5,0.0,0.6809,0.0515,0.6155,,1,True
SHP-104136836,ZIM,Singapore,Sydney,sea,On_Schedule,Raw_Materials,USD,2022-11-24,2022-12-04,253.7,5634.8,6440.2,27.36,1112418.44,72784.87,18,1,0.0,0.2403,0.1982,0.3978,,4,True
SHP-101651934,Hapag-Lloyd,Tanjung_Pelepas,Sydney,air,In_Transit,Electronics,GBP,2024-11-30,2024-12-02,54.8,12826.0,731.6,1.21,6195078.59,142773.56,15,3,0.0,0.4344,0.0843,0.4144,,3,False
SHP-101821992,Kuehne_Nagel,Mundra,Baltimore,sea,On_Schedule,Pharmaceuticals,SGD,2022-09-11,2022-10-02,504.6,7107.3,1530.6,3.79,70576.03,4965.64,13,4,0.0,0.4394,0.0084,0.5227,,3,False
SHP-100931381,Yang_Ming,Tanjung_Pelepas,Antwerp,sea,Customs_Hold,Chemicals,USD,2023-05-04,2023-05-08,109.1,7502.8,1576.5,2.18,160824.67,1685.02,14,4,0.0,0.1829,0.3041,0.3371,,4,True
SHP-104467536,ZIM,Rotterdam,Miami,rail,At_Port,Perishables,USD,2024-12-12,2024-12-17,128.0,825.7,114.3,0.29,484949.1,32014.47,23,1,0.0,0.3994,0.3183,0.4632,,2,False
SHP-101265685,Hapag-Lloyd,Busan,New_York,air,On_Schedule,Electronics,AED,2023-03-10,2023-03-12,56.3,11918.8,3750.0,13.54,1813708.3,29938.8,17,4,0.0,0.5653,0.174,0.0585,19.7,1,False
SHP-100938484,FedEx,Ningbo,Valencia,air,Delivered,Textiles,USD,2023-07-23,2023-07-23,16.9,13325.3,1212.7,1.57,710519.4,16866.02,3,0,6.2,0.4225,0.2941,0.5434,-0.7,4,False
SHP-103587166,DHL,Mundra,Savannah,road,At_Port,Perishables,CNY,2024-06-09,2024-06-15,152.2,2307.1,16317.7,40.2,85670.26,2032.5,5,1,0.0,0.0217,0.3843,0.3824,,3,True
SHP-102111970,HMM,Busan,Savannah,air,In_Transit,Perishables,AED,2022-12-18,2022-12-19,35.6,5879.5,1043.9,1.45,727537.24,54889.33,12,4,0.0,0.4429,0.0316,0.5341,,3,True
SHP-102750483,FedEx,Jebel_Ali,Rotterdam,sea,On_Schedule,Machinery,AED,2023-11-09,2023-11-14,126.8,4198.9,1407.3,2.3,10651.69,299.39,10,1,0.0,0.6003,0.1252,0.2902,,2,True
SHP-102353796,HMM,Mumbai,Valencia,air,On_Schedule,Machinery,SGD,2022-07-17,2022-07-17,15.7,9331.8,1257.3,2.72,58802.04,4586.05,1,5,0.0,0.324,0.0814,0.1324,,3,False
SHP-101716403,Evergreen,Jebel_Ali,Le_Havre,sea,On_Schedule,Consumer_Goods,AED,2022-07-13,2022-08-06,589.8,20659.3,611.5,1.56,102919.02,5245.32,23,0,0.0,0.3268,0.5472,0.2386,-4.1,3,True
SHP-101213765,DHL,Guangzhou,New_York,sea,Delivered,Pharmaceuticals,AED,2024-07-14,2024-08-03,500.9,9548.5,11651.6,32.22,15833.6,924.78,15,1,11.6,0.0828,0.0819,0.4351,,1,False
SHP-104231441,Hapag-Lloyd,Port_Klang,Los_Angeles,sea,At_Port,Automotive,AED,2023-11-26,2023-12-06,256.1,14688.2,60056.6,90.16,303108.45,5017.93,1,3,0.0,0.3604,0.1166,0.2695,24.1,1,True
SHP-103785135,CMA_CGM,Hamburg,Savannah,sea,Critical_Delay,Food_Beverage,GBP,2022-12-19,2023-01-06,444.8,20187.6,2029.2,7.19,254858.94,14257.81,15,4,4.5,0.3589,0.1775,0.4762,29.6,3,True
SHP-103061067,Hapag-Lloyd,Singapore,Rotterdam,sea,Delayed,Chemicals,GBP,2023-05-28,2023-06-04,177.5,10094.5,18293.5,26.95,6815.97,305.53,2,5,13.3,0.5768,0.0707,0.4042,14.8,1,True
SHP-100360470,COSCO,Busan,Valencia,sea,Customs_Hold,Perishables,SGD,2022-01-11,2022-02-09,707.0,13488.0,1735.2,4.66,18574.4,130.07,7,4,0.0,0.2149,0.0954,0.1678,3.9,3,False
SHP-102684690,Yang_Ming,Tokyo,Antwerp,air,In_Transit,Consumer_Goods,CNY,2023-07-21,2023-07-23,55.8,13410.8,1057.4,1.33,223489.52,4727.73,18,0,0.0,0.0932,0.1917,0.7182,-14.3,1,True
SHP-100204300,Hapag-Lloyd,Guangzhou,Mumbai,sea,On_Schedule,Machinery,USD,2022-10-03,2022-11-01,714.3,20722.4,1567.6,2.31,160233.91,5143.32,9,2,0.0,0.4939,0.3554,0.1586,,1,False
SHP-100730041,COSCO,Tokyo,Genoa,sea,On_Schedule,Perishables,AED,2023-02-08,2023-02-17,237.3,13957.9,49050.8,73.64,1577.84,33.79,2,5,0.0,0.2651,0.2641,0.3228,,4,False
SHP-103826309,HMM,Antwerp,Los_Angeles,air,On_Schedule,Perishables,USD,2023-12-14,2023-12-15,26.9,3191.8,3054.7,7.95,4788037.14,193016.6,10,3,0.0,0.1121,0.0287,0.4061,,4,True
SHP-104581735,Maersk,Port_Klang,Genoa,sea,In_Transit,Textiles,EUR,2023-03-29,2023-04-15,410.8,13992.0,42777.7,82.84,3210.4,163.92,20,5,0.0,0.0576,0.2194,0.4573,,2,True
SHP-104800409,HMM,Ningbo,Felixstowe,sea,On_Schedule,Food_Beverage,AED,2022-10-23,2022-11-02,260.7,9097.7,426.7,0.63,598145.26,15677.0,10,1,0.0,0.216,0.1818,0.2407,,3,False
SHP-104394686,Hapag-Lloyd,Melbourne,Dubai,road,On_Schedule,Electronics,USD,2022-08-10,2022-08-18,206.5,3278.4,6546.9,12.27,3578.85,66.42,4,3,0.0,0.5176,0.1768,0.3336,,4,True
SHP-104262498,ONE,Dubai,Hamburg,air,Delayed,Pharmaceuticals,EUR,2023-12-03,2023-12-03,12.5,2144.1,1881.7,2.62,3609179.12,224285.7,23,3,45.4,0.0113,0.037,0.3437,,4,False
SHP-101142820,Kuehne_Nagel,Singapore,Antwerp,sea,Delayed,Chemicals,CNY,2022-09-14,2022-10-03,469.1,1091.8,4645.1,6.7,33971.26,2307.07,7,1,1.3,0.2929,0.0791,0.4602,,2,False
SHP-100131016,Maersk,Chennai,Dubai,air,On_Schedule,Automotive,EUR,2022-10-23,2022-10-24,26.2,1807.7,1678.2,2.36,45207.55,2660.87,4,2,0.0,0.1325,0.1717,0.4141,21.1,3,False
SHP-100322893,DHL,Ningbo,Baltimore,sea,At_Port,Textiles,EUR,2022-09-20,2022-10-06,395.3,21642.0,246.0,0.45,143358.73,8502.43,5,3,0.0,0.2122,0.3728,0.3933,,4,True
SHP-104032994,COSCO,Ningbo,Barcelona,sea,In_Transit,Chemicals,SGD,2024-08-02,2024-08-06,101.6,9074.0,445.0,0.61,43199.32,461.4,7,1,0.0,0.4524,0.1641,0.2614,21.1,3,True
SHP-104524506,Maersk,Tanjung_Pelepas,Genoa,sea,In_Transit,Consumer_Goods,EUR,2022-05-31,2022-06-17,429.5,1410.4,4625.4,12.19,343949.21,26954.24,6,2,0.0,0.6219,0.2985,0.2114,20.8,2,False
SHP-103021145,FedEx,Shanghai,Rotterdam,sea,Customs_Hold,Machinery,SGD,2023-01-20,2023-01-29,227.8,8181.2,62502.8,208.79,3164.25,94.14,8,4,0.0,0.2109,0.1414,0.3578,25.4,1,True
SHP-100324246,HMM,Rotterdam,Hamburg,sea,At_Port,Electronics,SGD,2022-03-07,2022-03-16,219.7,14824.8,689.1,2.81,678953.11,43326.71,23,5,0.0,0.1007,0.0264,0.2968,19.8,2,False
SHP-100527725,Maersk,Port_Klang,Genoa,air,In_Transit,Raw_Materials,GBP,2022-03-10,2022-03-12,57.3,2965.3,6849.7,29.48,82167.87,723.6,6,5,0.0,0.3038,0.0132,0.0962,,3,False
SHP-101524526,ONE,Busan,Mumbai,sea,At_Port,Pharmaceuticals,AED,2023-04-16,2023-05-12,647.5,7183.5,698.2,1.68,41738.04,2609.99,2,5,0.0,0.2082,0.3439,0.3654,27.9,3,True
SHP-100759079,MSC,Mumbai,Piraeus,sea,In_Transit,Textiles,GBP,2022-03-18,2022-04-10,571.3,10267.5,396.4,0.67,28073.54,1747.28,9,3,0.0,0.2021,0.3551,0.3926,,3,False
SHP-101955286,MSC,Mumbai,Mumbai,road,Customs_Hold,Food_Beverage,AED,2023-04-29,2023-05-03,107.5,2650.8,21082.7,73.13,37828.59,1502.71,4,4,0.0,0.1561,0.3988,0.5012,,2,False
SHP-103054424,MSC,Colombo,Antwerp,sea,On_Schedule,Automotive,AED,2023-07-16,2023-07-24,197.2,16787.1,41624.4,137.06,863113.96,60788.06,22,1,0.0,0.4022,0.1946,0.2187,20.0,1,False
SHP-101794766,Maersk,Port_Klang,Singapore,air,Delayed,Pharmaceuticals,SGD,2023-05-20,2023-05-21,24.8,12793.7,1337.0,2.52,77037.2,2638.08,15,3,26.7,0.2962,0.1188,0.5596,13.8,4,True
SHP-100872231,HMM,Mundra,Bremen,sea,At_Port,Textiles,AED,2022-02-28,2022-03-26,646.5,20226.3,106.1,0.14,765889.73,33776.39,4,1,0.0,0.1255,0.122,0.1677,27.8,3,False
SHP-103264144,HMM,Colombo,Baltimore,road,On_Schedule,Raw_Materials,AED,2023-08-04,2023-08-13,238.9,3721.8,18189.7,33.92,1759841.93,110038.75,22,0,0.0,0.42,0.2452,0.373,,3,False
SHP-102076883,COSCO,Mundra,Mumbai,sea,At_Port,Food_Beverage,USD,2024-08-27,2024-09-13,415.7,21938.7,38435.1,138.4,913874.83,39533.43,12,2,0.0,0.2325,0.0383,0.5477,-15.3,1,False
SHP-103327270,CMA_CGM,Colombo,Genoa,road,On_Schedule,Perishables,GBP,2024-09-30,2024-10-04,106.4,1517.2,366.4,0.77,15280.78,97.5,6,2,0.0,0.3232,0.2212,0.6549,,1,False
SHP-102533318,UPS,Ningbo,Genoa,sea,On_Schedule,Machinery,GBP,2023-05-24,2023-06-12,470.5,17323.9,807.0,1.16,76009.38,4034.94,20,5,0.0,0.1207,0.5756,0.2277,,1,False
SHP-101668804,Maersk,Shanghai,Houston,road,On_Schedule,Automotive,CNY,2024-04-02,2024-04-06,107.2,815.0,259.9,0.77,641991.03,36982.15,2,2,0.0,0.1018,0.083,0.2897,,2,False
SHP-104438728,Hapag-Lloyd,Guangzhou,Dubai,sea,Delayed,Consumer_Goods,USD,2022-08-02,2022-08-31,703.2,14381.9,3552.0,4.68,14755.09,848.29,19,5,13.9,0.1877,0.0969,0.4028,,2,False
SHP-102889428,DB_Schenker,Tokyo,Antwerp,road,In_Transit,Chemicals,USD,2023-07-22,2023-07-28,156.9,3681.8,6720.4,22.88,37055.43,2392.28,15,5,0.0,0.338,0.3877,0.1996,-16.5,3,False
SHP-101987640,Maersk,Chennai,Baltimore,rail,On_Schedule,Electronics,GBP,2024-07-17,2024-07-20,80.8,5828.1,1518.2,2.33,201599.39,1647.48,12,3,0.0,0.4457,0.0644,0.3712,-7.0,1,True
SHP-103891424,CMA_CGM,Port_Klang,Rotterdam,sea,In_Transit,Perishables,EUR,2024-09-28,2024-10-16,435.9,14844.4,15825.7,33.44,278757.12,7127.05,2,4,0.0,0.3396,0.0153,0.1994,,4,False
SHP-103274362,ZIM,Port_Klang,Le_Havre,sea,In_Transit,Automotive,CNY,2023-01-05,2023-01-17,297.2,8756.6,3865.6,10.59,1479627.18,50502.27,17,2,0.0,0.2601,0.0954,0.3988,,1,False
SHP-104844670,FedEx,Port_Klang,Singapore,air,On_Schedule,Machinery,CNY,2023-03-09,2023-03-10,30.1,1531.8,46.2,0.08,978490.92,17480.98,17,3,0.0,0.2691,0.1007,0.1866,,3,True
SHP-104259048,Evergreen,Ningbo,Antwerp,sea,On_Schedule,Perishables,GBP,2023-07-20,2023-08-03,356.2,12113.1,19885.3,33.31,631860.59,37663.89,9,4,0.0,0.0779,0.132,0.2172,,3,True
SHP-102377024,MSC,Rotterdam,Hamburg,sea,Customs_Hold,Textiles,USD,2023-05-08,2023-05-28,489.0,9287.1,1245.8,2.16,182783.26,4269.53,4,4,0.0,0.2249,0.1914,0.5432,21.6,3,True
SHP-102258599,UPS,Chennai,Savannah,sea,On_Schedule,Automotive,SGD,2024-11-26,2024-12-08,289.2,16930.0,33975.9,109.0,9640.33,260.81,14,3,0.0,0.234,0.1024,0.383,,1,False
SHP-100884358,Maersk,Antwerp,New_York,sea,On_Schedule,Consumer_Goods,USD,2022-11-12,2022-12-01,458.2,7841.9,661.0,2.61,454774.72,23609.0,3,0,0.0,0.2786,0.1378,0.1492,,4,True
SHP-104298043,Yang_Ming,Guangzhou,Dubai,rail,On_Schedule,Electronics,SGD,2024-04-22,2024-04-28,151.6,5605.0,2736.9,4.48,386861.66,27399.47,6,3,0.0,0.6411,0.0786,0.1588,,1,False
SHP-104934034,DHL,Shanghai,Miami,air,Customs_Hold,Machinery,EUR,2022-10-21,2022-10-23,66.5,13824.2,2055.7,8.24,48201.02,1123.87,5,3,0.0,0.2872,0.2859,0.2788,,2,True
SHP-103508370,Evergreen,Tokyo,Hamburg,sea,On_Schedule,Machinery,EUR,2022-01-21,2022-01-30,220.7,6196.5,1171.6,1.93,10440.85,742.04,16,4,0.0,0.1288,0.0419,0.0924,26.6,4,True
SHP-101137726,Yang_Ming,Singapore,Mumbai,sea,Customs_Hold,Pharmaceuticals,SGD,2023-07-31,2023-08-11,286.0,19147.4,9679.3,12.71,204643.47,10460.85,16,4,0.0,0.1809,0.1363,0.2556,,2,False
SHP-103815894,Evergreen,Ningbo,Antwerp,rail,At_Port,Textiles,SGD,2022-07-31,2022-08-02,70.3,4049.9,447.4,0.74,59848.42,4639.5,5,0,0.0,0.3927,0.0635,0.6981,-3.3,4,False
SHP-102887937,HMM,Ningbo,Los_Angeles,road,In_Transit,Electronics,SGD,2024-04-01,2024-04-09,194.9,6955.5,45033.4,62.85,51255.55,1982.7,8,1,0.0,0.3255,0.0679,0.4224,,1,True
SHP-101432360,MSC,Busan,Valencia,sea,In_Transit,Electronics,AED,2022-08-05,2022-08-22,408.3,6534.2,5488.5,7.28,242232.42,6838.12,9,0,0.0,0.2201,0.0542,0.4232,,3,True
SHP-101026145,UPS,Colombo,Los_Angeles,rail,On_Schedule,Perishables,USD,2023-03-22,2023-03-23,24.2,743.4,3876.7,8.95,32313.02,183.49,6,3,0.0,0.5043,0.1752,0.3283,,1,False
SHP-104548283,HMM,Melbourne,Mumbai,air,Delayed,Electronics,CNY,2024-02-12,2024-02-14,61.2,9835.9,1054.6,3.33,55957.11,2851.17,23,4,34.2,0.1685,0.3493,0.3379,,1,True
SHP-104341786,Hapag-Lloyd,Jebel_Ali,Mumbai,rail,Critical_Delay,Automotive,AED,2022-02-27,2022-03-08,226.8,5690.1,4791.9,6.84,705938.13,38084.01,12,2,19.0,0.3667,0.3713,0.2623,,2,True
SHP-101053196,ONE,Mumbai,Genoa,sea,Delayed,Food_Beverage,AED,2022-04-13,2022-05-06,572.3,2406.9,300.8,0.53,116046.75,8933.16,2,5,19.0,0.2814,0.0643,0.4691,,4,False
SHP-103544150,Yang_Ming,Dubai,Miami,road,At_Port,Electronics,USD,2024-10-19,2024-10-26,169.1,1187.9,184.8,0.27,249709.18,12334.02,18,5,0.0,0.1087,0.0445,0.7259,,1,False
SHP-102700147,Kuehne_Nagel,Tokyo,Dubai,rail,In_Transit,Food_Beverage,USD,2022-03-17,2022-03-24,191.6,1202.3,2118.6,4.72,210803.64,12801.49,9,5,0.0,0.2609,0.0885,0.3179,,4,False
SHP-104085226,ONE,Mumbai,Antwerp,air,On_Schedule,Consumer_Goods,USD,2024-11-10,2024-11-12,58.1,3575.0,835.2,1.11,24230.97,254.98,21,5,0.0,0.0676,0.3268,0.1063,,1,True
SHP-100753585,DB_Schenker,Tanjung_Pelepas,Antwerp,sea,On_Schedule,Textiles,AED,2024-05-12,2024-05-31,462.0,16356.7,2956.5,5.16,63564.33,3669.29,8,2,0.0,0.2035,0.0721,0.3506,,2,False
SHP-103785033,DHL,Tanjung_Pelepas,Rotterdam,sea,In_Transit,Textiles,EUR,2022-01-21,2022-02-06,385.5,16615.7,790.1,1.26,22249.66,961.29,11,3,0.0,0.1751,0.164,0.1104,,3,False
SHP-104226906,UPS,Shanghai,Miami,sea,On_Schedule,Perishables,EUR,2023-05-13,2023-06-05,554.2,19859.2,1325.0,2.09,2532.0,33.23,9,1,0.0,0.3215,0.2244,0.4247,,4,False
SHP-104481628,MSC,Chennai,Los_Angeles,road,On_Schedule,Chemicals,CNY,2023-03-31,2023-04-02,64.0,1730.7,28598.9,44.01,3056.51,114.45,22,3,0.0,0.2919,0.15,0.5767,19.2,3,True
SHP-101364688,HMM,Dubai,Barcelona,road,In_Transit,Consumer_Goods,SGD,2024-03-28,2024-04-04,170.2,6122.1,6316.7,10.8,15868.36,771.45,23,4,0.0,0.2757,0.0619,0.4575,,4,False
SHP-103964317,HMM,Guangzhou,Barcelona,air,In_Transit,Consumer_Goods,EUR,2023-08-26,2023-08-28,60.2,11310.5,340.4,1.14,967.18,61.85,5,0,0.0,0.2212,0.3311,0.2141,,3,True
SHP-104501636,MSC,Melbourne,Antwerp,sea,Customs_Hold,Perishables,AED,2022-10-30,2022-11-14,378.5,3834.4,14159.2,43.67,112699.17,3781.05,23,4,0.0,0.4385,0.1128,0.1207,,4,False
SHP-101730026,HMM,Colombo,Bremen,air,On_Schedule,Machinery,GBP,2024-09-23,2024-09-25,71.8,14813.2,12.4,0.06,62083.92,1380.2,19,4,0.0,0.7442,0.0105,0.1729,,4,False
SHP-102408460,UPS,Chennai,Le_Havre,air,Customs_Hold,Electronics,SGD,2022-08-04,2022-08-06,63.5,6578.0,1003.1,2.59,5891.01,153.79,14,4,0.0,0.1681,0.2578,0.3478,,1,False
SHP-102895206,DHL,Felixstowe,Piraeus,sea,On_Schedule,Textiles,USD,2024-06-19,2024-07-18,718.0,12970.2,173.1,0.26,922439.02,8883.21,11,1,0.0,0.2606,0.3661,0.4955,,2,False
SHP-104227443,Hapag-Lloyd,Sydney,Valencia,rail,On_Schedule,Chemicals,CNY,2023-05-30,2023-05-31,44.6,2889.4,1015.3,2.58,278245.44,5838.21,1,0,0.0,0.3657,0.4945,0.2906,26.3,3,False
SHP-101272926,CMA_CGM,Felixstowe,Houston,sea,At_Port,Automotive,SGD,2022-05-09,2022-05-27,449.4,894.9,27585.5,84.38,51833.49,2252.59,21,1,0.0,0.2386,0.2343,0.1155,,3,True
SHP-104248479,ZIM,Tanjung_Pelepas,Rotterdam,road,Delayed,Pharmaceuticals,GBP,2023-08-15,2023-08-21,159.4,1530.4,145.1,0.25,6412.12,131.94,11,0,57.3,0.7169,0.1485,0.3759,,1,False
SHP-102030557,Maersk,Dubai,Barcelona,sea,On_Schedule,Pharmaceuticals,SGD,2022-11-09,2022-11-15,158.6,15538.2,1284.4,5.57,181424.52,4131.82,5,1,0.0,0.0717,0.3118,0.4654,,4,False
SHP-103854762,Evergreen,Ningbo,Felixstowe,rail,On_Schedule,Pharmaceuticals,USD,2024-02-04,2024-02-07,77.4,7381.9,897.7,2.13,2499691.09,129188.27,21,4,0.0,0.2478,0.5016,0.2667,,3,False
SHP-102412955,DHL,Chennai,Genoa,rail,On_Schedule,Perishables,CNY,2022-03-07,2022-03-12,132.6,2119.1,3539.7,4.77,289129.91,8992.36,7,3,0.0,0.5483,0.0189,0.1684,28.6,4,True
SHP-100997545,Evergreen,Shanghai,Bremen,sea,Delayed,Electronics,USD,2022-07-19,2022-08-03,365.8,13709.1,261896.3,565.21,72317.61,4709.07,17,2,17.3,0.2272,0.1776,0.2524,,4,True
SHP-102746468,Evergreen,Shanghai,Baltimore,air,In_Transit,Textiles,SGD,2023-04-03,2023-04-04,29.6,3537.2,1465.0,2.95,70993.35,4840.25,6,3,0.0,0.1455,0.1426,0.3522,,2,False
SHP-102486907,FedEx,Hamburg,Dubai,air,On_Schedule,Raw_Materials,CNY,2024-09-26,2024-09-28,64.9,10907.0,203.7,0.36,31735.98,208.42,7,1,0.0,0.1865,0.0718,0.2165,,1,True
SHP-100286557,DHL,Tokyo,Rotterdam,road,At_Port,Food_Beverage,EUR,2024-02-29,2024-03-05,125.7,2542.2,1225.4,1.59,25905.1,901.6,22,0,0.0,0.2286,0.0892,0.2291,,4,True
SHP-100858236,DHL,Tanjung_Pelepas,Singapore,sea,On_Schedule,Chemicals,AED,2022-09-24,2022-10-05,276.0,9629.9,1513.9,6.09,26354.25,1207.99,1,2,0.0,0.4039,0.3532,0.4012,-0.6,3,False
SHP-103633323,Kuehne_Nagel,Hamburg,Antwerp,air,Customs_Hold,Raw_Materials,GBP,2024-05-24,2024-05-25,30.9,11082.9,1521.4,4.12,52306.37,977.49,23,0,0.0,0.3283,0.108,0.4801,,4,False
SHP-101929377,MSC,Tokyo,Dubai,road,Customs_Hold,Consumer_Goods,USD,2023-10-13,2023-10-19,151.1,6318.6,5233.9,6.71,166447.53,2196.52,3,1,0.0,0.0287,0.136,0.2158,,1,True
SHP-103844049,CMA_CGM,Sydney,Genoa,road,At_Port,Automotive,GBP,2024-10-16,2024-10-24,208.3,2189.3,111.5,0.3,70718.98,1804.71,9,4,0.0,0.2487,0.0241,0.249,20.4,2,True
SHP-102094571,Kuehne_Nagel,Shanghai,Antwerp,air,On_Schedule,Chemicals,EUR,2024-08-29,2024-08-31,66.4,1138.7,2568.6,3.37,246637.03,2168.69,16,1,0.0,0.2043,0.0479,0.4245,,3,True
SHP-104106550,FedEx,Felixstowe,Valencia,sea,In_Transit,Machinery,SGD,2023-06-15,2023-06-23,215.8,20882.5,16476.5,80.35,144606.82,11192.37,22,3,0.0,0.4122,0.2076,0.4414,,2,True
SHP-100919712,ZIM,Ningbo,Houston,sea,In_Transit,Pharmaceuticals,AED,2023-09-16,2023-10-02,407.2,5026.5,331.0,0.96,6670.9,282.79,23,4,0.0,0.3114,0.2531,0.4118,-2.4,4,True
SHP-100116545,Maersk,Singapore,Savannah,rail,In_Transit,Textiles,SGD,2022-01-22,2022-01-28,160.5,4543.2,7485.0,20.59,3122874.35,121042.58,9,5,0.0,0.0106,0.2241,0.3106,-0.4,1,False
